"TimeCreated","Id","LevelDisplayName","ProviderName","Message"
"08.09.2026 21:59:52","203","Ошибка","Microsoft-Windows-Diagnostics-Performance","Эта служба вызвала замедление процесса завершения работы системы: 
    Имя файла		:	DPS
    Понятное имя		:	Служба политики диагностики WDI
    Версия		:	10.0.19041.4522 (WinBuild.160101.0800)
    Общее время		:	4959мс
    Время замедления	:	4543мс
    Время события (UTC)	:	‎2026‎-‎09‎-‎08T16:52:25.168346400Z"
"08.09.2026 21:59:52","200","Предупреждение","Microsoft-Windows-Diagnostics-Performance","Завершение работы Windows 
    Продолжительность завершения работы	:	13197мс
    IsDegradation		:	false
    Время события (UTC)	:	‎2026‎-‎09‎-‎08T16:52:25.168346400Z"
"04.09.2026 21:28:28","200","Предупреждение","Microsoft-Windows-Diagnostics-Performance","Завершение работы Windows 
    Продолжительность завершения работы	:	18187мс
    IsDegradation		:	false
    Время события (UTC)	:	‎2026‎-‎09‎-‎04T09:14:32.808851900Z"
"01.09.2026 1:59:45","200","Предупреждение","Microsoft-Windows-Diagnostics-Performance","Завершение работы Windows 
    Продолжительность завершения работы	:	16767мс
    IsDegradation		:	false
    Время события (UTC)	:	‎2026‎-‎08‎-‎31T20:56:25.652236000Z"
"28.08.2026 14:18:19","101","Предупреждение","Microsoft-Windows-Diagnostics-Performance","Это приложение загружалось дольше обычного, что привело к замедлению процесса запуска системы: 
    Имя файла		:	nvngx_update.exe
    Понятное имя		:	NGX Updater
    Версия		:	32.0.15.9144
    Общее время		:	2902мс
    Время замедления	:	1638мс
    Время события (UTC)	:	‎2026‎-‎08‎-‎28T09:15:04.954235500Z"
"28.08.2026 14:18:19","100","Ошибка","Microsoft-Windows-Diagnostics-Performance","Windows запущена: 
     Длительность загрузки		:	118010ms
     IsDegradation		:	false
     Время события (UTC)	:	‎2026‎-‎08‎-‎28T09:15:04.954235500Z"
"28.08.2026 14:18:08","200","Предупреждение","Microsoft-Windows-Diagnostics-Performance","Завершение работы Windows 
    Продолжительность завершения работы	:	19648мс
    IsDegradation		:	false
    Время события (UTC)	:	‎2026‎-‎08‎-‎28T09:14:21.806666700Z"
"27.08.2026 13:46:44","101","Предупреждение","Microsoft-Windows-Diagnostics-Performance","Это приложение загружалось дольше обычного, что привело к замедлению процесса запуска системы: 
    Имя файла		:	uTorrent.exe
    Понятное имя		:	
    Версия		:	
    Общее время		:	44312мс
    Время замедления	:	39312мс
    Время события (UTC)	:	‎2026‎-‎08‎-‎27T08:43:34.953728200Z"
"27.08.2026 13:46:44","100","Критический","Microsoft-Windows-Diagnostics-Performance","Windows запущена: 
     Длительность загрузки		:	181308ms
     IsDegradation		:	true
     Время события (UTC)	:	‎2026‎-‎08‎-‎27T08:43:34.953728200Z"
"27.08.2026 13:46:39","200","Предупреждение","Microsoft-Windows-Diagnostics-Performance","Завершение работы Windows 
    Продолжительность завершения работы	:	15366мс
    IsDegradation		:	true
    Время события (UTC)	:	‎2026‎-‎08‎-‎27T08:42:54.849948900Z"
"26.08.2026 9:21:06","110","Предупреждение","Microsoft-Windows-Diagnostics-Performance","Инициализация диспетчера сеанса вызвала замедление процесса запуска: 
    Имя		:	SMSSInit
    Общее время		:	24481мс
    Время замедления	:	18569мс
    Время события (UTC)	:	‎2026‎-‎08‎-‎26T04:18:19.969515700Z"
"26.08.2026 9:21:06","100","Ошибка","Microsoft-Windows-Diagnostics-Performance","Windows запущена: 
     Длительность загрузки		:	92437ms
     IsDegradation		:	false
     Время события (UTC)	:	‎2026‎-‎08‎-‎26T04:18:19.969515700Z"
"26.08.2026 9:21:02","200","Предупреждение","Microsoft-Windows-Diagnostics-Performance","Завершение работы Windows 
    Продолжительность завершения работы	:	36237мс
    IsDegradation		:	false
    Время события (UTC)	:	‎2026‎-‎08‎-‎25T22:00:17.166097100Z"
"26.08.2026 2:58:39","101","Предупреждение","Microsoft-Windows-Diagnostics-Performance","Это приложение загружалось дольше обычного, что привело к замедлению процесса запуска системы: 
    Имя файла		:	svchost.exe
    Понятное имя		:	Хост-процесс для служб Windows
    Версия		:	10.0.19041.4522 (WinBuild.160101.0800)
    Общее время		:	29256мс
    Время замедления	:	14034мс
    Время события (UTC)	:	‎2026‎-‎08‎-‎25T21:55:55.953812400Z"
"26.08.2026 2:58:39","100","Ошибка","Microsoft-Windows-Diagnostics-Performance","Windows запущена: 
     Длительность загрузки		:	93297ms
     IsDegradation		:	false
     Время события (UTC)	:	‎2026‎-‎08‎-‎25T21:55:55.953812400Z"
"26.08.2026 2:58:33","200","Предупреждение","Microsoft-Windows-Diagnostics-Performance","Завершение работы Windows 
    Продолжительность завершения работы	:	16656мс
    IsDegradation		:	false
    Время события (UTC)	:	‎2026‎-‎08‎-‎25T21:55:18.317250200Z"
"25.08.2026 17:55:51","203","Предупреждение","Microsoft-Windows-Diagnostics-Performance","Эта служба вызвала замедление процесса завершения работы системы: 
    Имя файла		:	UsoSvc
    Понятное имя		:	Обновление службы сеанса оркестратора
    Версия		:	10.0.19041.4522 (WinBuild.160101.0800)
    Общее время		:	1341мс
    Время замедления	:	1016мс
    Время события (UTC)	:	‎2026‎-‎08‎-‎25T12:52:16.507824900Z"
"25.08.2026 17:55:51","200","Предупреждение","Microsoft-Windows-Diagnostics-Performance","Завершение работы Windows 
    Продолжительность завершения работы	:	30505мс
    IsDegradation		:	true
    Время события (UTC)	:	‎2026‎-‎08‎-‎25T12:52:16.507824900Z"
"23.08.2026 12:35:13","101","Предупреждение","Microsoft-Windows-Diagnostics-Performance","Это приложение загружалось дольше обычного, что привело к замедлению процесса запуска системы: 
    Имя файла		:	svchost.exe
    Понятное имя		:	Хост-процесс для служб Windows
    Версия		:	10.0.19041.4522 (WinBuild.160101.0800)
    Общее время		:	4056мс
    Время замедления	:	1959мс
    Время события (UTC)	:	‎2026‎-‎08‎-‎23T07:32:21.203938500Z"
"23.08.2026 12:35:13","101","Предупреждение","Microsoft-Windows-Diagnostics-Performance","Это приложение загружалось дольше обычного, что привело к замедлению процесса запуска системы: 
    Имя файла		:	MsMpEng.exe
    Понятное имя		:	Antimalware Service Executable
    Версия		:	4.18.26070.9 (797b3603749206dfffe67a1cc891531b0a2cf438)
    Общее время		:	25439мс
    Время замедления	:	9588мс
    Время события (UTC)	:	‎2026‎-‎08‎-‎23T07:32:21.203938500Z"
"23.08.2026 12:35:13","100","Ошибка","Microsoft-Windows-Diagnostics-Performance","Windows запущена: 
     Длительность загрузки		:	105313ms
     IsDegradation		:	false
     Время события (UTC)	:	‎2026‎-‎08‎-‎23T07:32:21.203938500Z"
"23.08.2026 12:35:09","200","Предупреждение","Microsoft-Windows-Diagnostics-Performance","Завершение работы Windows 
    Продолжительность завершения работы	:	21652мс
    IsDegradation		:	false
    Время события (UTC)	:	‎2026‎-‎08‎-‎23T07:31:21.627933400Z"
"19.08.2026 1:00:53","500","Предупреждение","Microsoft-Windows-Diagnostics-Performance","Диспетчер окон рабочего стола испытывает недостаток ресурсов. 
    Сценарий	:	Не хватает ресурсов видеопамяти, что приводит к пробуксовке. Уменьшение количества запущенных программ и открытых окон может исправить эту ситуацию."
"15.08.2026 22:05:22","101","Предупреждение","Microsoft-Windows-Diagnostics-Performance","Это приложение загружалось дольше обычного, что привело к замедлению процесса запуска системы: 
    Имя файла		:	nvngx_update.exe
    Понятное имя		:	NGX Updater
    Версия		:	32.0.15.9144
    Общее время		:	2938мс
    Время замедления	:	1888мс
    Время события (UTC)	:	‎2026‎-‎08‎-‎15T17:02:37.235017100Z"
"15.08.2026 22:05:22","100","Ошибка","Microsoft-Windows-Diagnostics-Performance","Windows запущена: 
     Длительность загрузки		:	99358ms
     IsDegradation		:	false
     Время события (UTC)	:	‎2026‎-‎08‎-‎15T17:02:37.235017100Z"
"15.08.2026 22:05:16","200","Предупреждение","Microsoft-Windows-Diagnostics-Performance","Завершение работы Windows 
    Продолжительность завершения работы	:	14983мс
    IsDegradation		:	false
    Время события (UTC)	:	‎2026‎-‎08‎-‎15T17:01:58.103578000Z"
"15.08.2026 4:27:22","500","Предупреждение","Microsoft-Windows-Diagnostics-Performance","Диспетчер окон рабочего стола испытывает недостаток ресурсов. 
    Сценарий	:	Не хватает ресурсов видеопамяти, что приводит к пробуксовке. Уменьшение количества запущенных программ и открытых окон может исправить эту ситуацию."
"15.08.2026 3:56:15","500","Предупреждение","Microsoft-Windows-Diagnostics-Performance","Диспетчер окон рабочего стола испытывает недостаток ресурсов. 
    Сценарий	:	Не хватает ресурсов видеопамяти, что приводит к пробуксовке. Уменьшение количества запущенных программ и открытых окон может исправить эту ситуацию."
"15.08.2026 2:56:07","500","Предупреждение","Microsoft-Windows-Diagnostics-Performance","Диспетчер окон рабочего стола испытывает недостаток ресурсов. 
    Сценарий	:	Не хватает ресурсов видеопамяти, что приводит к пробуксовке. Уменьшение количества запущенных программ и открытых окон может исправить эту ситуацию."
"14.08.2026 8:41:38","500","Предупреждение","Microsoft-Windows-Diagnostics-Performance","Диспетчер окон рабочего стола испытывает недостаток ресурсов. 
    Сценарий	:	Не хватает ресурсов видеопамяти, что приводит к пробуксовке. Уменьшение количества запущенных программ и открытых окон может исправить эту ситуацию."
"13.08.2026 23:58:43","101","Предупреждение","Microsoft-Windows-Diagnostics-Performance","Это приложение загружалось дольше обычного, что привело к замедлению процесса запуска системы: 
    Имя файла		:	SearchApp.exe
    Понятное имя		:	Search application
    Версия		:	10.0.19041.6282 (WinBuild.160101.0800)
    Общее время		:	1731мс
    Время замедления	:	934мс
    Время события (UTC)	:	‎2026‎-‎08‎-‎13T18:56:18.954262300Z"
"13.08.2026 23:58:43","100","Предупреждение","Microsoft-Windows-Diagnostics-Performance","Windows запущена: 
     Длительность загрузки		:	74977ms
     IsDegradation		:	false
     Время события (UTC)	:	‎2026‎-‎08‎-‎13T18:56:18.954262300Z"
"13.08.2026 23:58:39","200","Предупреждение","Microsoft-Windows-Diagnostics-Performance","Завершение работы Windows 
    Продолжительность завершения работы	:	15494мс
    IsDegradation		:	false
    Время события (UTC)	:	‎2026‎-‎08‎-‎13T18:55:31.756024300Z"
"10.08.2026 3:42:52","101","Предупреждение","Microsoft-Windows-Diagnostics-Performance","Это приложение загружалось дольше обычного, что привело к замедлению процесса запуска системы: 
    Имя файла		:	SearchIndexer.exe
    Понятное имя		:	Индексатор службы Microsoft Windows Search
    Версия		:	7.0.19041.4522 (WinBuild.160101.0800)
    Общее время		:	975мс
    Время замедления	:	262мс
    Время события (UTC)	:	‎2026‎-‎08‎-‎09T22:40:22.954020500Z"
"10.08.2026 3:42:52","100","Предупреждение","Microsoft-Windows-Diagnostics-Performance","Windows запущена: 
     Длительность загрузки		:	77124ms
     IsDegradation		:	false
     Время события (UTC)	:	‎2026‎-‎08‎-‎09T22:40:22.954020500Z"
"09.08.2026 20:28:12","101","Ошибка","Microsoft-Windows-Diagnostics-Performance","Это приложение загружалось дольше обычного, что привело к замедлению процесса запуска системы: 
    Имя файла		:	MsMpEng.exe
    Понятное имя		:	Antimalware Service Executable
    Версия		:	4.18.26070.9 (797b3603749206dfffe67a1cc891531b0a2cf438)
    Общее время		:	73161мс
    Время замедления	:	65661мс
    Время события (UTC)	:	‎2026‎-‎08‎-‎09T15:25:31.938443700Z"
"09.08.2026 20:28:12","100","Ошибка","Microsoft-Windows-Diagnostics-Performance","Windows запущена: 
     Длительность загрузки		:	91488ms
     IsDegradation		:	false
     Время события (UTC)	:	‎2026‎-‎08‎-‎09T15:25:31.938443700Z"
"09.08.2026 20:28:08","200","Предупреждение","Microsoft-Windows-Diagnostics-Performance","Завершение работы Windows 
    Продолжительность завершения работы	:	18707мс
    IsDegradation		:	true
    Время события (UTC)	:	‎2026‎-‎08‎-‎09T01:53:10.258029800Z"
"09.08.2026 0:51:15","101","Ошибка","Microsoft-Windows-Diagnostics-Performance","Это приложение загружалось дольше обычного, что привело к замедлению процесса запуска системы: 
    Имя файла		:	MsMpEng.exe
    Понятное имя		:	Antimalware Service Executable
    Версия		:	4.18.26070.9 (797b3603749206dfffe67a1cc891531b0a2cf438)
    Общее время		:	63603мс
    Время замедления	:	56103мс
    Время события (UTC)	:	‎2026‎-‎08‎-‎08T19:48:47.954141700Z"
"09.08.2026 0:51:15","100","Предупреждение","Microsoft-Windows-Diagnostics-Performance","Windows запущена: 
     Длительность загрузки		:	80364ms
     IsDegradation		:	false
     Время события (UTC)	:	‎2026‎-‎08‎-‎08T19:48:47.954141700Z"
"09.08.2026 0:51:11","200","Предупреждение","Microsoft-Windows-Diagnostics-Performance","Завершение работы Windows 
    Продолжительность завершения работы	:	20520мс
    IsDegradation		:	false
    Время события (UTC)	:	‎2026‎-‎08‎-‎08T19:48:05.508671500Z"
"08.08.2026 19:58:57","101","Ошибка","Microsoft-Windows-Diagnostics-Performance","Это приложение загружалось дольше обычного, что привело к замедлению процесса запуска системы: 
    Имя файла		:	MsMpEng.exe
    Понятное имя		:	Antimalware Service Executable
    Версия		:	4.18.26070.9 (797b3603749206dfffe67a1cc891531b0a2cf438)
    Общее время		:	60652мс
    Время замедления	:	53152мс
    Время события (UTC)	:	‎2026‎-‎08‎-‎08T14:56:27.954032400Z"
"08.08.2026 19:58:57","100","Предупреждение","Microsoft-Windows-Diagnostics-Performance","Windows запущена: 
     Длительность загрузки		:	76768ms
     IsDegradation		:	false
     Время события (UTC)	:	‎2026‎-‎08‎-‎08T14:56:27.954032400Z"
"04.08.2026 11:04:50","101","Ошибка","Microsoft-Windows-Diagnostics-Performance","Это приложение загружалось дольше обычного, что привело к замедлению процесса запуска системы: 
    Имя файла		:	MsMpEng.exe
    Понятное имя		:	Antimalware Service Executable
    Версия		:	4.18.1909.6 (WinBuild.160101.0800)
    Общее время		:	57278мс
    Время замедления	:	49778мс
    Время события (UTC)	:	‎2026‎-‎08‎-‎04T06:02:05.985255500Z"
"04.08.2026 11:04:50","100","Ошибка","Microsoft-Windows-Diagnostics-Performance","Windows запущена: 
     Длительность загрузки		:	98136ms
     IsDegradation		:	false
     Время события (UTC)	:	‎2026‎-‎08‎-‎04T06:02:05.985255500Z"
"04.08.2026 11:04:46","203","Предупреждение","Microsoft-Windows-Diagnostics-Performance","Эта служба вызвала замедление процесса завершения работы системы: 
    Имя файла		:	WinDefend
    Понятное имя		:	
    Версия		:	
    Общее время		:	4965мс
    Время замедления	:	965мс
    Время события (UTC)	:	‎2026‎-‎08‎-‎04T06:01:24.028295200Z"
"04.08.2026 11:04:46","200","Предупреждение","Microsoft-Windows-Diagnostics-Performance","Завершение работы Windows 
    Продолжительность завершения работы	:	21123мс
    IsDegradation		:	false
    Время события (UTC)	:	‎2026‎-‎08‎-‎04T06:01:24.028295200Z"
"03.08.2026 13:04:18","101","Предупреждение","Microsoft-Windows-Diagnostics-Performance","Это приложение загружалось дольше обычного, что привело к замедлению процесса запуска системы: 
    Имя файла		:	taskhostw.exe
    Понятное имя		:	Realtek HD Audio
    Версия		:	0.06.05.2026
    Общее время		:	9282мс
    Время замедления	:	4282мс
    Время события (UTC)	:	‎2026‎-‎08‎-‎03T08:01:47.969752900Z"
"03.08.2026 13:04:18","100","Критический","Microsoft-Windows-Diagnostics-Performance","Windows запущена: 
     Длительность загрузки		:	142167ms
     IsDegradation		:	false
     Время события (UTC)	:	‎2026‎-‎08‎-‎03T08:01:47.969752900Z"
"03.08.2026 13:04:12","200","Предупреждение","Microsoft-Windows-Diagnostics-Performance","Завершение работы Windows 
    Продолжительность завершения работы	:	12487мс
    IsDegradation		:	false
    Время события (UTC)	:	‎2026‎-‎08‎-‎03T08:01:12.479821100Z"
"01.08.2026 11:09:25","101","Предупреждение","Microsoft-Windows-Diagnostics-Performance","Это приложение загружалось дольше обычного, что привело к замедлению процесса запуска системы: 
    Имя файла		:	opencode.exe
    Понятное имя		:	
    Версия		:	
    Общее время		:	14259мс
    Время замедления	:	9259мс
    Время события (UTC)	:	‎2026‎-‎08‎-‎01T06:07:01.938440900Z"
"01.08.2026 11:09:25","101","Предупреждение","Microsoft-Windows-Diagnostics-Performance","Это приложение загружалось дольше обычного, что привело к замедлению процесса запуска системы: 
    Имя файла		:	browser.exe
    Понятное имя		:	Yandex with voice assistant Alice
    Версия		:	26.6.3.870
    Общее время		:	32171мс
    Время замедления	:	18051мс
    Время события (UTC)	:	‎2026‎-‎08‎-‎01T06:07:01.938440900Z"
"01.08.2026 11:09:25","100","Критический","Microsoft-Windows-Diagnostics-Performance","Windows запущена: 
     Длительность загрузки		:	131806ms
     IsDegradation		:	false
     Время события (UTC)	:	‎2026‎-‎08‎-‎01T06:07:01.938440900Z"
"01.08.2026 11:09:17","203","Предупреждение","Microsoft-Windows-Diagnostics-Performance","Эта служба вызвала замедление процесса завершения работы системы: 
    Имя файла		:	AmneziaWGTunnel$AmneziaVPN
    Понятное имя		:	
    Версия		:	
    Общее время		:	4966мс
    Время замедления	:	966мс
    Время события (UTC)	:	‎2026‎-‎08‎-‎01T06:06:14.455391800Z"
"01.08.2026 11:09:17","200","Предупреждение","Microsoft-Windows-Diagnostics-Performance","Завершение работы Windows 
    Продолжительность завершения работы	:	27108мс
    IsDegradation		:	false
    Время события (UTC)	:	‎2026‎-‎08‎-‎01T06:06:14.455391800Z"
"01.08.2026 11:03:02","101","Предупреждение","Microsoft-Windows-Diagnostics-Performance","Это приложение загружалось дольше обычного, что привело к замедлению процесса запуска системы: 
    Имя файла		:	explorer.exe
    Понятное имя		:	Проводник
    Версия		:	10.0.19041.4522 (WinBuild.160101.0800)
    Общее время		:	15235мс
    Время замедления	:	5001мс
    Время события (UTC)	:	‎2026‎-‎08‎-‎01T06:00:29.969975400Z"
"01.08.2026 11:03:02","100","Критический","Microsoft-Windows-Diagnostics-Performance","Windows запущена: 
     Длительность загрузки		:	136788ms
     IsDegradation		:	false
     Время события (UTC)	:	‎2026‎-‎08‎-‎01T06:00:29.969975400Z"
"01.08.2026 11:02:57","200","Предупреждение","Microsoft-Windows-Diagnostics-Performance","Завершение работы Windows 
    Продолжительность завершения работы	:	10792мс
    IsDegradation		:	false
    Время события (UTC)	:	‎2026‎-‎07‎-‎31T23:08:29.169050600Z"
"01.08.2026 3:34:42","200","Предупреждение","Microsoft-Windows-Diagnostics-Performance","Завершение работы Windows 
    Продолжительность завершения работы	:	15152мс
    IsDegradation		:	false
    Время события (UTC)	:	‎2026‎-‎07‎-‎31T16:01:13.066970900Z"
"30.07.2026 19:05:28","100","Критический","Microsoft-Windows-Diagnostics-Performance","Windows запущена: 
     Длительность загрузки		:	171719ms
     IsDegradation		:	false
     Время события (UTC)	:	‎2026‎-‎07‎-‎30T14:02:22.938401500Z"
"29.07.2026 19:29:04","200","Предупреждение","Microsoft-Windows-Diagnostics-Performance","Завершение работы Windows 
    Продолжительность завершения работы	:	12311мс
    IsDegradation		:	false
    Время события (UTC)	:	‎2026‎-‎07‎-‎29T14:25:37.087118600Z"
"23.07.2026 20:28:08","100","Критический","Microsoft-Windows-Diagnostics-Performance","Windows запущена: 
     Длительность загрузки		:	133081ms
     IsDegradation		:	false
     Время события (UTC)	:	‎2026‎-‎07‎-‎23T15:25:48.938459500Z"
"23.07.2026 20:28:03","203","Предупреждение","Microsoft-Windows-Diagnostics-Performance","Эта служба вызвала замедление процесса завершения работы системы: 
    Имя файла		:	wisvc
    Понятное имя		:	Параметры цикла тестирования
    Версия		:	10.0.19041.4522 (WinBuild.160101.0800)
    Общее время		:	4971мс
    Время замедления	:	971мс
    Время события (UTC)	:	‎2026‎-‎07‎-‎23T15:24:34.414508900Z"
"23.07.2026 20:28:03","203","Предупреждение","Microsoft-Windows-Diagnostics-Performance","Эта служба вызвала замедление процесса завершения работы системы: 
    Имя файла		:	WlanSvc
    Понятное имя		:	Библиотека DLL службы автоматической настройки беспроводной локальной сети Windows
    Версия		:	10.0.19041.4522 (WinBuild.160101.0800)
    Общее время		:	4969мс
    Время замедления	:	2148мс
    Время события (UTC)	:	‎2026‎-‎07‎-‎23T15:24:34.414508900Z"
"23.07.2026 20:28:03","200","Предупреждение","Microsoft-Windows-Diagnostics-Performance","Завершение работы Windows 
    Продолжительность завершения работы	:	53976мс
    IsDegradation		:	false
    Время события (UTC)	:	‎2026‎-‎07‎-‎23T15:24:34.414508900Z"
"23.07.2026 15:33:27","101","Предупреждение","Microsoft-Windows-Diagnostics-Performance","Это приложение загружалось дольше обычного, что привело к замедлению процесса запуска системы: 
    Имя файла		:	Photoshop.exe
    Понятное имя		:	Adobe Photoshop 2025
    Версия		:	26.11 (20250918.r.18 a87e57f)
    Общее время		:	25925мс
    Время замедления	:	20925мс
    Время события (UTC)	:	‎2026‎-‎07‎-‎23T10:30:58.938472000Z"
"23.07.2026 15:33:27","100","Критический","Microsoft-Windows-Diagnostics-Performance","Windows запущена: 
     Длительность загрузки		:	135400ms
     IsDegradation		:	false
     Время события (UTC)	:	‎2026‎-‎07‎-‎23T10:30:58.938472000Z"
"22.07.2026 21:33:16","100","Критический","Microsoft-Windows-Diagnostics-Performance","Windows запущена: 
     Длительность загрузки		:	139246ms
     IsDegradation		:	false
     Время события (UTC)	:	‎2026‎-‎07‎-‎22T16:28:39.938420200Z"
"21.07.2026 12:57:47","101","Предупреждение","Microsoft-Windows-Diagnostics-Performance","Это приложение загружалось дольше обычного, что привело к замедлению процесса запуска системы: 
    Имя файла		:	sppsvc.exe
    Понятное имя		:	Служба платформы защиты программного обеспечения Майкрософт
    Версия		:	10.0.19041.4522 (WinBuild.160101.0800)
    Общее время		:	2954мс
    Время замедления	:	1287мс
    Время события (UTC)	:	‎2026‎-‎07‎-‎21T07:55:29.938507900Z"
"21.07.2026 12:57:47","101","Предупреждение","Microsoft-Windows-Diagnostics-Performance","Это приложение загружалось дольше обычного, что привело к замедлению процесса запуска системы: 
    Имя файла		:	AmneziaVPN_4.8.21.0_windows_x64.exe
    Понятное имя		:	
    Версия		:	
    Общее время		:	12954мс
    Время замедления	:	7954мс
    Время события (UTC)	:	‎2026‎-‎07‎-‎21T07:55:29.938507900Z"
"21.07.2026 12:57:47","100","Критический","Microsoft-Windows-Diagnostics-Performance","Windows запущена: 
     Длительность загрузки		:	130914ms
     IsDegradation		:	false
     Время события (UTC)	:	‎2026‎-‎07‎-‎21T07:55:29.938507900Z"
"21.07.2026 12:57:42","203","Ошибка","Microsoft-Windows-Diagnostics-Performance","Эта служба вызвала замедление процесса завершения работы системы: 
    Имя файла		:	DPS
    Понятное имя		:	Служба политики диагностики WDI
    Версия		:	10.0.19041.4522 (WinBuild.160101.0800)
    Общее время		:	4969мс
    Время замедления	:	4727мс
    Время события (UTC)	:	‎2026‎-‎07‎-‎21T07:55:00.154058600Z"
"21.07.2026 12:57:42","200","Предупреждение","Microsoft-Windows-Diagnostics-Performance","Завершение работы Windows 
    Продолжительность завершения работы	:	10053мс
    IsDegradation		:	false
    Время события (UTC)	:	‎2026‎-‎07‎-‎21T07:55:00.154058600Z"
"19.07.2026 5:54:03","200","Предупреждение","Microsoft-Windows-Diagnostics-Performance","Завершение работы Windows 
    Продолжительность завершения работы	:	15438мс
    IsDegradation		:	false
    Время события (UTC)	:	‎2026‎-‎07‎-‎18T22:38:52.471720900Z"
"17.07.2026 19:47:29","101","Предупреждение","Microsoft-Windows-Diagnostics-Performance","Это приложение загружалось дольше обычного, что привело к замедлению процесса запуска системы: 
    Имя файла		:	sppsvc.exe
    Понятное имя		:	Служба платформы защиты программного обеспечения Майкрософт
    Версия		:	10.0.19041.4522 (WinBuild.160101.0800)
    Общее время		:	3396мс
    Время замедления	:	1312мс
    Время события (UTC)	:	‎2026‎-‎07‎-‎17T14:45:05.172820900Z"
"17.07.2026 19:47:29","100","Критический","Microsoft-Windows-Diagnostics-Performance","Windows запущена: 
     Длительность загрузки		:	136442ms
     IsDegradation		:	false
     Время события (UTC)	:	‎2026‎-‎07‎-‎17T14:45:05.172820900Z"
"17.07.2026 19:47:25","203","Предупреждение","Microsoft-Windows-Diagnostics-Performance","Эта служба вызвала замедление процесса завершения работы системы: 
    Имя файла		:	UsoSvc
    Понятное имя		:	Обновление службы сеанса оркестратора
    Версия		:	10.0.19041.4522 (WinBuild.160101.0800)
    Общее время		:	1330мс
    Время замедления	:	1003мс
    Время события (UTC)	:	‎2026‎-‎07‎-‎17T14:44:24.782532800Z"
"17.07.2026 19:47:25","200","Предупреждение","Microsoft-Windows-Diagnostics-Performance","Завершение работы Windows 
    Продолжительность завершения работы	:	15797мс
    IsDegradation		:	false
    Время события (UTC)	:	‎2026‎-‎07‎-‎17T14:44:24.782532800Z"
"15.07.2026 16:18:24","101","Предупреждение","Microsoft-Windows-Diagnostics-Performance","Это приложение загружалось дольше обычного, что привело к замедлению процесса запуска системы: 
    Имя файла		:	nvcontainer.exe
    Понятное имя		:	NVIDIA Container
    Версия		:	gcomp_rel 35816461
    Общее время		:	7873мс
    Время замедления	:	13309мс
    Время события (UTC)	:	‎2026‎-‎07‎-‎15T11:11:42.969601800Z"
"15.07.2026 16:18:24","100","Критический","Microsoft-Windows-Diagnostics-Performance","Windows запущена: 
     Длительность загрузки		:	146748ms
     IsDegradation		:	false
     Время события (UTC)	:	‎2026‎-‎07‎-‎15T11:11:42.969601800Z"
"11.07.2026 0:58:04","108","Предупреждение","Microsoft-Windows-Diagnostics-Performance","Применение политики пользователя вызвало замедление процесса запуска системы: 
    Имя		:	PreShellInit
    Общее время		:	21410мс
    Время замедления	:	7421мс
    Время события (UTC)	:	‎2026‎-‎07‎-‎10T19:55:40.938433400Z"
"11.07.2026 0:58:04","101","Предупреждение","Microsoft-Windows-Diagnostics-Performance","Это приложение загружалось дольше обычного, что привело к замедлению процесса запуска системы: 
    Имя файла		:	svchost.exe
    Понятное имя		:	Хост-процесс для служб Windows
    Версия		:	10.0.19041.4522 (WinBuild.160101.0800)
    Общее время		:	20712мс
    Время замедления	:	7050мс
    Время события (UTC)	:	‎2026‎-‎07‎-‎10T19:55:40.938433400Z"
"11.07.2026 0:58:04","100","Критический","Microsoft-Windows-Diagnostics-Performance","Windows запущена: 
     Длительность загрузки		:	109578ms
     IsDegradation		:	false
     Время события (UTC)	:	‎2026‎-‎07‎-‎10T19:55:40.938433400Z"
"09.07.2026 22:35:17","108","Предупреждение","Microsoft-Windows-Diagnostics-Performance","Применение политики пользователя вызвало замедление процесса запуска системы: 
    Имя		:	PreShellInit
    Общее время		:	20442мс
    Время замедления	:	12034мс
    Время события (UTC)	:	‎2026‎-‎07‎-‎09T17:32:42.157181400Z"
"09.07.2026 22:35:17","101","Предупреждение","Microsoft-Windows-Diagnostics-Performance","Это приложение загружалось дольше обычного, что привело к замедлению процесса запуска системы: 
    Имя файла		:	SearchApp.exe
    Понятное имя		:	Search application
    Версия		:	10.0.19041.6282 (WinBuild.160101.0800)
    Общее время		:	1365мс
    Время замедления	:	444мс
    Время события (UTC)	:	‎2026‎-‎07‎-‎09T17:32:42.157181400Z"
"09.07.2026 22:35:17","101","Предупреждение","Microsoft-Windows-Diagnostics-Performance","Это приложение загружалось дольше обычного, что привело к замедлению процесса запуска системы: 
    Имя файла		:	explorer.exe
    Понятное имя		:	Проводник
    Версия		:	10.0.19041.4522 (WinBuild.160101.0800)
    Общее время		:	6342мс
    Время замедления	:	3180мс
    Время события (UTC)	:	‎2026‎-‎07‎-‎09T17:32:42.157181400Z"
"09.07.2026 22:35:17","101","Ошибка","Microsoft-Windows-Diagnostics-Performance","Это приложение загружалось дольше обычного, что привело к замедлению процесса запуска системы: 
    Имя файла		:	OllamaSetup.tmp
    Понятное имя		:	
    Версия		:	
    Общее время		:	72752мс
    Время замедления	:	67752мс
    Время события (UTC)	:	‎2026‎-‎07‎-‎09T17:32:42.157181400Z"
"09.07.2026 22:35:17","100","Критический","Microsoft-Windows-Diagnostics-Performance","Windows запущена: 
     Длительность загрузки		:	136314ms
     IsDegradation		:	false
     Время события (UTC)	:	‎2026‎-‎07‎-‎09T17:32:42.157181400Z"
"09.07.2026 22:35:12","200","Предупреждение","Microsoft-Windows-Diagnostics-Performance","Завершение работы Windows 
    Продолжительность завершения работы	:	21705мс
    IsDegradation		:	false
    Время события (UTC)	:	‎2026‎-‎07‎-‎09T12:11:24.943181400Z"
"03.07.2026 17:07:26","100","Критический","Microsoft-Windows-Diagnostics-Performance","Windows запущена: 
     Длительность загрузки		:	152271ms
     IsDegradation		:	false
     Время события (UTC)	:	‎2026‎-‎07‎-‎03T12:04:39.938445000Z"
"01.07.2026 10:17:49","200","Предупреждение","Microsoft-Windows-Diagnostics-Performance","Завершение работы Windows 
    Продолжительность завершения работы	:	23923мс
    IsDegradation		:	true
    Время события (UTC)	:	‎2026‎-‎07‎-‎01T05:14:02.718692300Z"
"01.07.2026 8:10:52","500","Предупреждение","Microsoft-Windows-Diagnostics-Performance","Диспетчер окон рабочего стола испытывает недостаток ресурсов. 
    Сценарий	:	Не хватает ресурсов видеопамяти, что приводит к пробуксовке. Уменьшение количества запущенных программ и открытых окон может исправить эту ситуацию."
"22.06.2026 22:43:57","100","Критический","Microsoft-Windows-Diagnostics-Performance","Windows запущена: 
     Длительность загрузки		:	158105ms
     IsDegradation		:	false
     Время события (UTC)	:	‎2026‎-‎06‎-‎22T17:41:07.938569800Z"
"22.06.2026 22:43:55","200","Предупреждение","Microsoft-Windows-Diagnostics-Performance","Завершение работы Windows 
    Продолжительность завершения работы	:	34664мс
    IsDegradation		:	true
    Время события (UTC)	:	‎2026‎-‎06‎-‎22T12:12:00.985532200Z"
"22.06.2026 16:31:10","101","Предупреждение","Microsoft-Windows-Diagnostics-Performance","Это приложение загружалось дольше обычного, что привело к замедлению процесса запуска системы: 
    Имя файла		:	Codex.exe
    Понятное имя		:	Codex
    Версия		:	149.0.7827.115
    Общее время		:	32319мс
    Время замедления	:	27319мс
    Время события (UTC)	:	‎2026‎-‎06‎-‎22T11:28:38.938519000Z"
"22.06.2026 16:31:10","101","Ошибка","Microsoft-Windows-Diagnostics-Performance","Это приложение загружалось дольше обычного, что привело к замедлению процесса запуска системы: 
    Имя файла		:	OllamaSetup.tmp
    Понятное имя		:	
    Версия		:	
    Общее время		:	71872мс
    Время замедления	:	66872мс
    Время события (UTC)	:	‎2026‎-‎06‎-‎22T11:28:38.938519000Z"
"22.06.2026 16:31:10","100","Критический","Microsoft-Windows-Diagnostics-Performance","Windows запущена: 
     Длительность загрузки		:	139739ms
     IsDegradation		:	false
     Время события (UTC)	:	‎2026‎-‎06‎-‎22T11:28:38.938519000Z"
"22.06.2026 16:31:05","200","Предупреждение","Microsoft-Windows-Diagnostics-Performance","Завершение работы Windows 
    Продолжительность завершения работы	:	17996мс
    IsDegradation		:	false
    Время события (UTC)	:	‎2026‎-‎06‎-‎22T09:34:15.788532600Z"
"18.06.2026 6:38:42","200","Предупреждение","Microsoft-Windows-Diagnostics-Performance","Завершение работы Windows 
    Продолжительность завершения работы	:	24338мс
    IsDegradation		:	false
    Время события (UTC)	:	‎2026‎-‎06‎-‎18T01:35:27.090414300Z"
"17.06.2026 10:18:46","200","Предупреждение","Microsoft-Windows-Diagnostics-Performance","Завершение работы Windows 
    Продолжительность завершения работы	:	13203мс
    IsDegradation		:	false
    Время события (UTC)	:	‎2026‎-‎06‎-‎16T16:20:35.429082200Z"
"16.06.2026 11:10:52","100","Критический","Microsoft-Windows-Diagnostics-Performance","Windows запущена: 
     Длительность загрузки		:	159253ms
     IsDegradation		:	true
     Время события (UTC)	:	‎2026‎-‎06‎-‎16T06:08:05.938480100Z"
"16.06.2026 11:10:50","200","Предупреждение","Microsoft-Windows-Diagnostics-Performance","Завершение работы Windows 
    Продолжительность завершения работы	:	11780мс
    IsDegradation		:	true
    Время события (UTC)	:	‎2026‎-‎06‎-‎16T06:07:35.307756000Z"
"16.06.2026 10:50:37","101","Предупреждение","Microsoft-Windows-Diagnostics-Performance","Это приложение загружалось дольше обычного, что привело к замедлению процесса запуска системы: 
    Имя файла		:	svchost.exe
    Понятное имя		:	Хост-процесс для служб Windows
    Версия		:	10.0.19041.4522 (WinBuild.160101.0800)
    Общее время		:	14716мс
    Время замедления	:	6980мс
    Время события (UTC)	:	‎2026‎-‎06‎-‎16T05:47:48.953854900Z"
"16.06.2026 10:50:37","100","Критический","Microsoft-Windows-Diagnostics-Performance","Windows запущена: 
     Длительность загрузки		:	162934ms
     IsDegradation		:	false
     Время события (UTC)	:	‎2026‎-‎06‎-‎16T05:47:48.953854900Z"
"16.06.2026 10:50:34","200","Предупреждение","Microsoft-Windows-Diagnostics-Performance","Завершение работы Windows 
    Продолжительность завершения работы	:	11114мс
    IsDegradation		:	false
    Время события (UTC)	:	‎2026‎-‎06‎-‎16T05:47:17.064219100Z"
"15.06.2026 21:28:14","101","Предупреждение","Microsoft-Windows-Diagnostics-Performance","Это приложение загружалось дольше обычного, что привело к замедлению процесса запуска системы: 
    Имя файла		:	Koala Clash.exe
    Понятное имя		:	Koala Clash
    Версия		:	1.3.1
    Общее время		:	9285мс
    Время замедления	:	4285мс
    Время события (UTC)	:	‎2026‎-‎06‎-‎15T16:25:19.938544000Z"
"15.06.2026 21:28:14","100","Критический","Microsoft-Windows-Diagnostics-Performance","Windows запущена: 
     Длительность загрузки		:	162911ms
     IsDegradation		:	false
     Время события (UTC)	:	‎2026‎-‎06‎-‎15T16:25:19.938544000Z"
"15.06.2026 21:28:11","200","Предупреждение","Microsoft-Windows-Diagnostics-Performance","Завершение работы Windows 
    Продолжительность завершения работы	:	15221мс
    IsDegradation		:	false
    Время события (UTC)	:	‎2026‎-‎06‎-‎15T16:24:45.001384700Z"
"14.06.2026 16:34:37","200","Предупреждение","Microsoft-Windows-Diagnostics-Performance","Завершение работы Windows 
    Продолжительность завершения работы	:	13498мс
    IsDegradation		:	false
    Время события (UTC)	:	‎2026‎-‎06‎-‎13T10:45:39.453673300Z"
"12.06.2026 16:21:06","101","Предупреждение","Microsoft-Windows-Diagnostics-Performance","Это приложение загружалось дольше обычного, что привело к замедлению процесса запуска системы: 
    Имя файла		:	SWVisualize.Queue.Server.exe
    Понятное имя		:	SOLIDWORKS Visualize Queue Server
    Версия		:	32.5.0.0048
    Общее время		:	3653мс
    Время замедления	:	965мс
    Время события (UTC)	:	‎2026‎-‎06‎-‎12T11:18:38.938611800Z"
"12.06.2026 16:21:06","101","Предупреждение","Microsoft-Windows-Diagnostics-Performance","Это приложение загружалось дольше обычного, что привело к замедлению процесса запуска системы: 
    Имя файла		:	AdGuardVpnSvc.exe
    Понятное имя		:	AdGuard VPN for Windows
    Версия		:	2.7.1800.0
    Общее время		:	9187мс
    Время замедления	:	3613мс
    Время события (UTC)	:	‎2026‎-‎06‎-‎12T11:18:38.938611800Z"
"12.06.2026 16:21:06","100","Критический","Microsoft-Windows-Diagnostics-Performance","Windows запущена: 
     Длительность загрузки		:	143228ms
     IsDegradation		:	false
     Время события (UTC)	:	‎2026‎-‎06‎-‎12T11:18:38.938611800Z"
"12.06.2026 16:21:03","200","Предупреждение","Microsoft-Windows-Diagnostics-Performance","Завершение работы Windows 
    Продолжительность завершения работы	:	11776мс
    IsDegradation		:	false
    Время события (UTC)	:	‎2026‎-‎06‎-‎12T11:18:08.693920600Z"
"12.06.2026 16:12:46","100","Критический","Microsoft-Windows-Diagnostics-Performance","Windows запущена: 
     Длительность загрузки		:	149295ms
     IsDegradation		:	false
     Время события (UTC)	:	‎2026‎-‎06‎-‎12T11:10:12.907645800Z"
"12.06.2026 16:12:44","203","Предупреждение","Microsoft-Windows-Diagnostics-Performance","Эта служба вызвала замедление процесса завершения работы системы: 
    Имя файла		:	WlanSvc
    Понятное имя		:	Библиотека DLL службы автоматической настройки беспроводной локальной сети Windows
    Версия		:	10.0.19041.4522 (WinBuild.160101.0800)
    Общее время		:	6016мс
    Время замедления	:	4199мс
    Время события (UTC)	:	‎2026‎-‎06‎-‎12T11:09:30.143669500Z"
"12.06.2026 16:12:44","200","Предупреждение","Microsoft-Windows-Diagnostics-Performance","Завершение работы Windows 
    Продолжительность завершения работы	:	20552мс
    IsDegradation		:	false
    Время события (UTC)	:	‎2026‎-‎06‎-‎12T11:09:30.143669500Z"
"11.06.2026 9:53:10","100","Критический","Microsoft-Windows-Diagnostics-Performance","Windows запущена: 
     Длительность загрузки		:	164229ms
     IsDegradation		:	false
     Время события (UTC)	:	‎2026‎-‎06‎-‎11T04:50:19.923243100Z"
"11.06.2026 9:53:07","203","Ошибка","Microsoft-Windows-Diagnostics-Performance","Эта служба вызвала замедление процесса завершения работы системы: 
    Имя файла		:	WlanSvc
    Понятное имя		:	Библиотека DLL службы автоматической настройки беспроводной локальной сети Windows
    Версия		:	10.0.19041.4522 (WinBuild.160101.0800)
    Общее время		:	13178мс
    Время замедления	:	6390мс
    Время события (UTC)	:	‎2026‎-‎06‎-‎11T04:49:36.667297300Z"
"11.06.2026 9:53:07","200","Предупреждение","Microsoft-Windows-Diagnostics-Performance","Завершение работы Windows 
    Продолжительность завершения работы	:	22679мс
    IsDegradation		:	false
    Время события (UTC)	:	‎2026‎-‎06‎-‎11T04:49:36.667297300Z"
"09.06.2026 22:25:13","101","Предупреждение","Microsoft-Windows-Diagnostics-Performance","Это приложение загружалось дольше обычного, что привело к замедлению процесса запуска системы: 
    Имя файла		:	Koala Clash.exe
    Понятное имя		:	Koala Clash
    Версия		:	1.3.1
    Общее время		:	13899мс
    Время замедления	:	8899мс
    Время события (UTC)	:	‎2026‎-‎06‎-‎09T17:22:05.125734600Z"
"09.06.2026 22:25:13","101","Ошибка","Microsoft-Windows-Diagnostics-Performance","Это приложение загружалось дольше обычного, что привело к замедлению процесса запуска системы: 
    Имя файла		:	OllamaSetup.tmp
    Понятное имя		:	
    Версия		:	
    Общее время		:	63016мс
    Время замедления	:	58016мс
    Время события (UTC)	:	‎2026‎-‎06‎-‎09T17:22:05.125734600Z"
"09.06.2026 22:25:13","100","Критический","Microsoft-Windows-Diagnostics-Performance","Windows запущена: 
     Длительность загрузки		:	159866ms
     IsDegradation		:	false
     Время события (UTC)	:	‎2026‎-‎06‎-‎09T17:22:05.125734600Z"
"06.06.2026 0:22:30","101","Предупреждение","Microsoft-Windows-Diagnostics-Performance","Это приложение загружалось дольше обычного, что привело к замедлению процесса запуска системы: 
    Имя файла		:	Koala Clash.exe
    Понятное имя		:	Koala Clash
    Версия		:	1.3.1
    Общее время		:	9094мс
    Время замедления	:	4094мс
    Время события (UTC)	:	‎2026‎-‎06‎-‎05T19:20:05.906957600Z"
"06.06.2026 0:22:30","100","Критический","Microsoft-Windows-Diagnostics-Performance","Windows запущена: 
     Длительность загрузки		:	140009ms
     IsDegradation		:	false
     Время события (UTC)	:	‎2026‎-‎06‎-‎05T19:20:05.906957600Z"
"06.06.2026 0:22:27","200","Предупреждение","Microsoft-Windows-Diagnostics-Performance","Завершение работы Windows 
    Продолжительность завершения работы	:	14301мс
    IsDegradation		:	false
    Время события (UTC)	:	‎2026‎-‎06‎-‎05T19:19:32.680663000Z"
"05.06.2026 15:33:45","101","Ошибка","Microsoft-Windows-Diagnostics-Performance","Это приложение загружалось дольше обычного, что привело к замедлению процесса запуска системы: 
    Имя файла		:	OllamaSetup.tmp
    Понятное имя		:	
    Версия		:	
    Общее время		:	71917мс
    Время замедления	:	66917мс
    Время события (UTC)	:	‎2026‎-‎06‎-‎05T10:31:16.906964900Z"
"05.06.2026 15:33:45","100","Критический","Microsoft-Windows-Diagnostics-Performance","Windows запущена: 
     Длительность загрузки		:	137317ms
     IsDegradation		:	false
     Время события (UTC)	:	‎2026‎-‎06‎-‎05T10:31:16.906964900Z"
"05.06.2026 15:33:42","200","Предупреждение","Microsoft-Windows-Diagnostics-Performance","Завершение работы Windows 
    Продолжительность завершения работы	:	14736мс
    IsDegradation		:	false
    Время события (UTC)	:	‎2026‎-‎06‎-‎05T09:35:18.633569300Z"
"03.06.2026 19:14:44","100","Критический","Microsoft-Windows-Diagnostics-Performance","Windows запущена: 
     Длительность загрузки		:	168366ms
     IsDegradation		:	false
     Время события (UTC)	:	‎2026‎-‎06‎-‎03T14:11:24.922437700Z"
"03.06.2026 11:57:10","101","Предупреждение","Microsoft-Windows-Diagnostics-Performance","Это приложение загружалось дольше обычного, что привело к замедлению процесса запуска системы: 
    Имя файла		:	Docker Desktop.exe
    Понятное имя		:	Docker Desktop
    Версия		:	4.75.0.227598
    Общее время		:	10362мс
    Время замедления	:	4035мс
    Время события (UTC)	:	‎2026‎-‎06‎-‎03T06:54:24.906983500Z"
"03.06.2026 11:57:10","100","Критический","Microsoft-Windows-Diagnostics-Performance","Windows запущена: 
     Длительность загрузки		:	149945ms
     IsDegradation		:	false
     Время события (UTC)	:	‎2026‎-‎06‎-‎03T06:54:24.906983500Z"
"31.05.2026 22:01:13","100","Критический","Microsoft-Windows-Diagnostics-Performance","Windows запущена: 
     Длительность загрузки		:	188322ms
     IsDegradation		:	true
     Время события (UTC)	:	‎2026‎-‎05‎-‎31T16:57:30.906948700Z"
"31.05.2026 18:58:50","100","Критический","Microsoft-Windows-Diagnostics-Performance","Windows запущена: 
     Длительность загрузки		:	148740ms
     IsDegradation		:	false
     Время события (UTC)	:	‎2026‎-‎05‎-‎31T13:56:16.125795300Z"
"31.05.2026 18:58:47","200","Предупреждение","Microsoft-Windows-Diagnostics-Performance","Завершение работы Windows 
    Продолжительность завершения работы	:	17682мс
    IsDegradation		:	false
    Время события (UTC)	:	‎2026‎-‎05‎-‎31T13:55:35.289259800Z"
"30.05.2026 13:37:30","110","Предупреждение","Microsoft-Windows-Diagnostics-Performance","Инициализация диспетчера сеанса вызвала замедление процесса запуска: 
    Имя		:	SMSSInit
    Общее время		:	25048мс
    Время замедления	:	19496мс
    Время события (UTC)	:	‎2026‎-‎05‎-‎30T08:34:39.907091400Z"
"30.05.2026 13:37:30","101","Предупреждение","Microsoft-Windows-Diagnostics-Performance","Это приложение загружалось дольше обычного, что привело к замедлению процесса запуска системы: 
    Имя файла		:	CorelDRW.exe
    Понятное имя		:	CorelDRAW 2024 (64-Bit)
    Версия		:	25.2.1.313
    Общее время		:	9280мс
    Время замедления	:	4280мс
    Время события (UTC)	:	‎2026‎-‎05‎-‎30T08:34:39.907091400Z"
"30.05.2026 13:37:30","100","Критический","Microsoft-Windows-Diagnostics-Performance","Windows запущена: 
     Длительность загрузки		:	154025ms
     IsDegradation		:	true
     Время события (UTC)	:	‎2026‎-‎05‎-‎30T08:34:39.907091400Z"
"30.05.2026 13:37:27","200","Предупреждение","Microsoft-Windows-Diagnostics-Performance","Завершение работы Windows 
    Продолжительность завершения работы	:	27118мс
    IsDegradation		:	false
    Время события (UTC)	:	‎2026‎-‎05‎-‎30T08:33:44.374623900Z"
"30.05.2026 13:31:48","100","Критический","Microsoft-Windows-Diagnostics-Performance","Windows запущена: 
     Длительность загрузки		:	98066ms
     IsDegradation		:	false
     Время события (UTC)	:	‎2026‎-‎05‎-‎30T08:29:39.906789100Z"
"28.05.2026 17:00:54","101","Предупреждение","Microsoft-Windows-Diagnostics-Performance","Это приложение загружалось дольше обычного, что привело к замедлению процесса запуска системы: 
    Имя файла		:	SyncLight.exe
    Понятное имя		:	SyncLight
    Версия		:	2.17.1
    Общее время		:	17387мс
    Время замедления	:	8222мс
    Время события (UTC)	:	‎2026‎-‎05‎-‎28T11:54:17.891395600Z"
"28.05.2026 17:00:54","100","Критический","Microsoft-Windows-Diagnostics-Performance","Windows запущена: 
     Длительность загрузки		:	161534ms
     IsDegradation		:	false
     Время события (UTC)	:	‎2026‎-‎05‎-‎28T11:54:17.891395600Z"
"27.05.2026 17:55:23","100","Критический","Microsoft-Windows-Diagnostics-Performance","Windows запущена: 
     Длительность загрузки		:	116878ms
     IsDegradation		:	false
     Время события (UTC)	:	‎2026‎-‎05‎-‎27T12:52:49.922592400Z"
"25.05.2026 12:05:04","108","Предупреждение","Microsoft-Windows-Diagnostics-Performance","Применение политики пользователя вызвало замедление процесса запуска системы: 
    Имя		:	PreShellInit
    Общее время		:	13009мс
    Время замедления	:	3077мс
    Время события (UTC)	:	‎2026‎-‎05‎-‎25T07:02:16.907001100Z"
"25.05.2026 12:05:04","101","Предупреждение","Microsoft-Windows-Diagnostics-Performance","Это приложение загружалось дольше обычного, что привело к замедлению процесса запуска системы: 
    Имя файла		:	AdGuardVpnSvc.exe
    Понятное имя		:	AdGuard VPN for Windows
    Версия		:	2.7.1800.0
    Общее время		:	9717мс
    Время замедления	:	4723мс
    Время события (UTC)	:	‎2026‎-‎05‎-‎25T07:02:16.907001100Z"
"25.05.2026 12:05:04","101","Предупреждение","Microsoft-Windows-Diagnostics-Performance","Это приложение загружалось дольше обычного, что привело к замедлению процесса запуска системы: 
    Имя файла		:	SyncLight.exe
    Понятное имя		:	SyncLight
    Версия		:	2.17.1
    Общее время		:	15738мс
    Время замедления	:	9579мс
    Время события (UTC)	:	‎2026‎-‎05‎-‎25T07:02:16.907001100Z"
"25.05.2026 12:05:04","100","Критический","Microsoft-Windows-Diagnostics-Performance","Windows запущена: 
     Длительность загрузки		:	158379ms
     IsDegradation		:	true
     Время события (UTC)	:	‎2026‎-‎05‎-‎25T07:02:16.907001100Z"
"25.05.2026 12:05:02","200","Предупреждение","Microsoft-Windows-Diagnostics-Performance","Завершение работы Windows 
    Продолжительность завершения работы	:	16513мс
    IsDegradation		:	false
    Время события (UTC)	:	‎2026‎-‎05‎-‎25T07:01:37.824827400Z"
"24.05.2026 21:19:53","101","Предупреждение","Microsoft-Windows-Diagnostics-Performance","Это приложение загружалось дольше обычного, что привело к замедлению процесса запуска системы: 
    Имя файла		:	NVIDIA Overlay.exe
    Понятное имя		:	NVIDIA App
    Версия		:	128.4.13.14
    Общее время		:	3646мс
    Время замедления	:	1558мс
    Время события (UTC)	:	‎2026‎-‎05‎-‎24T16:17:43.906917400Z"
"24.05.2026 21:19:53","101","Предупреждение","Microsoft-Windows-Diagnostics-Performance","Это приложение загружалось дольше обычного, что привело к замедлению процесса запуска системы: 
    Имя файла		:	explorer.exe
    Понятное имя		:	Проводник
    Версия		:	10.0.19041.4522 (WinBuild.160101.0800)
    Общее время		:	5083мс
    Время замедления	:	2232мс
    Время события (UTC)	:	‎2026‎-‎05‎-‎24T16:17:43.906917400Z"
"24.05.2026 21:19:53","101","Предупреждение","Microsoft-Windows-Diagnostics-Performance","Это приложение загружалось дольше обычного, что привело к замедлению процесса запуска системы: 
    Имя файла		:	svchost.exe
    Понятное имя		:	Хост-процесс для служб Windows
    Версия		:	10.0.19041.4522 (WinBuild.160101.0800)
    Общее время		:	12366мс
    Время замедления	:	2916мс
    Время события (UTC)	:	‎2026‎-‎05‎-‎24T16:17:43.906917400Z"
"24.05.2026 21:19:53","100","Критический","Microsoft-Windows-Diagnostics-Performance","Windows запущена: 
     Длительность загрузки		:	120138ms
     IsDegradation		:	false
     Время события (UTC)	:	‎2026‎-‎05‎-‎24T16:17:43.906917400Z"
"24.05.2026 21:19:50","200","Предупреждение","Microsoft-Windows-Diagnostics-Performance","Завершение работы Windows 
    Продолжительность завершения работы	:	7633мс
    IsDegradation		:	false
    Время события (UTC)	:	‎2026‎-‎05‎-‎24T16:17:16.575172200Z"
"24.05.2026 21:10:06","101","Предупреждение","Microsoft-Windows-Diagnostics-Performance","Это приложение загружалось дольше обычного, что привело к замедлению процесса запуска системы: 
    Имя файла		:	SWVisualize.BoostService.exe
    Понятное имя		:	VizBoostService
    Версия		:	32.5.0.0048
    Общее время		:	1616мс
    Время замедления	:	608мс
    Время события (UTC)	:	‎2026‎-‎05‎-‎24T16:07:38.938102800Z"
"24.05.2026 21:10:06","100","Критический","Microsoft-Windows-Diagnostics-Performance","Windows запущена: 
     Длительность загрузки		:	141408ms
     IsDegradation		:	false
     Время события (UTC)	:	‎2026‎-‎05‎-‎24T16:07:38.938102800Z"
"24.05.2026 21:10:04","203","Предупреждение","Microsoft-Windows-Diagnostics-Performance","Эта служба вызвала замедление процесса завершения работы системы: 
    Имя файла		:	UsoSvc
    Понятное имя		:	Обновление службы сеанса оркестратора
    Версия		:	10.0.19041.4522 (WinBuild.160101.0800)
    Общее время		:	1313мс
    Время замедления	:	1011мс
    Время события (UTC)	:	‎2026‎-‎05‎-‎24T16:06:51.742740500Z"
"24.05.2026 21:10:04","200","Предупреждение","Microsoft-Windows-Diagnostics-Performance","Завершение работы Windows 
    Продолжительность завершения работы	:	20775мс
    IsDegradation		:	true
    Время события (UTC)	:	‎2026‎-‎05‎-‎24T16:06:51.742740500Z"
"24.05.2026 0:38:02","101","Предупреждение","Microsoft-Windows-Diagnostics-Performance","Это приложение загружалось дольше обычного, что привело к замедлению процесса запуска системы: 
    Имя файла		:	codex.exe
    Понятное имя		:	codex-windows-sandbox
    Версия		:	0.133.0-alpha.1
    Общее время		:	9168мс
    Время замедления	:	4168мс
    Время события (UTC)	:	‎2026‎-‎05‎-‎23T19:35:43.125807700Z"
"24.05.2026 0:38:02","101","Предупреждение","Microsoft-Windows-Diagnostics-Performance","Это приложение загружалось дольше обычного, что привело к замедлению процесса запуска системы: 
    Имя файла		:	Code.exe
    Понятное имя		:	Visual Studio Code
    Версия		:	1.115.0
    Общее время		:	23203мс
    Время замедления	:	18203мс
    Время события (UTC)	:	‎2026‎-‎05‎-‎23T19:35:43.125807700Z"
"24.05.2026 0:38:02","100","Критический","Microsoft-Windows-Diagnostics-Performance","Windows запущена: 
     Длительность загрузки		:	122782ms
     IsDegradation		:	false
     Время события (UTC)	:	‎2026‎-‎05‎-‎23T19:35:43.125807700Z"
"24.05.2026 0:37:57","200","Предупреждение","Microsoft-Windows-Diagnostics-Performance","Завершение работы Windows 
    Продолжительность завершения работы	:	17372мс
    IsDegradation		:	false
    Время события (UTC)	:	‎2026‎-‎05‎-‎23T18:19:32.624851700Z"
"16.05.2026 7:25:34","101","Предупреждение","Microsoft-Windows-Diagnostics-Performance","Это приложение загружалось дольше обычного, что привело к замедлению процесса запуска системы: 
    Имя файла		:	Integrator.exe
    Понятное имя		:	Microsoft Office Click-to-Run Integrator
    Версия		:	16.0.19929.20172
    Общее время		:	6104мс
    Время замедления	:	1104мс
    Время события (UTC)	:	‎2026‎-‎05‎-‎16T02:23:15.891322000Z"
"16.05.2026 7:25:34","101","Предупреждение","Microsoft-Windows-Diagnostics-Performance","Это приложение загружалось дольше обычного, что привело к замедлению процесса запуска системы: 
    Имя файла		:	msiexec.exe
    Понятное имя		:	Установщик Windows®
    Версия		:	5.0.19041.4522 (WinBuild.160101.0800)
    Общее время		:	7196мс
    Время замедления	:	2196мс
    Время события (UTC)	:	‎2026‎-‎05‎-‎16T02:23:15.891322000Z"
"16.05.2026 7:25:34","101","Предупреждение","Microsoft-Windows-Diagnostics-Performance","Это приложение загружалось дольше обычного, что привело к замедлению процесса запуска системы: 
    Имя файла		:	SearchIndexer.exe
    Понятное имя		:	Индексатор службы Microsoft Windows Search
    Версия		:	7.0.19041.4522 (WinBuild.160101.0800)
    Общее время		:	10886мс
    Время замедления	:	5886мс
    Время события (UTC)	:	‎2026‎-‎05‎-‎16T02:23:15.891322000Z"
"16.05.2026 7:25:34","101","Ошибка","Microsoft-Windows-Diagnostics-Performance","Это приложение загружалось дольше обычного, что привело к замедлению процесса запуска системы: 
    Имя файла		:	OllamaSetup.tmp
    Понятное имя		:	
    Версия		:	
    Общее время		:	48172мс
    Время замедления	:	43172мс
    Время события (UTC)	:	‎2026‎-‎05‎-‎16T02:23:15.891322000Z"
"16.05.2026 7:25:34","100","Ошибка","Microsoft-Windows-Diagnostics-Performance","Windows запущена: 
     Длительность загрузки		:	95238ms
     IsDegradation		:	false
     Время события (UTC)	:	‎2026‎-‎05‎-‎16T02:23:15.891322000Z"
"16.05.2026 7:10:43","101","Предупреждение","Microsoft-Windows-Diagnostics-Performance","Это приложение загружалось дольше обычного, что привело к замедлению процесса запуска системы: 
    Имя файла		:	WerFault.exe
    Понятное имя		:	Отчет об ошибках Windows
    Версия		:	10.0.19041.4522 (WinBuild.160101.0800)
    Общее время		:	2098мс
    Время замедления	:	1098мс
    Время события (UTC)	:	‎2026‎-‎05‎-‎16T02:08:35.907466800Z"
"16.05.2026 7:10:43","101","Предупреждение","Microsoft-Windows-Diagnostics-Performance","Это приложение загружалось дольше обычного, что привело к замедлению процесса запуска системы: 
    Имя файла		:	taskhostw.exe
    Понятное имя		:	Хост-процесс для задач Windows
    Версия		:	10.0.19041.4522 (WinBuild.160101.0800)
    Общее время		:	6906мс
    Время замедления	:	1906мс
    Время события (UTC)	:	‎2026‎-‎05‎-‎16T02:08:35.907466800Z"
"16.05.2026 7:10:43","100","Ошибка","Microsoft-Windows-Diagnostics-Performance","Windows запущена: 
     Длительность загрузки		:	70164ms
     IsDegradation		:	false
     Время события (UTC)	:	‎2026‎-‎05‎-‎16T02:08:35.907466800Z"
"16.05.2026 6:51:57","101","Предупреждение","Microsoft-Windows-Diagnostics-Performance","Это приложение загружалось дольше обычного, что привело к замедлению процесса запуска системы: 
    Имя файла		:	Docker Desktop.exe
    Понятное имя		:	Docker Desktop
    Версия		:	4.72.0.225998
    Общее время		:	6098мс
    Время замедления	:	1098мс
    Время события (UTC)	:	‎2026‎-‎05‎-‎16T01:49:29.891286000Z"
"16.05.2026 6:51:57","100","Ошибка","Microsoft-Windows-Diagnostics-Performance","Windows запущена: 
     Длительность загрузки		:	102332ms
     IsDegradation		:	false
     Время события (UTC)	:	‎2026‎-‎05‎-‎16T01:49:29.891286000Z"
"16.05.2026 6:40:38","100","Ошибка","Microsoft-Windows-Diagnostics-Performance","Windows запущена: 
     Длительность загрузки		:	72167ms
     IsDegradation		:	false
     Время события (UTC)	:	‎2026‎-‎05‎-‎16T01:38:28.922485800Z"
"13.05.2026 1:30:37","500","Предупреждение","Microsoft-Windows-Diagnostics-Performance","Диспетчер окон рабочего стола испытывает недостаток ресурсов. 
    Сценарий	:	Не хватает ресурсов видеопамяти, что приводит к пробуксовке. Уменьшение количества запущенных программ и открытых окон может исправить эту ситуацию."
"13.05.2026 1:00:46","500","Предупреждение","Microsoft-Windows-Diagnostics-Performance","Диспетчер окон рабочего стола испытывает недостаток ресурсов. 
    Сценарий	:	Не хватает ресурсов видеопамяти, что приводит к пробуксовке. Уменьшение количества запущенных программ и открытых окон может исправить эту ситуацию."
"12.05.2026 6:23:53","500","Предупреждение","Microsoft-Windows-Diagnostics-Performance","Диспетчер окон рабочего стола испытывает недостаток ресурсов. 
    Сценарий	:	Не хватает ресурсов видеопамяти, что приводит к пробуксовке. Уменьшение количества запущенных программ и открытых окон может исправить эту ситуацию."
"10.05.2026 11:22:06","101","Предупреждение","Microsoft-Windows-Diagnostics-Performance","Это приложение загружалось дольше обычного, что привело к замедлению процесса запуска системы: 
    Имя файла		:	sppsvc.exe
    Понятное имя		:	Служба платформы защиты программного обеспечения Майкрософт
    Версия		:	10.0.19041.4522 (WinBuild.160101.0800)
    Общее время		:	1336мс
    Время замедления	:	429мс
    Время события (UTC)	:	‎2026‎-‎05‎-‎10T06:18:54.156855400Z"
"10.05.2026 11:22:06","101","Предупреждение","Microsoft-Windows-Diagnostics-Performance","Это приложение загружалось дольше обычного, что привело к замедлению процесса запуска системы: 
    Имя файла		:	SWVisualize.Queue.Server.exe
    Понятное имя		:	SOLIDWORKS Visualize Queue Server
    Версия		:	32.5.0.0048
    Общее время		:	2864мс
    Время замедления	:	975мс
    Время события (UTC)	:	‎2026‎-‎05‎-‎10T06:18:54.156855400Z"
"10.05.2026 11:22:06","101","Предупреждение","Microsoft-Windows-Diagnostics-Performance","Это приложение загружалось дольше обычного, что привело к замедлению процесса запуска системы: 
    Имя файла		:	CorelDRW.exe
    Понятное имя		:	CorelDRAW 2024 (64-Bit)
    Версия		:	25.2.1.313
    Общее время		:	23539мс
    Время замедления	:	18539мс
    Время события (UTC)	:	‎2026‎-‎05‎-‎10T06:18:54.156855400Z"
"10.05.2026 11:22:06","100","Критический","Microsoft-Windows-Diagnostics-Performance","Windows запущена: 
     Длительность загрузки		:	169742ms
     IsDegradation		:	false
     Время события (UTC)	:	‎2026‎-‎05‎-‎10T06:18:54.156855400Z"
"09.05.2026 3:49:47","101","Предупреждение","Microsoft-Windows-Diagnostics-Performance","Это приложение загружалось дольше обычного, что привело к замедлению процесса запуска системы: 
    Имя файла		:	Anno117.exe
    Понятное имя		:	Anno 117: Pax Romana
    Версия		:	
    Общее время		:	27520мс
    Время замедления	:	22520мс
    Время события (UTC)	:	‎2026‎-‎05‎-‎08T22:47:46.906992400Z"
"09.05.2026 3:49:47","100","Критический","Microsoft-Windows-Diagnostics-Performance","Windows запущена: 
     Длительность загрузки		:	116967ms
     IsDegradation		:	false
     Время события (UTC)	:	‎2026‎-‎05‎-‎08T22:47:46.906992400Z"
"09.05.2026 3:49:45","200","Предупреждение","Microsoft-Windows-Diagnostics-Performance","Завершение работы Windows 
    Продолжительность завершения работы	:	13424мс
    IsDegradation		:	true
    Время события (UTC)	:	‎2026‎-‎05‎-‎08T22:47:12.736465200Z"
"09.05.2026 3:24:43","101","Ошибка","Microsoft-Windows-Diagnostics-Performance","Это приложение загружалось дольше обычного, что привело к замедлению процесса запуска системы: 
    Имя файла		:	OllamaSetup.tmp
    Понятное имя		:	
    Версия		:	
    Общее время		:	79020мс
    Время замедления	:	74020мс
    Время события (UTC)	:	‎2026‎-‎05‎-‎08T22:22:40.907562500Z"
"09.05.2026 3:24:43","100","Критический","Microsoft-Windows-Diagnostics-Performance","Windows запущена: 
     Длительность загрузки		:	116935ms
     IsDegradation		:	false
     Время события (UTC)	:	‎2026‎-‎05‎-‎08T22:22:40.907562500Z"
"09.05.2026 3:24:40","200","Предупреждение","Microsoft-Windows-Diagnostics-Performance","Завершение работы Windows 
    Продолжительность завершения работы	:	14874мс
    IsDegradation		:	true
    Время события (UTC)	:	‎2026‎-‎05‎-‎08T22:22:01.936699000Z"
"06.05.2026 7:01:04","101","Ошибка","Microsoft-Windows-Diagnostics-Performance","Это приложение загружалось дольше обычного, что привело к замедлению процесса запуска системы: 
    Имя файла		:	OllamaSetup.tmp
    Понятное имя		:	
    Версия		:	
    Общее время		:	70834мс
    Время замедления	:	65834мс
    Время события (UTC)	:	‎2026‎-‎05‎-‎06T01:58:38.891568200Z"
"06.05.2026 7:01:04","100","Критический","Microsoft-Windows-Diagnostics-Performance","Windows запущена: 
     Длительность загрузки		:	120522ms
     IsDegradation		:	false
     Время события (UTC)	:	‎2026‎-‎05‎-‎06T01:58:38.891568200Z"
"05.05.2026 19:50:46","101","Предупреждение","Microsoft-Windows-Diagnostics-Performance","Это приложение загружалось дольше обычного, что привело к замедлению процесса запуска системы: 
    Имя файла		:	WmiPrvSE.exe
    Понятное имя		:	WMI Provider Host
    Версия		:	10.0.19041.3636 (WinBuild.160101.0800)
    Общее время		:	1055мс
    Время замедления	:	55мс
    Время события (UTC)	:	‎2026‎-‎05‎-‎05T14:47:46.922486600Z"
"05.05.2026 19:50:46","101","Ошибка","Microsoft-Windows-Diagnostics-Performance","Это приложение загружалось дольше обычного, что привело к замедлению процесса запуска системы: 
    Имя файла		:	OllamaSetup.tmp
    Понятное имя		:	
    Версия		:	
    Общее время		:	45250мс
    Время замедления	:	40250мс
    Время события (UTC)	:	‎2026‎-‎05‎-‎05T14:47:46.922486600Z"
"05.05.2026 19:50:46","100","Ошибка","Microsoft-Windows-Diagnostics-Performance","Windows запущена: 
     Длительность загрузки		:	120479ms
     IsDegradation		:	false
     Время события (UTC)	:	‎2026‎-‎05‎-‎05T14:47:46.922486600Z"
"03.05.2026 8:55:45","101","Предупреждение","Microsoft-Windows-Diagnostics-Performance","Это приложение загружалось дольше обычного, что привело к замедлению процесса запуска системы: 
    Имя файла		:	Anno117.exe
    Понятное имя		:	Anno 117: Pax Romana
    Версия		:	
    Общее время		:	15133мс
    Время замедления	:	10133мс
    Время события (UTC)	:	‎2026‎-‎05‎-‎03T03:53:18.891366300Z"
"03.05.2026 8:55:45","100","Критический","Microsoft-Windows-Diagnostics-Performance","Windows запущена: 
     Длительность загрузки		:	124915ms
     IsDegradation		:	false
     Время события (UTC)	:	‎2026‎-‎05‎-‎03T03:53:18.891366300Z"
"03.05.2026 8:55:42","200","Предупреждение","Microsoft-Windows-Diagnostics-Performance","Завершение работы Windows 
    Продолжительность завершения работы	:	10815мс
    IsDegradation		:	true
    Время события (UTC)	:	‎2026‎-‎05‎-‎03T03:52:42.283055800Z"
"03.05.2026 8:47:17","100","Критический","Microsoft-Windows-Diagnostics-Performance","Windows запущена: 
     Длительность загрузки		:	114859ms
     IsDegradation		:	false
     Время события (UTC)	:	‎2026‎-‎05‎-‎03T03:45:09.938361400Z"
"03.05.2026 8:47:15","200","Предупреждение","Microsoft-Windows-Diagnostics-Performance","Завершение работы Windows 
    Продолжительность завершения работы	:	12346мс
    IsDegradation		:	false
    Время события (UTC)	:	‎2026‎-‎05‎-‎03T03:43:57.990163200Z"
"03.05.2026 8:20:06","101","Предупреждение","Microsoft-Windows-Diagnostics-Performance","Это приложение загружалось дольше обычного, что привело к замедлению процесса запуска системы: 
    Имя файла		:	Docker Desktop.exe
    Понятное имя		:	Docker Desktop
    Версия		:	4.50.0.209931
    Общее время		:	7078мс
    Время замедления	:	2078мс
    Время события (UTC)	:	‎2026‎-‎05‎-‎03T03:16:34.906948900Z"
"03.05.2026 8:20:06","101","Предупреждение","Microsoft-Windows-Diagnostics-Performance","Это приложение загружалось дольше обычного, что привело к замедлению процесса запуска системы: 
    Имя файла		:	explorer.exe
    Понятное имя		:	Проводник
    Версия		:	10.0.19041.4522 (WinBuild.160101.0800)
    Общее время		:	7359мс
    Время замедления	:	3096мс
    Время события (UTC)	:	‎2026‎-‎05‎-‎03T03:16:34.906948900Z"
"03.05.2026 8:20:06","101","Предупреждение","Microsoft-Windows-Diagnostics-Performance","Это приложение загружалось дольше обычного, что привело к замедлению процесса запуска системы: 
    Имя файла		:	svchost.exe
    Понятное имя		:	Хост-процесс для служб Windows
    Версия		:	10.0.19041.4522 (WinBuild.160101.0800)
    Общее время		:	7426мс
    Время замедления	:	4687мс
    Время события (UTC)	:	‎2026‎-‎05‎-‎03T03:16:34.906948900Z"
"03.05.2026 8:20:06","101","Предупреждение","Microsoft-Windows-Diagnostics-Performance","Это приложение загружалось дольше обычного, что привело к замедлению процесса запуска системы: 
    Имя файла		:	SearchIndexer.exe
    Понятное имя		:	Индексатор службы Microsoft Windows Search
    Версия		:	7.0.19041.4522 (WinBuild.160101.0800)
    Общее время		:	13014мс
    Время замедления	:	8014мс
    Время события (UTC)	:	‎2026‎-‎05‎-‎03T03:16:34.906948900Z"
"03.05.2026 8:20:06","100","Критический","Microsoft-Windows-Diagnostics-Performance","Windows запущена: 
     Длительность загрузки		:	192341ms
     IsDegradation		:	false
     Время события (UTC)	:	‎2026‎-‎05‎-‎03T03:16:34.906948900Z"
"03.05.2026 8:20:03","200","Ошибка","Microsoft-Windows-Diagnostics-Performance","Завершение работы Windows 
    Продолжительность завершения работы	:	94863мс
    IsDegradation		:	false
    Время события (UTC)	:	‎2026‎-‎05‎-‎03T03:14:38.489175500Z"
"03.05.2026 7:53:23","101","Предупреждение","Microsoft-Windows-Diagnostics-Performance","Это приложение загружалось дольше обычного, что привело к замедлению процесса запуска системы: 
    Имя файла		:	nvcontainer.exe
    Понятное имя		:	
    Версия		:	
    Общее время		:	1061мс
    Время замедления	:	61мс
    Время события (UTC)	:	‎2026‎-‎05‎-‎03T02:51:13.891371700Z"
"03.05.2026 7:53:23","101","Предупреждение","Microsoft-Windows-Diagnostics-Performance","Это приложение загружалось дольше обычного, что привело к замедлению процесса запуска системы: 
    Имя файла		:	NVDisplay.Container.exe
    Понятное имя		:	
    Версия		:	
    Общее время		:	2593мс
    Время замедления	:	1593мс
    Время события (UTC)	:	‎2026‎-‎05‎-‎03T02:51:13.891371700Z"
"03.05.2026 7:53:23","101","Предупреждение","Microsoft-Windows-Diagnostics-Performance","Это приложение загружалось дольше обычного, что привело к замедлению процесса запуска системы: 
    Имя файла		:	steamwebhelper.exe
    Понятное имя		:	
    Версия		:	
    Общее время		:	8921мс
    Время замедления	:	3921мс
    Время события (UTC)	:	‎2026‎-‎05‎-‎03T02:51:13.891371700Z"
"03.05.2026 7:53:23","100","Критический","Microsoft-Windows-Diagnostics-Performance","Windows запущена: 
     Длительность загрузки		:	124577ms
     IsDegradation		:	false
     Время события (UTC)	:	‎2026‎-‎05‎-‎03T02:51:13.891371700Z"
"03.05.2026 7:53:21","200","Предупреждение","Microsoft-Windows-Diagnostics-Performance","Завершение работы Windows 
    Продолжительность завершения работы	:	46641мс
    IsDegradation		:	false
    Время события (UTC)	:	‎2026‎-‎05‎-‎03T02:50:07.201124600Z"
"03.05.2026 6:43:35","108","Предупреждение","Microsoft-Windows-Diagnostics-Performance","Применение политики пользователя вызвало замедление процесса запуска системы: 
    Имя		:	PreShellInit
    Общее время		:	9307мс
    Время замедления	:	4109мс
    Время события (UTC)	:	‎2026‎-‎05‎-‎03T01:41:29.141022800Z"
"03.05.2026 6:43:35","101","Ошибка","Microsoft-Windows-Diagnostics-Performance","Это приложение загружалось дольше обычного, что привело к замедлению процесса запуска системы: 
    Имя файла		:	OllamaSetup.tmp
    Понятное имя		:	
    Версия		:	
    Общее время		:	76493мс
    Время замедления	:	71493мс
    Время события (UTC)	:	‎2026‎-‎05‎-‎03T01:41:29.141022800Z"
"03.05.2026 6:43:35","100","Критический","Microsoft-Windows-Diagnostics-Performance","Windows запущена: 
     Длительность загрузки		:	120588ms
     IsDegradation		:	false
     Время события (UTC)	:	‎2026‎-‎05‎-‎03T01:41:29.141022800Z"
"03.05.2026 6:43:32","200","Предупреждение","Microsoft-Windows-Diagnostics-Performance","Завершение работы Windows 
    Продолжительность завершения работы	:	14874мс
    IsDegradation		:	true
    Время события (UTC)	:	‎2026‎-‎05‎-‎03T01:40:51.102605500Z"
"02.05.2026 9:33:33","100","Критический","Microsoft-Windows-Diagnostics-Performance","Windows запущена: 
     Длительность загрузки		:	108538ms
     IsDegradation		:	false
     Время события (UTC)	:	‎2026‎-‎05‎-‎02T04:31:27.922794700Z"
"29.04.2026 17:36:10","100","Ошибка","Microsoft-Windows-Diagnostics-Performance","Windows запущена: 
     Длительность загрузки		:	88785ms
     IsDegradation		:	false
     Время события (UTC)	:	‎2026‎-‎04‎-‎29T12:34:08.938386600Z"
"29.04.2026 17:36:05","200","Предупреждение","Microsoft-Windows-Diagnostics-Performance","Завершение работы Windows 
    Продолжительность завершения работы	:	13765мс
    IsDegradation		:	true
    Время события (UTC)	:	‎2026‎-‎04‎-‎29T12:33:26.994365900Z"
"26.04.2026 10:40:25","100","Критический","Microsoft-Windows-Diagnostics-Performance","Windows запущена: 
     Длительность загрузки		:	124922ms
     IsDegradation		:	false
     Время события (UTC)	:	‎2026‎-‎04‎-‎26T05:37:59.922734400Z"
"26.04.2026 10:40:22","200","Предупреждение","Microsoft-Windows-Diagnostics-Performance","Завершение работы Windows 
    Продолжительность завершения работы	:	19579мс
    IsDegradation		:	false
    Время события (UTC)	:	‎2026‎-‎04‎-‎26T05:37:17.519883500Z"
"25.04.2026 19:15:32","101","Предупреждение","Microsoft-Windows-Diagnostics-Performance","Это приложение загружалось дольше обычного, что привело к замедлению процесса запуска системы: 
    Имя файла		:	codex.exe
    Понятное имя		:	codex-windows-sandbox
    Версия		:	0.125.0-alpha.3
    Общее время		:	20344мс
    Время замедления	:	15344мс
    Время события (UTC)	:	‎2026‎-‎04‎-‎25T14:13:15.141581100Z"
"25.04.2026 19:15:32","101","Ошибка","Microsoft-Windows-Diagnostics-Performance","Это приложение загружалось дольше обычного, что привело к замедлению процесса запуска системы: 
    Имя файла		:	Codex.exe
    Понятное имя		:	Codex
    Версия		:	2080
    Общее время		:	53764мс
    Время замедления	:	48764мс
    Время события (UTC)	:	‎2026‎-‎04‎-‎25T14:13:15.141581100Z"
"25.04.2026 19:15:32","101","Ошибка","Microsoft-Windows-Diagnostics-Performance","Это приложение загружалось дольше обычного, что привело к замедлению процесса запуска системы: 
    Имя файла		:	OllamaSetup.tmp
    Понятное имя		:	
    Версия		:	
    Общее время		:	71976мс
    Время замедления	:	66976мс
    Время события (UTC)	:	‎2026‎-‎04‎-‎25T14:13:15.141581100Z"
"25.04.2026 19:15:32","100","Критический","Microsoft-Windows-Diagnostics-Performance","Windows запущена: 
     Длительность загрузки		:	122663ms
     IsDegradation		:	false
     Время события (UTC)	:	‎2026‎-‎04‎-‎25T14:13:15.141581100Z"
"24.04.2026 2:07:48","101","Предупреждение","Microsoft-Windows-Diagnostics-Performance","Это приложение загружалось дольше обычного, что привело к замедлению процесса запуска системы: 
    Имя файла		:	com.docker.backend.exe
    Понятное имя		:	Docker Desktop Backend
    Версия		:	4.50.0.209931
    Общее время		:	6208мс
    Время замедления	:	1208мс
    Время события (UTC)	:	‎2026‎-‎04‎-‎23T21:05:41.938366400Z"
"24.04.2026 2:07:48","101","Предупреждение","Microsoft-Windows-Diagnostics-Performance","Это приложение загружалось дольше обычного, что привело к замедлению процесса запуска системы: 
    Имя файла		:	svchost.exe
    Понятное имя		:	Хост-процесс для служб Windows
    Версия		:	10.0.19041.4522 (WinBuild.160101.0800)
    Общее время		:	4317мс
    Время замедления	:	2454мс
    Время события (UTC)	:	‎2026‎-‎04‎-‎23T21:05:41.938366400Z"
"24.04.2026 2:07:48","101","Ошибка","Microsoft-Windows-Diagnostics-Performance","Это приложение загружалось дольше обычного, что привело к замедлению процесса запуска системы: 
    Имя файла		:	OllamaSetup.tmp
    Понятное имя		:	
    Версия		:	
    Общее время		:	38966мс
    Время замедления	:	33966мс
    Время события (UTC)	:	‎2026‎-‎04‎-‎23T21:05:41.938366400Z"
"24.04.2026 2:07:48","100","Ошибка","Microsoft-Windows-Diagnostics-Performance","Windows запущена: 
     Длительность загрузки		:	77347ms
     IsDegradation		:	false
     Время события (UTC)	:	‎2026‎-‎04‎-‎23T21:05:41.938366400Z"
"24.04.2026 2:07:44","200","Предупреждение","Microsoft-Windows-Diagnostics-Performance","Завершение работы Windows 
    Продолжительность завершения работы	:	18589мс
    IsDegradation		:	false
    Время события (UTC)	:	‎2026‎-‎04‎-‎23T19:40:21.730832000Z"
"22.04.2026 8:44:23","101","Предупреждение","Microsoft-Windows-Diagnostics-Performance","Это приложение загружалось дольше обычного, что привело к замедлению процесса запуска системы: 
    Имя файла		:	AdGuardVpnSvc.exe
    Понятное имя		:	AdGuard VPN for Windows
    Версия		:	2.7.1800.0
    Общее время		:	5426мс
    Время замедления	:	1283мс
    Время события (UTC)	:	‎2026‎-‎04‎-‎22T03:42:05.922889800Z"
"22.04.2026 8:44:23","101","Ошибка","Microsoft-Windows-Diagnostics-Performance","Это приложение загружалось дольше обычного, что привело к замедлению процесса запуска системы: 
    Имя файла		:	browser.exe
    Понятное имя		:	Yandex with voice assistant Alice
    Версия		:	26.3.3.884
    Общее время		:	81335мс
    Время замедления	:	20897мс
    Время события (UTC)	:	‎2026‎-‎04‎-‎22T03:42:05.922889800Z"
"22.04.2026 8:44:23","100","Критический","Microsoft-Windows-Diagnostics-Performance","Windows запущена: 
     Длительность загрузки		:	116003ms
     IsDegradation		:	false
     Время события (UTC)	:	‎2026‎-‎04‎-‎22T03:42:05.922889800Z"
"22.04.2026 1:41:11","101","Предупреждение","Microsoft-Windows-Diagnostics-Performance","Это приложение загружалось дольше обычного, что привело к замедлению процесса запуска системы: 
    Имя файла		:	AdGuardVpnSvc.exe
    Понятное имя		:	AdGuard VPN for Windows
    Версия		:	2.7.1800.0
    Общее время		:	6107мс
    Время замедления	:	2709мс
    Время события (UTC)	:	‎2026‎-‎04‎-‎21T20:39:12.922668100Z"
"22.04.2026 1:41:11","100","Критический","Microsoft-Windows-Diagnostics-Performance","Windows запущена: 
     Длительность загрузки		:	90505ms
     IsDegradation		:	false
     Время события (UTC)	:	‎2026‎-‎04‎-‎21T20:39:12.922668100Z"
"22.04.2026 1:41:09","200","Предупреждение","Microsoft-Windows-Diagnostics-Performance","Завершение работы Windows 
    Продолжительность завершения работы	:	15532мс
    IsDegradation		:	false
    Время события (UTC)	:	‎2026‎-‎04‎-‎21T20:38:32.935138100Z"
"20.04.2026 23:58:06","101","Предупреждение","Microsoft-Windows-Diagnostics-Performance","Это приложение загружалось дольше обычного, что привело к замедлению процесса запуска системы: 
    Имя файла		:	com.docker.backend.exe
    Понятное имя		:	Docker Desktop Backend
    Версия		:	4.50.0.209931
    Общее время		:	6924мс
    Время замедления	:	1924мс
    Время события (UTC)	:	‎2026‎-‎04‎-‎20T18:56:02.938352100Z"
"20.04.2026 23:58:06","101","Предупреждение","Microsoft-Windows-Diagnostics-Performance","Это приложение загружалось дольше обычного, что привело к замедлению процесса запуска системы: 
    Имя файла		:	Codex.exe
    Понятное имя		:	Codex
    Версия		:	1799
    Общее время		:	30561мс
    Время замедления	:	25561мс
    Время события (UTC)	:	‎2026‎-‎04‎-‎20T18:56:02.938352100Z"
"20.04.2026 23:58:06","100","Критический","Microsoft-Windows-Diagnostics-Performance","Windows запущена: 
     Длительность загрузки		:	99994ms
     IsDegradation		:	false
     Время события (UTC)	:	‎2026‎-‎04‎-‎20T18:56:02.938352100Z"
"20.04.2026 23:58:03","200","Предупреждение","Microsoft-Windows-Diagnostics-Performance","Завершение работы Windows 
    Продолжительность завершения работы	:	12235мс
    IsDegradation		:	false
    Время события (UTC)	:	‎2026‎-‎04‎-‎20T18:55:30.248194700Z"
"20.04.2026 22:19:18","101","Предупреждение","Microsoft-Windows-Diagnostics-Performance","Это приложение загружалось дольше обычного, что привело к замедлению процесса запуска системы: 
    Имя файла		:	com.docker.backend.exe
    Понятное имя		:	Docker Desktop Backend
    Версия		:	4.50.0.209931
    Общее время		:	5794мс
    Время замедления	:	794мс
    Время события (UTC)	:	‎2026‎-‎04‎-‎20T17:17:09.938477400Z"
"20.04.2026 22:19:18","101","Предупреждение","Microsoft-Windows-Diagnostics-Performance","Это приложение загружалось дольше обычного, что привело к замедлению процесса запуска системы: 
    Имя файла		:	msedgewebview2.exe
    Понятное имя		:	Microsoft Edge WebView2
    Версия		:	147.0.3912.72
    Общее время		:	13300мс
    Время замедления	:	8300мс
    Время события (UTC)	:	‎2026‎-‎04‎-‎20T17:17:09.938477400Z"
"20.04.2026 22:19:18","100","Ошибка","Microsoft-Windows-Diagnostics-Performance","Windows запущена: 
     Длительность загрузки		:	84067ms
     IsDegradation		:	false
     Время события (UTC)	:	‎2026‎-‎04‎-‎20T17:17:09.938477400Z"
"20.04.2026 0:09:05","101","Предупреждение","Microsoft-Windows-Diagnostics-Performance","Это приложение загружалось дольше обычного, что привело к замедлению процесса запуска системы: 
    Имя файла		:	nvcontainer.exe
    Понятное имя		:	NVIDIA Container
    Версия		:	gcomp_rel 35816461
    Общее время		:	8316мс
    Время замедления	:	2617мс
    Время события (UTC)	:	‎2026‎-‎04‎-‎19T19:07:05.922797700Z"
"20.04.2026 0:09:05","101","Предупреждение","Microsoft-Windows-Diagnostics-Performance","Это приложение загружалось дольше обычного, что привело к замедлению процесса запуска системы: 
    Имя файла		:	vmmem
    Понятное имя		:	
    Версия		:	
    Общее время		:	32153мс
    Время замедления	:	27153мс
    Время события (UTC)	:	‎2026‎-‎04‎-‎19T19:07:05.922797700Z"
"20.04.2026 0:09:05","101","Ошибка","Microsoft-Windows-Diagnostics-Performance","Это приложение загружалось дольше обычного, что привело к замедлению процесса запуска системы: 
    Имя файла		:	Codex.exe
    Понятное имя		:	Codex
    Версия		:	1799
    Общее время		:	37611мс
    Время замедления	:	32611мс
    Время события (UTC)	:	‎2026‎-‎04‎-‎19T19:07:05.922797700Z"
"20.04.2026 0:09:05","100","Критический","Microsoft-Windows-Diagnostics-Performance","Windows запущена: 
     Длительность загрузки		:	105864ms
     IsDegradation		:	false
     Время события (UTC)	:	‎2026‎-‎04‎-‎19T19:07:05.922797700Z"
"20.04.2026 0:09:02","200","Предупреждение","Microsoft-Windows-Diagnostics-Performance","Завершение работы Windows 
    Продолжительность завершения работы	:	20737мс
    IsDegradation		:	false
    Время события (UTC)	:	‎2026‎-‎04‎-‎19T19:06:23.791824200Z"
"19.04.2026 17:53:16","101","Предупреждение","Microsoft-Windows-Diagnostics-Performance","Это приложение загружалось дольше обычного, что привело к замедлению процесса запуска системы: 
    Имя файла		:	AdGuardVpnSvc.exe
    Понятное имя		:	AdGuard VPN for Windows
    Версия		:	2.7.1800.0
    Общее время		:	7754мс
    Время замедления	:	4257мс
    Время события (UTC)	:	‎2026‎-‎04‎-‎19T12:50:54.922706500Z"
"19.04.2026 17:53:16","101","Предупреждение","Microsoft-Windows-Diagnostics-Performance","Это приложение загружалось дольше обычного, что привело к замедлению процесса запуска системы: 
    Имя файла		:	vmmem
    Понятное имя		:	
    Версия		:	
    Общее время		:	30667мс
    Время замедления	:	25667мс
    Время события (UTC)	:	‎2026‎-‎04‎-‎19T12:50:54.922706500Z"
"19.04.2026 17:53:16","100","Критический","Microsoft-Windows-Diagnostics-Performance","Windows запущена: 
     Длительность загрузки		:	127199ms
     IsDegradation		:	false
     Время события (UTC)	:	‎2026‎-‎04‎-‎19T12:50:54.922706500Z"
"19.04.2026 17:53:13","200","Предупреждение","Microsoft-Windows-Diagnostics-Performance","Завершение работы Windows 
    Продолжительность завершения работы	:	16280мс
    IsDegradation		:	false
    Время события (UTC)	:	‎2026‎-‎04‎-‎19T12:50:17.053414600Z"
"19.04.2026 13:11:52","101","Предупреждение","Microsoft-Windows-Diagnostics-Performance","Это приложение загружалось дольше обычного, что привело к замедлению процесса запуска системы: 
    Имя файла		:	Docker Desktop.exe
    Понятное имя		:	Docker Desktop
    Версия		:	4.50.0.209931
    Общее время		:	5755мс
    Время замедления	:	755мс
    Время события (UTC)	:	‎2026‎-‎04‎-‎19T08:09:45.922710700Z"
"19.04.2026 13:11:52","101","Предупреждение","Microsoft-Windows-Diagnostics-Performance","Это приложение загружалось дольше обычного, что привело к замедлению процесса запуска системы: 
    Имя файла		:	msedgewebview2.exe
    Понятное имя		:	Microsoft Edge WebView2
    Версия		:	147.0.3912.72
    Общее время		:	8631мс
    Время замедления	:	3631мс
    Время события (UTC)	:	‎2026‎-‎04‎-‎19T08:09:45.922710700Z"
"19.04.2026 13:11:52","101","Ошибка","Microsoft-Windows-Diagnostics-Performance","Это приложение загружалось дольше обычного, что привело к замедлению процесса запуска системы: 
    Имя файла		:	vmmem
    Понятное имя		:	
    Версия		:	
    Общее время		:	34343мс
    Время замедления	:	29343мс
    Время события (UTC)	:	‎2026‎-‎04‎-‎19T08:09:45.922710700Z"
"19.04.2026 13:11:52","100","Ошибка","Microsoft-Windows-Diagnostics-Performance","Windows запущена: 
     Длительность загрузки		:	80672ms
     IsDegradation		:	false
     Время события (UTC)	:	‎2026‎-‎04‎-‎19T08:09:45.922710700Z"
"18.04.2026 18:42:34","108","Предупреждение","Microsoft-Windows-Diagnostics-Performance","Применение политики пользователя вызвало замедление процесса запуска системы: 
    Имя		:	PreShellInit
    Общее время		:	5935мс
    Время замедления	:	2097мс
    Время события (UTC)	:	‎2026‎-‎04‎-‎18T13:40:11.938719900Z"
"18.04.2026 18:42:34","101","Предупреждение","Microsoft-Windows-Diagnostics-Performance","Это приложение загружалось дольше обычного, что привело к замедлению процесса запуска системы: 
    Имя файла		:	SWVisualize.Queue.Server.exe
    Понятное имя		:	SOLIDWORKS Visualize Queue Server
    Версия		:	32.5.0.0048
    Общее время		:	2502мс
    Время замедления	:	662мс
    Время события (UTC)	:	‎2026‎-‎04‎-‎18T13:40:11.938719900Z"
"18.04.2026 18:42:34","101","Предупреждение","Microsoft-Windows-Diagnostics-Performance","Это приложение загружалось дольше обычного, что привело к замедлению процесса запуска системы: 
    Имя файла		:	svchost.exe
    Понятное имя		:	Хост-процесс для служб Windows
    Версия		:	10.0.19041.4522 (WinBuild.160101.0800)
    Общее время		:	8662мс
    Время замедления	:	5045мс
    Время события (UTC)	:	‎2026‎-‎04‎-‎18T13:40:11.938719900Z"
"18.04.2026 18:42:34","100","Критический","Microsoft-Windows-Diagnostics-Performance","Windows запущена: 
     Длительность загрузки		:	123919ms
     IsDegradation		:	false
     Время события (UTC)	:	‎2026‎-‎04‎-‎18T13:40:11.938719900Z"
"18.04.2026 18:42:33","200","Предупреждение","Microsoft-Windows-Diagnostics-Performance","Завершение работы Windows 
    Продолжительность завершения работы	:	16665мс
    IsDegradation		:	false
    Время события (UTC)	:	‎2026‎-‎04‎-‎18T13:39:31.963459300Z"
"17.04.2026 17:09:31","101","Предупреждение","Microsoft-Windows-Diagnostics-Performance","Это приложение загружалось дольше обычного, что привело к замедлению процесса запуска системы: 
    Имя файла		:	nvcontainer.exe
    Понятное имя		:	NVIDIA Container
    Версия		:	gcomp_rel 35816461
    Общее время		:	1587мс
    Время замедления	:	991мс
    Время события (UTC)	:	‎2026‎-‎04‎-‎17T12:07:10.922895100Z"
"17.04.2026 17:09:31","101","Предупреждение","Microsoft-Windows-Diagnostics-Performance","Это приложение загружалось дольше обычного, что привело к замедлению процесса запуска системы: 
    Имя файла		:	OfficeClickToRun.exe
    Понятное имя		:	Microsoft Office Click-to-Run (SxS)
    Версия		:	16.0.19822.20168
    Общее время		:	3721мс
    Время замедления	:	1945мс
    Время события (UTC)	:	‎2026‎-‎04‎-‎17T12:07:10.922895100Z"
"17.04.2026 17:09:31","101","Предупреждение","Microsoft-Windows-Diagnostics-Performance","Это приложение загружалось дольше обычного, что привело к замедлению процесса запуска системы: 
    Имя файла		:	node.exe
    Понятное имя		:	Node.js JavaScript Runtime
    Версия		:	24.14.1
    Общее время		:	9678мс
    Время замедления	:	4678мс
    Время события (UTC)	:	‎2026‎-‎04‎-‎17T12:07:10.922895100Z"
"17.04.2026 17:09:31","101","Предупреждение","Microsoft-Windows-Diagnostics-Performance","Это приложение загружалось дольше обычного, что привело к замедлению процесса запуска системы: 
    Имя файла		:	Antigravity.exe
    Понятное имя		:	Antigravity
    Версия		:	1.23.2
    Общее время		:	35510мс
    Время замедления	:	30510мс
    Время события (UTC)	:	‎2026‎-‎04‎-‎17T12:07:10.922895100Z"
"17.04.2026 17:09:31","101","Ошибка","Microsoft-Windows-Diagnostics-Performance","Это приложение загружалось дольше обычного, что привело к замедлению процесса запуска системы: 
    Имя файла		:	OllamaSetup.tmp
    Понятное имя		:	
    Версия		:	
    Общее время		:	77754мс
    Время замедления	:	72754мс
    Время события (UTC)	:	‎2026‎-‎04‎-‎17T12:07:10.922895100Z"
"17.04.2026 17:09:31","100","Критический","Microsoft-Windows-Diagnostics-Performance","Windows запущена: 
     Длительность загрузки		:	134303ms
     IsDegradation		:	false
     Время события (UTC)	:	‎2026‎-‎04‎-‎17T12:07:10.922895100Z"
"17.04.2026 17:09:27","200","Предупреждение","Microsoft-Windows-Diagnostics-Performance","Завершение работы Windows 
    Продолжительность завершения работы	:	14253мс
    IsDegradation		:	false
    Время события (UTC)	:	‎2026‎-‎04‎-‎17T12:06:34.197681900Z"
"17.04.2026 9:19:15","101","Предупреждение","Microsoft-Windows-Diagnostics-Performance","Это приложение загружалось дольше обычного, что привело к замедлению процесса запуска системы: 
    Имя файла		:	OfficeClickToRun.exe
    Понятное имя		:	Microsoft Office Click-to-Run (SxS)
    Версия		:	16.0.19822.20168
    Общее время		:	3657мс
    Время замедления	:	1104мс
    Время события (UTC)	:	‎2026‎-‎04‎-‎17T04:17:00.188200500Z"
"17.04.2026 9:19:15","100","Критический","Microsoft-Windows-Diagnostics-Performance","Windows запущена: 
     Длительность загрузки		:	116636ms
     IsDegradation		:	false
     Время события (UTC)	:	‎2026‎-‎04‎-‎17T04:17:00.188200500Z"
"17.04.2026 9:19:13","200","Предупреждение","Microsoft-Windows-Diagnostics-Performance","Завершение работы Windows 
    Продолжительность завершения работы	:	13556мс
    IsDegradation		:	true
    Время события (UTC)	:	‎2026‎-‎04‎-‎17T04:16:23.266362900Z"
"16.04.2026 13:56:38","101","Предупреждение","Microsoft-Windows-Diagnostics-Performance","Это приложение загружалось дольше обычного, что привело к замедлению процесса запуска системы: 
    Имя файла		:	browser.exe
    Понятное имя		:	Yandex with voice assistant Alice
    Версия		:	26.3.3.884
    Общее время		:	6992мс
    Время замедления	:	1992мс
    Время события (UTC)	:	‎2026‎-‎04‎-‎16T08:28:25.938261500Z"
"16.04.2026 13:56:38","100","Ошибка","Microsoft-Windows-Diagnostics-Performance","Windows запущена: 
     Длительность загрузки		:	96161ms
     IsDegradation		:	false
     Время события (UTC)	:	‎2026‎-‎04‎-‎16T08:28:25.938261500Z"
"15.04.2026 14:28:22","500","Предупреждение","Microsoft-Windows-Diagnostics-Performance","Диспетчер окон рабочего стола испытывает недостаток ресурсов. 
    Сценарий	:	Не хватает ресурсов видеопамяти, что приводит к пробуксовке. Уменьшение количества запущенных программ и открытых окон может исправить эту ситуацию."
"15.04.2026 13:58:12","101","Предупреждение","Microsoft-Windows-Diagnostics-Performance","Это приложение загружалось дольше обычного, что привело к замедлению процесса запуска системы: 
    Имя файла		:	svchost.exe
    Понятное имя		:	Хост-процесс для служб Windows
    Версия		:	10.0.19041.4522 (WinBuild.160101.0800)
    Общее время		:	2219мс
    Время замедления	:	546мс
    Время события (UTC)	:	‎2026‎-‎04‎-‎15T08:56:02.922883000Z"
"15.04.2026 13:58:12","101","Предупреждение","Microsoft-Windows-Diagnostics-Performance","Это приложение загружалось дольше обычного, что привело к замедлению процесса запуска системы: 
    Имя файла		:	nvcontainer.exe
    Понятное имя		:	NVIDIA Container
    Версия		:	gcomp_rel 35816461
    Общее время		:	7222мс
    Время замедления	:	1954мс
    Время события (UTC)	:	‎2026‎-‎04‎-‎15T08:56:02.922883000Z"
"15.04.2026 13:58:12","101","Ошибка","Microsoft-Windows-Diagnostics-Performance","Это приложение загружалось дольше обычного, что привело к замедлению процесса запуска системы: 
    Имя файла		:	browser.exe
    Понятное имя		:	Yandex with voice assistant Alice
    Версия		:	26.3.3.869
    Общее время		:	31170мс
    Время замедления	:	26170мс
    Время события (UTC)	:	‎2026‎-‎04‎-‎15T08:56:02.922883000Z"
"15.04.2026 13:58:12","101","Ошибка","Microsoft-Windows-Diagnostics-Performance","Это приложение загружалось дольше обычного, что привело к замедлению процесса запуска системы: 
    Имя файла		:	OllamaSetup.tmp
    Понятное имя		:	
    Версия		:	
    Общее время		:	69957мс
    Время замедления	:	64957мс
    Время события (UTC)	:	‎2026‎-‎04‎-‎15T08:56:02.922883000Z"
"15.04.2026 13:58:12","100","Критический","Microsoft-Windows-Diagnostics-Performance","Windows запущена: 
     Длительность загрузки		:	108423ms
     IsDegradation		:	true
     Время события (UTC)	:	‎2026‎-‎04‎-‎15T08:56:02.922883000Z"
"15.04.2026 13:58:10","200","Предупреждение","Microsoft-Windows-Diagnostics-Performance","Завершение работы Windows 
    Продолжительность завершения работы	:	18703мс
    IsDegradation		:	false
    Время события (UTC)	:	‎2026‎-‎04‎-‎15T05:46:44.069733800Z"
"10.04.2026 21:46:11","108","Предупреждение","Microsoft-Windows-Diagnostics-Performance","Применение политики пользователя вызвало замедление процесса запуска системы: 
    Имя		:	PreShellInit
    Общее время		:	3850мс
    Время замедления	:	2695мс
    Время события (UTC)	:	‎2026‎-‎04‎-‎10T16:43:33.922712700Z"
"10.04.2026 21:46:11","101","Предупреждение","Microsoft-Windows-Diagnostics-Performance","Это приложение загружалось дольше обычного, что привело к замедлению процесса запуска системы: 
    Имя файла		:	browser.exe
    Понятное имя		:	Yandex with voice assistant Alice
    Версия		:	26.3.3.862
    Общее время		:	26395мс
    Время замедления	:	21395мс
    Время события (UTC)	:	‎2026‎-‎04‎-‎10T16:43:33.922712700Z"
"10.04.2026 21:46:11","101","Ошибка","Microsoft-Windows-Diagnostics-Performance","Это приложение загружалось дольше обычного, что привело к замедлению процесса запуска системы: 
    Имя файла		:	OllamaSetup.tmp
    Понятное имя		:	
    Версия		:	
    Общее время		:	76939мс
    Время замедления	:	71939мс
    Время события (UTC)	:	‎2026‎-‎04‎-‎10T16:43:33.922712700Z"
"10.04.2026 21:46:11","100","Критический","Microsoft-Windows-Diagnostics-Performance","Windows запущена: 
     Длительность загрузки		:	139930ms
     IsDegradation		:	true
     Время события (UTC)	:	‎2026‎-‎04‎-‎10T16:43:33.922712700Z"
"09.04.2026 18:44:14","101","Предупреждение","Microsoft-Windows-Diagnostics-Performance","Это приложение загружалось дольше обычного, что привело к замедлению процесса запуска системы: 
    Имя файла		:	sppsvc.exe
    Понятное имя		:	Служба платформы защиты программного обеспечения Майкрософт
    Версия		:	10.0.19041.4522 (WinBuild.160101.0800)
    Общее время		:	1636мс
    Время замедления	:	668мс
    Время события (UTC)	:	‎2026‎-‎04‎-‎09T13:41:58.141419800Z"
"09.04.2026 18:44:14","100","Ошибка","Microsoft-Windows-Diagnostics-Performance","Windows запущена: 
     Длительность загрузки		:	89641ms
     IsDegradation		:	false
     Время события (UTC)	:	‎2026‎-‎04‎-‎09T13:41:58.141419800Z"
"09.04.2026 13:23:55","101","Предупреждение","Microsoft-Windows-Diagnostics-Performance","Это приложение загружалось дольше обычного, что привело к замедлению процесса запуска системы: 
    Имя файла		:	max.exe
    Понятное имя		:	
    Версия		:	
    Общее время		:	8542мс
    Время замедления	:	3542мс
    Время события (UTC)	:	‎2026‎-‎04‎-‎09T08:21:17.922691400Z"
"09.04.2026 13:23:55","101","Ошибка","Microsoft-Windows-Diagnostics-Performance","Это приложение загружалось дольше обычного, что привело к замедлению процесса запуска системы: 
    Имя файла		:	OllamaSetup.tmp
    Понятное имя		:	
    Версия		:	
    Общее время		:	65674мс
    Время замедления	:	60674мс
    Время события (UTC)	:	‎2026‎-‎04‎-‎09T08:21:17.922691400Z"
"09.04.2026 13:23:55","100","Критический","Microsoft-Windows-Diagnostics-Performance","Windows запущена: 
     Длительность загрузки		:	127529ms
     IsDegradation		:	false
     Время события (UTC)	:	‎2026‎-‎04‎-‎09T08:21:17.922691400Z"
"09.04.2026 13:23:53","200","Предупреждение","Microsoft-Windows-Diagnostics-Performance","Завершение работы Windows 
    Продолжительность завершения работы	:	16180мс
    IsDegradation		:	false
    Время события (UTC)	:	‎2026‎-‎04‎-‎09T00:53:31.346956500Z"
"02.04.2026 16:51:26","101","Ошибка","Microsoft-Windows-Diagnostics-Performance","Это приложение загружалось дольше обычного, что привело к замедлению процесса запуска системы: 
    Имя файла		:	OllamaSetup.tmp
    Понятное имя		:	
    Версия		:	
    Общее время		:	66029мс
    Время замедления	:	61029мс
    Время события (UTC)	:	‎2026‎-‎04‎-‎02T11:49:13.125819500Z"
"02.04.2026 16:51:26","100","Критический","Microsoft-Windows-Diagnostics-Performance","Windows запущена: 
     Длительность загрузки		:	117007ms
     IsDegradation		:	false
     Время события (UTC)	:	‎2026‎-‎04‎-‎02T11:49:13.125819500Z"
"02.04.2026 16:51:25","200","Предупреждение","Microsoft-Windows-Diagnostics-Performance","Завершение работы Windows 
    Продолжительность завершения работы	:	14523мс
    IsDegradation		:	false
    Время события (UTC)	:	‎2026‎-‎04‎-‎01T22:21:39.527344000Z"
"28.03.2026 15:56:08","100","Ошибка","Microsoft-Windows-Diagnostics-Performance","Windows запущена: 
     Длительность загрузки		:	108170ms
     IsDegradation		:	false
     Время события (UTC)	:	‎2026‎-‎03‎-‎28T10:53:18.922733500Z"
"28.03.2026 1:54:29","100","Критический","Microsoft-Windows-Diagnostics-Performance","Windows запущена: 
     Длительность загрузки		:	93799ms
     IsDegradation		:	false
     Время события (UTC)	:	‎2026‎-‎03‎-‎27T20:52:23.938163900Z"
"27.03.2026 20:13:06","101","Предупреждение","Microsoft-Windows-Diagnostics-Performance","Это приложение загружалось дольше обычного, что привело к замедлению процесса запуска системы: 
    Имя файла		:	orca-slicer.exe
    Понятное имя		:	OrcaSlicer
    Версия		:	
    Общее время		:	7568мс
    Время замедления	:	2568мс
    Время события (UTC)	:	‎2026‎-‎03‎-‎27T15:08:45.923179500Z"
"27.03.2026 20:13:06","100","Ошибка","Microsoft-Windows-Diagnostics-Performance","Windows запущена: 
     Длительность загрузки		:	99593ms
     IsDegradation		:	false
     Время события (UTC)	:	‎2026‎-‎03‎-‎27T15:08:45.923179500Z"
"26.03.2026 19:50:29","101","Предупреждение","Microsoft-Windows-Diagnostics-Performance","Это приложение загружалось дольше обычного, что привело к замедлению процесса запуска системы: 
    Имя файла		:	SWVisualize.Queue.Server.exe
    Понятное имя		:	SOLIDWORKS Visualize Queue Server
    Версия		:	32.5.0.0048
    Общее время		:	1932мс
    Время замедления	:	699мс
    Время события (UTC)	:	‎2026‎-‎03‎-‎26T14:48:26.907089800Z"
"26.03.2026 19:50:29","101","Предупреждение","Microsoft-Windows-Diagnostics-Performance","Это приложение загружалось дольше обычного, что привело к замедлению процесса запуска системы: 
    Имя файла		:	orca-slicer.exe
    Понятное имя		:	OrcaSlicer
    Версия		:	
    Общее время		:	10189мс
    Время замедления	:	5189мс
    Время события (UTC)	:	‎2026‎-‎03‎-‎26T14:48:26.907089800Z"
"26.03.2026 19:50:29","100","Критический","Microsoft-Windows-Diagnostics-Performance","Windows запущена: 
     Длительность загрузки		:	101456ms
     IsDegradation		:	false
     Время события (UTC)	:	‎2026‎-‎03‎-‎26T14:48:26.907089800Z"
"26.03.2026 19:50:26","200","Предупреждение","Microsoft-Windows-Diagnostics-Performance","Завершение работы Windows 
    Продолжительность завершения работы	:	10573мс
    IsDegradation		:	false
    Время события (UTC)	:	‎2026‎-‎03‎-‎26T14:47:55.192957600Z"
"26.03.2026 19:20:01","101","Ошибка","Microsoft-Windows-Diagnostics-Performance","Это приложение загружалось дольше обычного, что привело к замедлению процесса запуска системы: 
    Имя файла		:	OllamaSetup.tmp
    Понятное имя		:	
    Версия		:	
    Общее время		:	40382мс
    Время замедления	:	35382мс
    Время события (UTC)	:	‎2026‎-‎03‎-‎26T14:13:01.922692200Z"
"26.03.2026 19:20:01","100","Ошибка","Microsoft-Windows-Diagnostics-Performance","Windows запущена: 
     Длительность загрузки		:	102315ms
     IsDegradation		:	true
     Время события (UTC)	:	‎2026‎-‎03‎-‎26T14:13:01.922692200Z"
"25.03.2026 11:44:44","100","Критический","Microsoft-Windows-Diagnostics-Performance","Windows запущена: 
     Длительность загрузки		:	111346ms
     IsDegradation		:	false
     Время события (UTC)	:	‎2026‎-‎03‎-‎25T06:42:18.157159500Z"
"23.03.2026 20:10:22","101","Ошибка","Microsoft-Windows-Diagnostics-Performance","Это приложение загружалось дольше обычного, что привело к замедлению процесса запуска системы: 
    Имя файла		:	OllamaSetup.tmp
    Понятное имя		:	
    Версия		:	
    Общее время		:	45464мс
    Время замедления	:	40464мс
    Время события (UTC)	:	‎2026‎-‎03‎-‎23T14:56:02.922720600Z"
"23.03.2026 20:10:22","100","Ошибка","Microsoft-Windows-Diagnostics-Performance","Windows запущена: 
     Длительность загрузки		:	108874ms
     IsDegradation		:	false
     Время события (UTC)	:	‎2026‎-‎03‎-‎23T14:56:02.922720600Z"
"20.03.2026 11:12:01","101","Предупреждение","Microsoft-Windows-Diagnostics-Performance","Это приложение загружалось дольше обычного, что привело к замедлению процесса запуска системы: 
    Имя файла		:	SWVisualize.Queue.Server.exe
    Понятное имя		:	SOLIDWORKS Visualize Queue Server
    Версия		:	32.5.0.0048
    Общее время		:	2036мс
    Время замедления	:	1410мс
    Время события (UTC)	:	‎2026‎-‎03‎-‎20T06:09:53.907173600Z"
"20.03.2026 11:12:01","101","Ошибка","Microsoft-Windows-Diagnostics-Performance","Это приложение загружалось дольше обычного, что привело к замедлению процесса запуска системы: 
    Имя файла		:	OllamaSetup.tmp
    Понятное имя		:	
    Версия		:	
    Общее время		:	46334мс
    Время замедления	:	41334мс
    Время события (UTC)	:	‎2026‎-‎03‎-‎20T06:09:53.907173600Z"
"20.03.2026 11:12:01","100","Ошибка","Microsoft-Windows-Diagnostics-Performance","Windows запущена: 
     Длительность загрузки		:	84882ms
     IsDegradation		:	false
     Время события (UTC)	:	‎2026‎-‎03‎-‎20T06:09:53.907173600Z"
"17.03.2026 10:58:14","101","Ошибка","Microsoft-Windows-Diagnostics-Performance","Это приложение загружалось дольше обычного, что привело к замедлению процесса запуска системы: 
    Имя файла		:	OllamaSetup.tmp
    Понятное имя		:	
    Версия		:	
    Общее время		:	75362мс
    Время замедления	:	70362мс
    Время события (UTC)	:	‎2026‎-‎03‎-‎17T05:52:09.141377300Z"
"17.03.2026 10:58:14","100","Критический","Microsoft-Windows-Diagnostics-Performance","Windows запущена: 
     Длительность загрузки		:	143856ms
     IsDegradation		:	false
     Время события (UTC)	:	‎2026‎-‎03‎-‎17T05:52:09.141377300Z"
"13.03.2026 10:56:47","108","Предупреждение","Microsoft-Windows-Diagnostics-Performance","Применение политики пользователя вызвало замедление процесса запуска системы: 
    Имя		:	PreShellInit
    Общее время		:	11405мс
    Время замедления	:	7144мс
    Время события (UTC)	:	‎2026‎-‎03‎-‎13T05:54:35.922874400Z"
"13.03.2026 10:56:47","101","Предупреждение","Microsoft-Windows-Diagnostics-Performance","Это приложение загружалось дольше обычного, что привело к замедлению процесса запуска системы: 
    Имя файла		:	SLDWORKS.exe
    Понятное имя		:	SolidWorks
    Версия		:	32.5.0.0048
    Общее время		:	12477мс
    Время замедления	:	7477мс
    Время события (UTC)	:	‎2026‎-‎03‎-‎13T05:54:35.922874400Z"
"13.03.2026 10:56:47","100","Ошибка","Microsoft-Windows-Diagnostics-Performance","Windows запущена: 
     Длительность загрузки		:	93110ms
     IsDegradation		:	false
     Время события (UTC)	:	‎2026‎-‎03‎-‎13T05:54:35.922874400Z"
"13.03.2026 10:56:43","200","Предупреждение","Microsoft-Windows-Diagnostics-Performance","Завершение работы Windows 
    Продолжительность завершения работы	:	17496мс
    IsDegradation		:	false
    Время события (UTC)	:	‎2026‎-‎03‎-‎13T05:53:38.213053100Z"
"08.03.2026 21:31:12","101","Предупреждение","Microsoft-Windows-Diagnostics-Performance","Это приложение загружалось дольше обычного, что привело к замедлению процесса запуска системы: 
    Имя файла		:	SearchIndexer.exe
    Понятное имя		:	Индексатор службы Microsoft Windows Search
    Версия		:	7.0.19041.4522 (WinBuild.160101.0800)
    Общее время		:	4994мс
    Время замедления	:	3994мс
    Время события (UTC)	:	‎2026‎-‎03‎-‎08T16:28:55.922676400Z"
"08.03.2026 21:31:12","101","Предупреждение","Microsoft-Windows-Diagnostics-Performance","Это приложение загружалось дольше обычного, что привело к замедлению процесса запуска системы: 
    Имя файла		:	svchost.exe
    Понятное имя		:	Хост-процесс для служб Windows
    Версия		:	10.0.19041.4522 (WinBuild.160101.0800)
    Общее время		:	11752мс
    Время замедления	:	6322мс
    Время события (UTC)	:	‎2026‎-‎03‎-‎08T16:28:55.922676400Z"
"08.03.2026 21:31:12","100","Критический","Microsoft-Windows-Diagnostics-Performance","Windows запущена: 
     Длительность загрузки		:	105491ms
     IsDegradation		:	false
     Время события (UTC)	:	‎2026‎-‎03‎-‎08T16:28:55.922676400Z"
"07.03.2026 10:20:11","101","Предупреждение","Microsoft-Windows-Diagnostics-Performance","Это приложение загружалось дольше обычного, что привело к замедлению процесса запуска системы: 
    Имя файла		:	WWAHost.exe
    Понятное имя		:	Узел WWA (Майкрософт)
    Версия		:	10.0.19041.4522 (WinBuild.160101.0800)
    Общее время		:	2598мс
    Время замедления	:	98мс
    Время события (UTC)	:	‎2026‎-‎03‎-‎07T05:17:34.125854000Z"
"07.03.2026 10:20:11","101","Предупреждение","Microsoft-Windows-Diagnostics-Performance","Это приложение загружалось дольше обычного, что привело к замедлению процесса запуска системы: 
    Имя файла		:	SyncLight.exe
    Понятное имя		:	SyncLight
    Версия		:	2.17.1
    Общее время		:	7896мс
    Время замедления	:	2896мс
    Время события (UTC)	:	‎2026‎-‎03‎-‎07T05:17:34.125854000Z"
"07.03.2026 10:20:11","101","Ошибка","Microsoft-Windows-Diagnostics-Performance","Это приложение загружалось дольше обычного, что привело к замедлению процесса запуска системы: 
    Имя файла		:	OllamaSetup.tmp
    Понятное имя		:	
    Версия		:	
    Общее время		:	42564мс
    Время замедления	:	37564мс
    Время события (UTC)	:	‎2026‎-‎03‎-‎07T05:17:34.125854000Z"
"07.03.2026 10:20:11","100","Ошибка","Microsoft-Windows-Diagnostics-Performance","Windows запущена: 
     Длительность загрузки		:	104402ms
     IsDegradation		:	true
     Время события (UTC)	:	‎2026‎-‎03‎-‎07T05:17:34.125854000Z"
"01.03.2026 1:41:01","101","Предупреждение","Microsoft-Windows-Diagnostics-Performance","Это приложение загружалось дольше обычного, что привело к замедлению процесса запуска системы: 
    Имя файла		:	nvngx_update.exe
    Понятное имя		:	NGX Updater
    Версия		:	32.0.15.9144
    Общее время		:	2605мс
    Время замедления	:	105мс
    Время события (UTC)	:	‎2026‎-‎02‎-‎28T20:38:41.938148600Z"
"01.03.2026 1:41:01","101","Предупреждение","Microsoft-Windows-Diagnostics-Performance","Это приложение загружалось дольше обычного, что привело к замедлению процесса запуска системы: 
    Имя файла		:	nvcontainer.exe
    Понятное имя		:	NVIDIA Container
    Версия		:	gcomp_rel 35816461
    Общее время		:	7116мс
    Время замедления	:	3089мс
    Время события (UTC)	:	‎2026‎-‎02‎-‎28T20:38:41.938148600Z"
"01.03.2026 1:41:01","101","Предупреждение","Microsoft-Windows-Diagnostics-Performance","Это приложение загружалось дольше обычного, что привело к замедлению процесса запуска системы: 
    Имя файла		:	SyncLight.exe
    Понятное имя		:	SyncLight
    Версия		:	2.17.1
    Общее время		:	13132мс
    Время замедления	:	8132мс
    Время события (UTC)	:	‎2026‎-‎02‎-‎28T20:38:41.938148600Z"
"01.03.2026 1:41:01","100","Ошибка","Microsoft-Windows-Diagnostics-Performance","Windows запущена: 
     Длительность загрузки		:	89109ms
     IsDegradation		:	false
     Время события (UTC)	:	‎2026‎-‎02‎-‎28T20:38:41.938148600Z"
"28.02.2026 9:55:50","101","Предупреждение","Microsoft-Windows-Diagnostics-Performance","Это приложение загружалось дольше обычного, что привело к замедлению процесса запуска системы: 
    Имя файла		:	SearchIndexer.exe
    Понятное имя		:	Индексатор службы Microsoft Windows Search
    Версия		:	7.0.19041.4522 (WinBuild.160101.0800)
    Общее время		:	5303мс
    Время замедления	:	329мс
    Время события (UTC)	:	‎2026‎-‎02‎-‎28T04:53:00.969452500Z"
"28.02.2026 9:55:50","101","Предупреждение","Microsoft-Windows-Diagnostics-Performance","Это приложение загружалось дольше обычного, что привело к замедлению процесса запуска системы: 
    Имя файла		:	BeWidgets.exe
    Понятное имя		:	BeWidgets
    Версия		:	1.0.0.0
    Общее время		:	5417мс
    Время замедления	:	417мс
    Время события (UTC)	:	‎2026‎-‎02‎-‎28T04:53:00.969452500Z"
"28.02.2026 9:55:50","101","Предупреждение","Microsoft-Windows-Diagnostics-Performance","Это приложение загружалось дольше обычного, что привело к замедлению процесса запуска системы: 
    Имя файла		:	SyncLight.exe
    Понятное имя		:	SyncLight
    Версия		:	2.17.1
    Общее время		:	7886мс
    Время замедления	:	2886мс
    Время события (UTC)	:	‎2026‎-‎02‎-‎28T04:53:00.969452500Z"
"28.02.2026 9:55:50","101","Предупреждение","Microsoft-Windows-Diagnostics-Performance","Это приложение загружалось дольше обычного, что привело к замедлению процесса запуска системы: 
    Имя файла		:	python.exe
    Понятное имя		:	Python
    Версия		:	3.14.2
    Общее время		:	15607мс
    Время замедления	:	10607мс
    Время события (UTC)	:	‎2026‎-‎02‎-‎28T04:53:00.969452500Z"
"28.02.2026 9:55:50","100","Ошибка","Microsoft-Windows-Diagnostics-Performance","Windows запущена: 
     Длительность загрузки		:	84938ms
     IsDegradation		:	false
     Время события (UTC)	:	‎2026‎-‎02‎-‎28T04:53:00.969452500Z"
"27.02.2026 12:38:57","101","Предупреждение","Microsoft-Windows-Diagnostics-Performance","Это приложение загружалось дольше обычного, что привело к замедлению процесса запуска системы: 
    Имя файла		:	adskflex.exe
    Понятное имя		:	Autodesk Licensing Vendor Daemon
    Версия		:	3
    Общее время		:	507мс
    Время замедления	:	176мс
    Время события (UTC)	:	‎2026‎-‎02‎-‎27T07:36:59.922832400Z"
"27.02.2026 12:38:57","101","Предупреждение","Microsoft-Windows-Diagnostics-Performance","Это приложение загружалось дольше обычного, что привело к замедлению процесса запуска системы: 
    Имя файла		:	sppsvc.exe
    Понятное имя		:	Служба платформы защиты программного обеспечения Майкрософт
    Версия		:	10.0.19041.4522 (WinBuild.160101.0800)
    Общее время		:	1426мс
    Время замедления	:	573мс
    Время события (UTC)	:	‎2026‎-‎02‎-‎27T07:36:59.922832400Z"
"27.02.2026 12:38:57","101","Предупреждение","Microsoft-Windows-Diagnostics-Performance","Это приложение загружалось дольше обычного, что привело к замедлению процесса запуска системы: 
    Имя файла		:	orca-slicer.exe
    Понятное имя		:	OrcaSlicer
    Версия		:	
    Общее время		:	12045мс
    Время замедления	:	7045мс
    Время события (UTC)	:	‎2026‎-‎02‎-‎27T07:36:59.922832400Z"
"27.02.2026 12:38:57","101","Ошибка","Microsoft-Windows-Diagnostics-Performance","Это приложение загружалось дольше обычного, что привело к замедлению процесса запуска системы: 
    Имя файла		:	OllamaSetup.tmp
    Понятное имя		:	
    Версия		:	
    Общее время		:	67586мс
    Время замедления	:	62586мс
    Время события (UTC)	:	‎2026‎-‎02‎-‎27T07:36:59.922832400Z"
"27.02.2026 12:38:57","100","Критический","Microsoft-Windows-Diagnostics-Performance","Windows запущена: 
     Длительность загрузки		:	109342ms
     IsDegradation		:	false
     Время события (UTC)	:	‎2026‎-‎02‎-‎27T07:36:59.922832400Z"
"27.02.2026 12:38:55","200","Предупреждение","Microsoft-Windows-Diagnostics-Performance","Завершение работы Windows 
    Продолжительность завершения работы	:	21682мс
    IsDegradation		:	false
    Время события (UTC)	:	‎2026‎-‎02‎-‎27T07:35:58.436860500Z"
"22.02.2026 23:11:16","101","Предупреждение","Microsoft-Windows-Diagnostics-Performance","Это приложение загружалось дольше обычного, что привело к замедлению процесса запуска системы: 
    Имя файла		:	python.exe
    Понятное имя		:	Python
    Версия		:	3.14.2
    Общее время		:	16146мс
    Время замедления	:	11146мс
    Время события (UTC)	:	‎2026‎-‎02‎-‎22T18:08:35.907376600Z"
"22.02.2026 23:11:16","100","Ошибка","Microsoft-Windows-Diagnostics-Performance","Windows запущена: 
     Длительность загрузки		:	80924ms
     IsDegradation		:	false
     Время события (UTC)	:	‎2026‎-‎02‎-‎22T18:08:35.907376600Z"
"22.02.2026 14:28:48","101","Предупреждение","Microsoft-Windows-Diagnostics-Performance","Это приложение загружалось дольше обычного, что привело к замедлению процесса запуска системы: 
    Имя файла		:	WWAHost.exe
    Понятное имя		:	Узел WWA (Майкрософт)
    Версия		:	10.0.19041.4522 (WinBuild.160101.0800)
    Общее время		:	2573мс
    Время замедления	:	73мс
    Время события (UTC)	:	‎2026‎-‎02‎-‎22T09:14:18.125920700Z"
"22.02.2026 14:28:48","101","Предупреждение","Microsoft-Windows-Diagnostics-Performance","Это приложение загружалось дольше обычного, что привело к замедлению процесса запуска системы: 
    Имя файла		:	python.exe
    Понятное имя		:	Python
    Версия		:	3.14.2
    Общее время		:	16147мс
    Время замедления	:	11147мс
    Время события (UTC)	:	‎2026‎-‎02‎-‎22T09:14:18.125920700Z"
"22.02.2026 14:28:48","101","Предупреждение","Microsoft-Windows-Diagnostics-Performance","Это приложение загружалось дольше обычного, что привело к замедлению процесса запуска системы: 
    Имя файла		:	OllamaSetup.tmp
    Понятное имя		:	
    Версия		:	
    Общее время		:	24249мс
    Время замедления	:	19249мс
    Время события (UTC)	:	‎2026‎-‎02‎-‎22T09:14:18.125920700Z"
"22.02.2026 14:28:48","100","Ошибка","Microsoft-Windows-Diagnostics-Performance","Windows запущена: 
     Длительность загрузки		:	95037ms
     IsDegradation		:	false
     Время события (UTC)	:	‎2026‎-‎02‎-‎22T09:14:18.125920700Z"
"14.02.2026 3:53:13","101","Предупреждение","Microsoft-Windows-Diagnostics-Performance","Это приложение загружалось дольше обычного, что привело к замедлению процесса запуска системы: 
    Имя файла		:	services.exe
    Понятное имя		:	Приложение служб и контроллеров
    Версия		:	10.0.19041.4522 (WinBuild.160101.0800)
    Общее время		:	691мс
    Время замедления	:	293мс
    Время события (UTC)	:	‎2026‎-‎02‎-‎13T22:50:51.938241100Z"
"14.02.2026 3:53:13","101","Предупреждение","Microsoft-Windows-Diagnostics-Performance","Это приложение загружалось дольше обычного, что привело к замедлению процесса запуска системы: 
    Имя файла		:	OfficeClickToRun.exe
    Понятное имя		:	Microsoft Office Click-to-Run (SxS)
    Версия		:	16.0.19628.20166
    Общее время		:	1996мс
    Время замедления	:	486мс
    Время события (UTC)	:	‎2026‎-‎02‎-‎13T22:50:51.938241100Z"
"14.02.2026 3:53:13","101","Предупреждение","Microsoft-Windows-Diagnostics-Performance","Это приложение загружалось дольше обычного, что привело к замедлению процесса запуска системы: 
    Имя файла		:	steamwebhelper.exe
    Понятное имя		:	Steam Client WebHelper
    Версия		:	10.38.46.31
    Общее время		:	24151мс
    Время замедления	:	6839мс
    Время события (UTC)	:	‎2026‎-‎02‎-‎13T22:50:51.938241100Z"
"14.02.2026 3:53:13","100","Ошибка","Microsoft-Windows-Diagnostics-Performance","Windows запущена: 
     Длительность загрузки		:	104503ms
     IsDegradation		:	false
     Время события (UTC)	:	‎2026‎-‎02‎-‎13T22:50:51.938241100Z"
"14.02.2026 3:53:11","200","Предупреждение","Microsoft-Windows-Diagnostics-Performance","Завершение работы Windows 
    Продолжительность завершения работы	:	23591мс
    IsDegradation		:	true
    Время события (UTC)	:	‎2026‎-‎02‎-‎13T22:50:01.961040600Z"
"14.02.2026 3:25:15","100","Ошибка","Microsoft-Windows-Diagnostics-Performance","Windows запущена: 
     Длительность загрузки		:	76063ms
     IsDegradation		:	false
     Время события (UTC)	:	‎2026‎-‎02‎-‎13T22:22:59.938386300Z"
"13.02.2026 13:44:30","108","Предупреждение","Microsoft-Windows-Diagnostics-Performance","Применение политики пользователя вызвало замедление процесса запуска системы: 
    Имя		:	PreShellInit
    Общее время		:	3177мс
    Время замедления	:	920мс
    Время события (UTC)	:	‎2026‎-‎02‎-‎13T08:42:10.907090700Z"
"13.02.2026 13:44:30","101","Предупреждение","Microsoft-Windows-Diagnostics-Performance","Это приложение загружалось дольше обычного, что привело к замедлению процесса запуска системы: 
    Имя файла		:	svchost.exe
    Понятное имя		:	Хост-процесс для служб Windows
    Версия		:	10.0.19041.4522 (WinBuild.160101.0800)
    Общее время		:	2796мс
    Время замедления	:	3967мс
    Время события (UTC)	:	‎2026‎-‎02‎-‎13T08:42:10.907090700Z"
"13.02.2026 13:44:30","101","Предупреждение","Microsoft-Windows-Diagnostics-Performance","Это приложение загружалось дольше обычного, что привело к замедлению процесса запуска системы: 
    Имя файла		:	browser.exe
    Понятное имя		:	
    Версия		:	
    Общее время		:	17471мс
    Время замедления	:	13624мс
    Время события (UTC)	:	‎2026‎-‎02‎-‎13T08:42:10.907090700Z"
"13.02.2026 13:44:30","100","Ошибка","Microsoft-Windows-Diagnostics-Performance","Windows запущена: 
     Длительность загрузки		:	73960ms
     IsDegradation		:	false
     Время события (UTC)	:	‎2026‎-‎02‎-‎13T08:42:10.907090700Z"
"12.02.2026 9:47:50","101","Предупреждение","Microsoft-Windows-Diagnostics-Performance","Это приложение загружалось дольше обычного, что привело к замедлению процесса запуска системы: 
    Имя файла		:	svchost.exe
    Понятное имя		:	Хост-процесс для служб Windows
    Версия		:	10.0.19041.4522 (WinBuild.160101.0800)
    Общее время		:	2876мс
    Время замедления	:	4192мс
    Время события (UTC)	:	‎2026‎-‎02‎-‎12T04:45:25.907119300Z"
"12.02.2026 9:47:50","100","Ошибка","Microsoft-Windows-Diagnostics-Performance","Windows запущена: 
     Длительность загрузки		:	109374ms
     IsDegradation		:	false
     Время события (UTC)	:	‎2026‎-‎02‎-‎12T04:45:25.907119300Z"
"12.02.2026 9:47:49","203","Предупреждение","Microsoft-Windows-Diagnostics-Performance","Эта служба вызвала замедление процесса завершения работы системы: 
    Имя файла		:	UsoSvc
    Понятное имя		:	Обновление службы сеанса оркестратора
    Версия		:	10.0.19041.4522 (WinBuild.160101.0800)
    Общее время		:	1327мс
    Время замедления	:	1005мс
    Время события (UTC)	:	‎2026‎-‎02‎-‎11T21:40:20.480954500Z"
"12.02.2026 9:47:49","200","Предупреждение","Microsoft-Windows-Diagnostics-Performance","Завершение работы Windows 
    Продолжительность завершения работы	:	17481мс
    IsDegradation		:	true
    Время события (UTC)	:	‎2026‎-‎02‎-‎11T21:40:20.480954500Z"
"10.02.2026 19:37:23","100","Ошибка","Microsoft-Windows-Diagnostics-Performance","Windows запущена: 
     Длительность загрузки		:	112518ms
     IsDegradation		:	false
     Время события (UTC)	:	‎2026‎-‎02‎-‎10T14:34:59.907060200Z"
"10.02.2026 19:37:22","200","Предупреждение","Microsoft-Windows-Diagnostics-Performance","Завершение работы Windows 
    Продолжительность завершения работы	:	14428мс
    IsDegradation		:	false
    Время события (UTC)	:	‎2026‎-‎02‎-‎10T14:34:16.003368800Z"
"09.02.2026 15:55:08","101","Предупреждение","Microsoft-Windows-Diagnostics-Performance","Это приложение загружалось дольше обычного, что привело к замедлению процесса запуска системы: 
    Имя файла		:	OfficeClickToRun.exe
    Понятное имя		:	Microsoft Office Click-to-Run (SxS)
    Версия		:	16.0.19628.20166
    Общее время		:	1291мс
    Время замедления	:	895мс
    Время события (UTC)	:	‎2026‎-‎02‎-‎09T10:53:07.906901400Z"
"09.02.2026 15:55:08","101","Предупреждение","Microsoft-Windows-Diagnostics-Performance","Это приложение загружалось дольше обычного, что привело к замедлению процесса запуска системы: 
    Имя файла		:	NVDisplay.Container.exe
    Понятное имя		:	NVIDIA Container
    Версия		:	gcomp_rel 33231171
    Общее время		:	2798мс
    Время замедления	:	1798мс
    Время события (UTC)	:	‎2026‎-‎02‎-‎09T10:53:07.906901400Z"
"09.02.2026 15:55:08","100","Ошибка","Microsoft-Windows-Diagnostics-Performance","Windows запущена: 
     Длительность загрузки		:	86714ms
     IsDegradation		:	false
     Время события (UTC)	:	‎2026‎-‎02‎-‎09T10:53:07.906901400Z"
"09.02.2026 15:55:06","200","Предупреждение","Microsoft-Windows-Diagnostics-Performance","Завершение работы Windows 
    Продолжительность завершения работы	:	6187мс
    IsDegradation		:	false
    Время события (UTC)	:	‎2026‎-‎02‎-‎09T10:52:35.962710200Z"
"09.02.2026 15:15:47","101","Предупреждение","Microsoft-Windows-Diagnostics-Performance","Это приложение загружалось дольше обычного, что привело к замедлению процесса запуска системы: 
    Имя файла		:	NVDisplay.Container.exe
    Понятное имя		:	NVIDIA Container
    Версия		:	gcomp_rel 33231171
    Общее время		:	3465мс
    Время замедления	:	2465мс
    Время события (UTC)	:	‎2026‎-‎02‎-‎09T10:13:30.157124400Z"
"09.02.2026 15:15:47","100","Ошибка","Microsoft-Windows-Diagnostics-Performance","Windows запущена: 
     Длительность загрузки		:	105896ms
     IsDegradation		:	false
     Время события (UTC)	:	‎2026‎-‎02‎-‎09T10:13:30.157124400Z"
"09.02.2026 15:15:46","200","Предупреждение","Microsoft-Windows-Diagnostics-Performance","Завершение работы Windows 
    Продолжительность завершения работы	:	14200мс
    IsDegradation		:	false
    Время события (UTC)	:	‎2026‎-‎02‎-‎09T10:12:43.324017100Z"
"07.02.2026 15:19:58","100","Ошибка","Microsoft-Windows-Diagnostics-Performance","Windows запущена: 
     Длительность загрузки		:	109774ms
     IsDegradation		:	false
     Время события (UTC)	:	‎2026‎-‎02‎-‎07T10:17:28.907073600Z"
"07.02.2026 15:19:56","200","Предупреждение","Microsoft-Windows-Diagnostics-Performance","Завершение работы Windows 
    Продолжительность завершения работы	:	8828мс
    IsDegradation		:	false
    Время события (UTC)	:	‎2026‎-‎02‎-‎05T09:47:49.914887000Z"
"05.02.2026 14:25:14","100","Ошибка","Microsoft-Windows-Diagnostics-Performance","Windows запущена: 
     Длительность загрузки		:	104070ms
     IsDegradation		:	false
     Время события (UTC)	:	‎2026‎-‎02‎-‎05T08:50:11.907073700Z"
"05.02.2026 14:25:12","200","Предупреждение","Microsoft-Windows-Diagnostics-Performance","Завершение работы Windows 
    Продолжительность завершения работы	:	9699мс
    IsDegradation		:	true
    Время события (UTC)	:	‎2026‎-‎02‎-‎01T09:45:52.261082900Z"
"01.02.2026 14:45:38","100","Ошибка","Microsoft-Windows-Diagnostics-Performance","Windows запущена: 
     Длительность загрузки		:	109004ms
     IsDegradation		:	false
     Время события (UTC)	:	‎2026‎-‎02‎-‎01T09:43:08.126414600Z"
"01.02.2026 14:45:36","200","Предупреждение","Microsoft-Windows-Diagnostics-Performance","Завершение работы Windows 
    Продолжительность завершения работы	:	10101мс
    IsDegradation		:	false
    Время события (UTC)	:	‎2026‎-‎01‎-‎28T13:40:03.657052200Z"
"28.01.2026 18:30:24","100","Ошибка","Microsoft-Windows-Diagnostics-Performance","Windows запущена: 
     Длительность загрузки		:	104911ms
     IsDegradation		:	false
     Время события (UTC)	:	‎2026‎-‎01‎-‎28T13:27:17.907199800Z"
"28.01.2026 18:30:23","203","Предупреждение","Microsoft-Windows-Diagnostics-Performance","Эта служба вызвала замедление процесса завершения работы системы: 
    Имя файла		:	WlanSvc
    Понятное имя		:	Библиотека DLL службы автоматической настройки беспроводной локальной сети Windows
    Версия		:	10.0.19041.4522 (WinBuild.160101.0800)
    Общее время		:	2767мс
    Время замедления	:	807мс
    Время события (UTC)	:	‎2026‎-‎01‎-‎26T20:14:22.233393800Z"
"28.01.2026 18:30:23","200","Предупреждение","Microsoft-Windows-Diagnostics-Performance","Завершение работы Windows 
    Продолжительность завершения работы	:	10230мс
    IsDegradation		:	true
    Время события (UTC)	:	‎2026‎-‎01‎-‎26T20:14:22.233393800Z"
"26.01.2026 21:43:29","101","Предупреждение","Microsoft-Windows-Diagnostics-Performance","Это приложение загружалось дольше обычного, что привело к замедлению процесса запуска системы: 
    Имя файла		:	svchost.exe
    Понятное имя		:	Хост-процесс для служб Windows
    Версия		:	10.0.19041.4522 (WinBuild.160101.0800)
    Общее время		:	2536мс
    Время замедления	:	799мс
    Время события (UTC)	:	‎2026‎-‎01‎-‎26T16:41:17.907165400Z"
"26.01.2026 21:43:29","101","Предупреждение","Microsoft-Windows-Diagnostics-Performance","Это приложение загружалось дольше обычного, что привело к замедлению процесса запуска системы: 
    Имя файла		:	browser.exe
    Понятное имя		:	
    Версия		:	
    Общее время		:	6853мс
    Время замедления	:	1853мс
    Время события (UTC)	:	‎2026‎-‎01‎-‎26T16:41:17.907165400Z"
"26.01.2026 21:43:29","101","Предупреждение","Microsoft-Windows-Diagnostics-Performance","Это приложение загружалось дольше обычного, что привело к замедлению процесса запуска системы: 
    Имя файла		:	NVDisplay.Container.exe
    Понятное имя		:	NVIDIA Container
    Версия		:	gcomp_rel 33231171
    Общее время		:	3206мс
    Время замедления	:	2206мс
    Время события (UTC)	:	‎2026‎-‎01‎-‎26T16:41:17.907165400Z"
"26.01.2026 21:43:29","100","Критический","Microsoft-Windows-Diagnostics-Performance","Windows запущена: 
     Длительность загрузки		:	102927ms
     IsDegradation		:	false
     Время события (UTC)	:	‎2026‎-‎01‎-‎26T16:41:17.907165400Z"
"26.01.2026 21:43:28","200","Предупреждение","Microsoft-Windows-Diagnostics-Performance","Завершение работы Windows 
    Продолжительность завершения работы	:	12497мс
    IsDegradation		:	false
    Время события (UTC)	:	‎2026‎-‎01‎-‎26T16:40:40.692105300Z"
"25.01.2026 9:51:42","101","Предупреждение","Microsoft-Windows-Diagnostics-Performance","Это приложение загружалось дольше обычного, что привело к замедлению процесса запуска системы: 
    Имя файла		:	SWVisualize.Queue.Server.exe
    Понятное имя		:	SOLIDWORKS Visualize Queue Server
    Версия		:	32.5.0.0048
    Общее время		:	2054мс
    Время замедления	:	500мс
    Время события (UTC)	:	‎2026‎-‎01‎-‎25T04:49:23.110583800Z"
"25.01.2026 9:51:42","101","Предупреждение","Microsoft-Windows-Diagnostics-Performance","Это приложение загружалось дольше обычного, что привело к замедлению процесса запуска системы: 
    Имя файла		:	svchost.exe
    Понятное имя		:	Хост-процесс для служб Windows
    Версия		:	10.0.19041.4522 (WinBuild.160101.0800)
    Общее время		:	1862мс
    Время замедления	:	1059мс
    Время события (UTC)	:	‎2026‎-‎01‎-‎25T04:49:23.110583800Z"
"25.01.2026 9:51:42","101","Предупреждение","Microsoft-Windows-Diagnostics-Performance","Это приложение загружалось дольше обычного, что привело к замедлению процесса запуска системы: 
    Имя файла		:	LightBurn.exe
    Понятное имя		:	
    Версия		:	
    Общее время		:	7832мс
    Время замедления	:	2832мс
    Время события (UTC)	:	‎2026‎-‎01‎-‎25T04:49:23.110583800Z"
"25.01.2026 9:51:42","101","Предупреждение","Microsoft-Windows-Diagnostics-Performance","Это приложение загружалось дольше обычного, что привело к замедлению процесса запуска системы: 
    Имя файла		:	steamwebhelper.exe
    Понятное имя		:	Steam Client WebHelper
    Версия		:	10.38.46.31
    Общее время		:	24684мс
    Время замедления	:	19684мс
    Время события (UTC)	:	‎2026‎-‎01‎-‎25T04:49:23.110583800Z"
"25.01.2026 9:51:42","100","Критический","Microsoft-Windows-Diagnostics-Performance","Windows запущена: 
     Длительность загрузки		:	102765ms
     IsDegradation		:	false
     Время события (UTC)	:	‎2026‎-‎01‎-‎25T04:49:23.110583800Z"
"25.01.2026 9:51:41","200","Предупреждение","Microsoft-Windows-Diagnostics-Performance","Завершение работы Windows 
    Продолжительность завершения работы	:	14701мс
    IsDegradation		:	false
    Время события (UTC)	:	‎2026‎-‎01‎-‎24T15:34:52.397082900Z"
"21.01.2026 12:50:52","100","Ошибка","Microsoft-Windows-Diagnostics-Performance","Windows запущена: 
     Длительность загрузки		:	80962ms
     IsDegradation		:	false
     Время события (UTC)	:	‎2026‎-‎01‎-‎21T07:48:30.969534500Z"
"20.01.2026 8:40:45","101","Предупреждение","Microsoft-Windows-Diagnostics-Performance","Это приложение загружалось дольше обычного, что привело к замедлению процесса запуска системы: 
    Имя файла		:	sppsvc.exe
    Понятное имя		:	Служба платформы защиты программного обеспечения Майкрософт
    Версия		:	10.0.19041.4522 (WinBuild.160101.0800)
    Общее время		:	1533мс
    Время замедления	:	986мс
    Время события (UTC)	:	‎2026‎-‎01‎-‎20T03:37:45.907317500Z"
"20.01.2026 8:40:45","100","Ошибка","Microsoft-Windows-Diagnostics-Performance","Windows запущена: 
     Длительность загрузки		:	106022ms
     IsDegradation		:	true
     Время события (UTC)	:	‎2026‎-‎01‎-‎20T03:37:45.907317500Z"
"20.01.2026 2:02:23","100","Ошибка","Microsoft-Windows-Diagnostics-Performance","Windows запущена: 
     Длительность загрузки		:	86129ms
     IsDegradation		:	false
     Время события (UTC)	:	‎2026‎-‎01‎-‎19T20:58:10.907181000Z"
"18.01.2026 1:24:57","100","Ошибка","Microsoft-Windows-Diagnostics-Performance","Windows запущена: 
     Длительность загрузки		:	86646ms
     IsDegradation		:	false
     Время события (UTC)	:	‎2026‎-‎01‎-‎17T20:22:08.907116800Z"
"17.01.2026 11:31:50","101","Предупреждение","Microsoft-Windows-Diagnostics-Performance","Это приложение загружалось дольше обычного, что привело к замедлению процесса запуска системы: 
    Имя файла		:	SWVisualize.Queue.Server.exe
    Понятное имя		:	SOLIDWORKS Visualize Queue Server
    Версия		:	32.5.0.0048
    Общее время		:	2090мс
    Время замедления	:	1090мс
    Время события (UTC)	:	‎2026‎-‎01‎-‎17T06:29:31.125894800Z"
"17.01.2026 11:31:50","101","Предупреждение","Microsoft-Windows-Diagnostics-Performance","Это приложение загружалось дольше обычного, что привело к замедлению процесса запуска системы: 
    Имя файла		:	steamwebhelper.exe
    Понятное имя		:	Steam Client WebHelper
    Версия		:	10.33.56.27
    Общее время		:	26870мс
    Время замедления	:	21870мс
    Время события (UTC)	:	‎2026‎-‎01‎-‎17T06:29:31.125894800Z"
"17.01.2026 11:31:50","100","Ошибка","Microsoft-Windows-Diagnostics-Performance","Windows запущена: 
     Длительность загрузки		:	99845ms
     IsDegradation		:	false
     Время события (UTC)	:	‎2026‎-‎01‎-‎17T06:29:31.125894800Z"
"17.01.2026 11:31:49","200","Предупреждение","Microsoft-Windows-Diagnostics-Performance","Завершение работы Windows 
    Продолжительность завершения работы	:	10303мс
    IsDegradation		:	false
    Время события (UTC)	:	‎2026‎-‎01‎-‎16T22:07:57.111347300Z"
"16.01.2026 8:47:52","101","Предупреждение","Microsoft-Windows-Diagnostics-Performance","Это приложение загружалось дольше обычного, что привело к замедлению процесса запуска системы: 
    Имя файла		:	StartMenuExperienceHost.exe
    Понятное имя		:	
    Версия		:	
    Общее время		:	1412мс
    Время замедления	:	309мс
    Время события (UTC)	:	‎2026‎-‎01‎-‎16T03:45:23.907056400Z"
"16.01.2026 8:47:52","100","Ошибка","Microsoft-Windows-Diagnostics-Performance","Windows запущена: 
     Длительность загрузки		:	79602ms
     IsDegradation		:	false
     Время события (UTC)	:	‎2026‎-‎01‎-‎16T03:45:23.907056400Z"
"14.01.2026 8:16:55","101","Предупреждение","Microsoft-Windows-Diagnostics-Performance","Это приложение загружалось дольше обычного, что привело к замедлению процесса запуска системы: 
    Имя файла		:	steamwebhelper.exe
    Понятное имя		:	Steam Client WebHelper
    Версия		:	10.33.56.27
    Общее время		:	27716мс
    Время замедления	:	22716мс
    Время события (UTC)	:	‎2026‎-‎01‎-‎14T03:14:38.907174100Z"
"14.01.2026 8:16:55","100","Ошибка","Microsoft-Windows-Diagnostics-Performance","Windows запущена: 
     Длительность загрузки		:	96946ms
     IsDegradation		:	false
     Время события (UTC)	:	‎2026‎-‎01‎-‎14T03:14:38.907174100Z"
"14.01.2026 8:16:54","200","Предупреждение","Microsoft-Windows-Diagnostics-Performance","Завершение работы Windows 
    Продолжительность завершения работы	:	15823мс
    IsDegradation		:	false
    Время события (UTC)	:	‎2026‎-‎01‎-‎13T22:01:40.474518000Z"
"12.01.2026 6:41:30","108","Предупреждение","Microsoft-Windows-Diagnostics-Performance","Применение политики пользователя вызвало замедление процесса запуска системы: 
    Имя		:	PreShellInit
    Общее время		:	2017мс
    Время замедления	:	13929мс
    Время события (UTC)	:	‎2026‎-‎01‎-‎12T01:39:14.907145800Z"
"12.01.2026 6:41:30","101","Предупреждение","Microsoft-Windows-Diagnostics-Performance","Это приложение загружалось дольше обычного, что привело к замедлению процесса запуска системы: 
    Имя файла		:	SWVisualize.Queue.Server.exe
    Понятное имя		:	SOLIDWORKS Visualize Queue Server
    Версия		:	32.5.0.0048
    Общее время		:	1554мс
    Время замедления	:	554мс
    Время события (UTC)	:	‎2026‎-‎01‎-‎12T01:39:14.907145800Z"
"12.01.2026 6:41:30","101","Предупреждение","Microsoft-Windows-Diagnostics-Performance","Это приложение загружалось дольше обычного, что привело к замедлению процесса запуска системы: 
    Имя файла		:	nvcontainer.exe
    Понятное имя		:	NVIDIA Container
    Версия		:	gcomp_rel 35816461
    Общее время		:	4497мс
    Время замедления	:	1037мс
    Время события (UTC)	:	‎2026‎-‎01‎-‎12T01:39:14.907145800Z"
"12.01.2026 6:41:30","101","Предупреждение","Microsoft-Windows-Diagnostics-Performance","Это приложение загружалось дольше обычного, что привело к замедлению процесса запуска системы: 
    Имя файла		:	svchost.exe
    Понятное имя		:	Хост-процесс для служб Windows
    Версия		:	10.0.19041.4522 (WinBuild.160101.0800)
    Общее время		:	1625мс
    Время замедления	:	12967мс
    Время события (UTC)	:	‎2026‎-‎01‎-‎12T01:39:14.907145800Z"
"12.01.2026 6:41:30","100","Ошибка","Microsoft-Windows-Diagnostics-Performance","Windows запущена: 
     Длительность загрузки		:	69504ms
     IsDegradation		:	false
     Время события (UTC)	:	‎2026‎-‎01‎-‎12T01:39:14.907145800Z"
"12.01.2026 2:12:27","500","Предупреждение","Microsoft-Windows-Diagnostics-Performance","Диспетчер окон рабочего стола испытывает недостаток ресурсов. 
    Сценарий	:	Не хватает ресурсов видеопамяти, что приводит к пробуксовке. Уменьшение количества запущенных программ и открытых окон может исправить эту ситуацию."
"10.01.2026 15:58:20","200","Предупреждение","Microsoft-Windows-Diagnostics-Performance","Завершение работы Windows 
    Продолжительность завершения работы	:	9026мс
    IsDegradation		:	false
    Время события (UTC)	:	‎2026‎-‎01‎-‎10T10:54:43.685433800Z"
"09.01.2026 23:27:27","200","Предупреждение","Microsoft-Windows-Diagnostics-Performance","Завершение работы Windows 
    Продолжительность завершения работы	:	12859мс
    IsDegradation		:	false
    Время события (UTC)	:	‎2026‎-‎01‎-‎09T18:23:46.821108100Z"
"09.01.2026 22:15:51","200","Предупреждение","Microsoft-Windows-Diagnostics-Performance","Завершение работы Windows 
    Продолжительность завершения работы	:	11311мс
    IsDegradation		:	false
    Время события (UTC)	:	‎2026‎-‎01‎-‎09T17:12:16.030952200Z"
"01.01.2026 13:37:52","200","Предупреждение","Microsoft-Windows-Diagnostics-Performance","Завершение работы Windows 
    Продолжительность завершения работы	:	7449мс
    IsDegradation		:	false
    Время события (UTC)	:	‎2025‎-‎12‎-‎31T20:50:48.992597900Z"
"31.12.2025 8:32:27","200","Предупреждение","Microsoft-Windows-Diagnostics-Performance","Завершение работы Windows 
    Продолжительность завершения работы	:	9507мс
    IsDegradation		:	false
    Время события (UTC)	:	‎2025‎-‎12‎-‎30T20:41:02.398840600Z"
"27.12.2025 10:32:26","200","Предупреждение","Microsoft-Windows-Diagnostics-Performance","Завершение работы Windows 
    Продолжительность завершения работы	:	10201мс
    IsDegradation		:	false
    Время события (UTC)	:	‎2025‎-‎12‎-‎26T19:08:53.104869800Z"
"26.12.2025 8:40:16","200","Предупреждение","Microsoft-Windows-Diagnostics-Performance","Завершение работы Windows 
    Продолжительность завершения работы	:	12431мс
    IsDegradation		:	false
    Время события (UTC)	:	‎2025‎-‎12‎-‎25T16:22:41.646466000Z"
"23.12.2025 14:18:39","200","Предупреждение","Microsoft-Windows-Diagnostics-Performance","Завершение работы Windows 
    Продолжительность завершения работы	:	15885мс
    IsDegradation		:	true
    Время события (UTC)	:	‎2025‎-‎12‎-‎23T09:15:02.061981900Z"
"22.12.2025 18:24:07","500","Предупреждение","Microsoft-Windows-Diagnostics-Performance","Диспетчер окон рабочего стола испытывает недостаток ресурсов. 
    Сценарий	:	Не хватает ресурсов видеопамяти, что приводит к пробуксовке. Уменьшение количества запущенных программ и открытых окон может исправить эту ситуацию."
"16.12.2025 13:45:47","200","Предупреждение","Microsoft-Windows-Diagnostics-Performance","Завершение работы Windows 
    Продолжительность завершения работы	:	12632мс
    IsDegradation		:	false
    Время события (UTC)	:	‎2025‎-‎12‎-‎16T08:33:20.002674000Z"
"12.12.2025 19:45:32","500","Предупреждение","Microsoft-Windows-Diagnostics-Performance","Диспетчер окон рабочего стола испытывает недостаток ресурсов. 
    Сценарий	:	Не хватает ресурсов видеопамяти, что приводит к пробуксовке. Уменьшение количества запущенных программ и открытых окон может исправить эту ситуацию."
"11.12.2025 21:25:22","500","Предупреждение","Microsoft-Windows-Diagnostics-Performance","Диспетчер окон рабочего стола испытывает недостаток ресурсов. 
    Сценарий	:	Не хватает ресурсов видеопамяти, что приводит к пробуксовке. Уменьшение количества запущенных программ и открытых окон может исправить эту ситуацию."
"10.12.2025 10:12:26","500","Предупреждение","Microsoft-Windows-Diagnostics-Performance","Диспетчер окон рабочего стола испытывает недостаток ресурсов. 
    Сценарий	:	Не хватает ресурсов видеопамяти, что приводит к пробуксовке. Уменьшение количества запущенных программ и открытых окон может исправить эту ситуацию."
"10.12.2025 7:38:36","200","Предупреждение","Microsoft-Windows-Diagnostics-Performance","Завершение работы Windows 
    Продолжительность завершения работы	:	7860мс
    IsDegradation		:	false
    Время события (UTC)	:	‎2025‎-‎12‎-‎09T16:38:12.163985000Z"
"07.12.2025 18:54:55","500","Предупреждение","Microsoft-Windows-Diagnostics-Performance","Диспетчер окон рабочего стола испытывает недостаток ресурсов. 
    Сценарий	:	Не хватает ресурсов видеопамяти, что приводит к пробуксовке. Уменьшение количества запущенных программ и открытых окон может исправить эту ситуацию."
"07.12.2025 18:25:32","500","Предупреждение","Microsoft-Windows-Diagnostics-Performance","Диспетчер окон рабочего стола испытывает недостаток ресурсов. 
    Сценарий	:	Не хватает ресурсов видеопамяти, что приводит к пробуксовке. Уменьшение количества запущенных программ и открытых окон может исправить эту ситуацию."
"07.12.2025 18:01:33","500","Предупреждение","Microsoft-Windows-Diagnostics-Performance","Диспетчер окон рабочего стола испытывает недостаток ресурсов. 
    Сценарий	:	Не хватает ресурсов видеопамяти, что приводит к пробуксовке. Уменьшение количества запущенных программ и открытых окон может исправить эту ситуацию."
"07.12.2025 17:12:38","500","Предупреждение","Microsoft-Windows-Diagnostics-Performance","Диспетчер окон рабочего стола испытывает недостаток ресурсов. 
    Сценарий	:	Не хватает ресурсов видеопамяти, что приводит к пробуксовке. Уменьшение количества запущенных программ и открытых окон может исправить эту ситуацию."
"07.12.2025 14:31:39","500","Предупреждение","Microsoft-Windows-Diagnostics-Performance","Диспетчер окон рабочего стола испытывает недостаток ресурсов. 
    Сценарий	:	Не хватает ресурсов видеопамяти, что приводит к пробуксовке. Уменьшение количества запущенных программ и открытых окон может исправить эту ситуацию."
"06.12.2025 13:59:32","200","Ошибка","Microsoft-Windows-Diagnostics-Performance","Завершение работы Windows 
    Продолжительность завершения работы	:	54247мс
    IsDegradation		:	false
    Время события (UTC)	:	‎2025‎-‎12‎-‎06T08:55:28.520394200Z"
"26.11.2025 18:01:44","200","Предупреждение","Microsoft-Windows-Diagnostics-Performance","Завершение работы Windows 
    Продолжительность завершения работы	:	15870мс
    IsDegradation		:	false
    Время события (UTC)	:	‎2025‎-‎11‎-‎26T12:58:19.636642900Z"
"21.11.2025 23:41:35","200","Предупреждение","Microsoft-Windows-Diagnostics-Performance","Завершение работы Windows 
    Продолжительность завершения работы	:	12833мс
    IsDegradation		:	false
    Время события (UTC)	:	‎2025‎-‎11‎-‎21T18:38:22.640003800Z"
"18.11.2025 7:23:33","200","Предупреждение","Microsoft-Windows-Diagnostics-Performance","Завершение работы Windows 
    Продолжительность завершения работы	:	10678мс
    IsDegradation		:	false
    Время события (UTC)	:	‎2025‎-‎11‎-‎16T23:29:29.080494000Z"
"11.11.2025 19:33:56","200","Предупреждение","Microsoft-Windows-Diagnostics-Performance","Завершение работы Windows 
    Продолжительность завершения работы	:	10890мс
    IsDegradation		:	false
    Время события (UTC)	:	‎2025‎-‎11‎-‎11T14:30:38.790606500Z"
"11.11.2025 16:49:12","200","Предупреждение","Microsoft-Windows-Diagnostics-Performance","Завершение работы Windows 
    Продолжительность завершения работы	:	11676мс
    IsDegradation		:	false
    Время события (UTC)	:	‎2025‎-‎11‎-‎11T11:45:47.607655700Z"
"26.10.2025 10:12:25","500","Предупреждение","Microsoft-Windows-Diagnostics-Performance","Диспетчер окон рабочего стола испытывает недостаток ресурсов. 
    Сценарий	:	Не хватает ресурсов видеопамяти, что приводит к пробуксовке. Уменьшение количества запущенных программ и открытых окон может исправить эту ситуацию."
"26.10.2025 9:08:10","500","Предупреждение","Microsoft-Windows-Diagnostics-Performance","Диспетчер окон рабочего стола испытывает недостаток ресурсов. 
    Сценарий	:	Не хватает ресурсов видеопамяти, что приводит к пробуксовке. Уменьшение количества запущенных программ и открытых окон может исправить эту ситуацию."
"24.10.2025 16:09:57","500","Предупреждение","Microsoft-Windows-Diagnostics-Performance","Диспетчер окон рабочего стола испытывает недостаток ресурсов. 
    Сценарий	:	Не хватает ресурсов видеопамяти, что приводит к пробуксовке. Уменьшение количества запущенных программ и открытых окон может исправить эту ситуацию."
"24.10.2025 12:28:43","500","Предупреждение","Microsoft-Windows-Diagnostics-Performance","Диспетчер окон рабочего стола испытывает недостаток ресурсов. 
    Сценарий	:	Не хватает ресурсов видеопамяти, что приводит к пробуксовке. Уменьшение количества запущенных программ и открытых окон может исправить эту ситуацию."
"23.10.2025 7:59:48","500","Предупреждение","Microsoft-Windows-Diagnostics-Performance","Диспетчер окон рабочего стола испытывает недостаток ресурсов. 
    Сценарий	:	Не хватает ресурсов видеопамяти, что приводит к пробуксовке. Уменьшение количества запущенных программ и открытых окон может исправить эту ситуацию."
"22.10.2025 18:56:38","500","Предупреждение","Microsoft-Windows-Diagnostics-Performance","Диспетчер окон рабочего стола испытывает недостаток ресурсов. 
    Сценарий	:	Не хватает ресурсов видеопамяти, что приводит к пробуксовке. Уменьшение количества запущенных программ и открытых окон может исправить эту ситуацию."
"22.10.2025 17:55:21","500","Предупреждение","Microsoft-Windows-Diagnostics-Performance","Диспетчер окон рабочего стола испытывает недостаток ресурсов. 
    Сценарий	:	Не хватает ресурсов видеопамяти, что приводит к пробуксовке. Уменьшение количества запущенных программ и открытых окон может исправить эту ситуацию."
"22.10.2025 17:22:46","500","Предупреждение","Microsoft-Windows-Diagnostics-Performance","Диспетчер окон рабочего стола испытывает недостаток ресурсов. 
    Сценарий	:	Не хватает ресурсов видеопамяти, что приводит к пробуксовке. Уменьшение количества запущенных программ и открытых окон может исправить эту ситуацию."
"22.10.2025 16:47:57","500","Предупреждение","Microsoft-Windows-Diagnostics-Performance","Диспетчер окон рабочего стола испытывает недостаток ресурсов. 
    Сценарий	:	Не хватает ресурсов видеопамяти, что приводит к пробуксовке. Уменьшение количества запущенных программ и открытых окон может исправить эту ситуацию."
"22.10.2025 6:00:56","500","Предупреждение","Microsoft-Windows-Diagnostics-Performance","Диспетчер окон рабочего стола испытывает недостаток ресурсов. 
    Сценарий	:	Не хватает ресурсов видеопамяти, что приводит к пробуксовке. Уменьшение количества запущенных программ и открытых окон может исправить эту ситуацию."
"22.10.2025 3:11:19","500","Предупреждение","Microsoft-Windows-Diagnostics-Performance","Диспетчер окон рабочего стола испытывает недостаток ресурсов. 
    Сценарий	:	Не хватает ресурсов видеопамяти, что приводит к пробуксовке. Уменьшение количества запущенных программ и открытых окон может исправить эту ситуацию."
"22.10.2025 2:25:33","500","Предупреждение","Microsoft-Windows-Diagnostics-Performance","Диспетчер окон рабочего стола испытывает недостаток ресурсов. 
    Сценарий	:	Не хватает ресурсов видеопамяти, что приводит к пробуксовке. Уменьшение количества запущенных программ и открытых окон может исправить эту ситуацию."
"22.10.2025 0:21:10","500","Предупреждение","Microsoft-Windows-Diagnostics-Performance","Диспетчер окон рабочего стола испытывает недостаток ресурсов. 
    Сценарий	:	Не хватает ресурсов видеопамяти, что приводит к пробуксовке. Уменьшение количества запущенных программ и открытых окон может исправить эту ситуацию."
"21.10.2025 18:09:12","500","Предупреждение","Microsoft-Windows-Diagnostics-Performance","Диспетчер окон рабочего стола испытывает недостаток ресурсов. 
    Сценарий	:	Не хватает ресурсов видеопамяти, что приводит к пробуксовке. Уменьшение количества запущенных программ и открытых окон может исправить эту ситуацию."
"21.10.2025 16:01:23","500","Предупреждение","Microsoft-Windows-Diagnostics-Performance","Диспетчер окон рабочего стола испытывает недостаток ресурсов. 
    Сценарий	:	Не хватает ресурсов видеопамяти, что приводит к пробуксовке. Уменьшение количества запущенных программ и открытых окон может исправить эту ситуацию."
"21.10.2025 15:37:52","500","Предупреждение","Microsoft-Windows-Diagnostics-Performance","Диспетчер окон рабочего стола испытывает недостаток ресурсов. 
    Сценарий	:	Не хватает ресурсов видеопамяти, что приводит к пробуксовке. Уменьшение количества запущенных программ и открытых окон может исправить эту ситуацию."
"21.10.2025 12:14:23","500","Предупреждение","Microsoft-Windows-Diagnostics-Performance","Диспетчер окон рабочего стола испытывает недостаток ресурсов. 
    Сценарий	:	Не хватает ресурсов видеопамяти, что приводит к пробуксовке. Уменьшение количества запущенных программ и открытых окон может исправить эту ситуацию."
"21.10.2025 9:43:37","500","Предупреждение","Microsoft-Windows-Diagnostics-Performance","Диспетчер окон рабочего стола испытывает недостаток ресурсов. 
    Сценарий	:	Не хватает ресурсов видеопамяти, что приводит к пробуксовке. Уменьшение количества запущенных программ и открытых окон может исправить эту ситуацию."
"21.10.2025 8:10:58","500","Предупреждение","Microsoft-Windows-Diagnostics-Performance","Диспетчер окон рабочего стола испытывает недостаток ресурсов. 
    Сценарий	:	Не хватает ресурсов видеопамяти, что приводит к пробуксовке. Уменьшение количества запущенных программ и открытых окон может исправить эту ситуацию."
"21.10.2025 7:41:41","500","Предупреждение","Microsoft-Windows-Diagnostics-Performance","Диспетчер окон рабочего стола испытывает недостаток ресурсов. 
    Сценарий	:	Не хватает ресурсов видеопамяти, что приводит к пробуксовке. Уменьшение количества запущенных программ и открытых окон может исправить эту ситуацию."
"21.10.2025 7:08:41","500","Предупреждение","Microsoft-Windows-Diagnostics-Performance","Диспетчер окон рабочего стола испытывает недостаток ресурсов. 
    Сценарий	:	Не хватает ресурсов видеопамяти, что приводит к пробуксовке. Уменьшение количества запущенных программ и открытых окон может исправить эту ситуацию."
"20.10.2025 19:40:54","500","Предупреждение","Microsoft-Windows-Diagnostics-Performance","Диспетчер окон рабочего стола испытывает недостаток ресурсов. 
    Сценарий	:	Не хватает ресурсов видеопамяти, что приводит к пробуксовке. Уменьшение количества запущенных программ и открытых окон может исправить эту ситуацию."
"20.10.2025 19:12:36","500","Предупреждение","Microsoft-Windows-Diagnostics-Performance","Диспетчер окон рабочего стола испытывает недостаток ресурсов. 
    Сценарий	:	Не хватает ресурсов видеопамяти, что приводит к пробуксовке. Уменьшение количества запущенных программ и открытых окон может исправить эту ситуацию."
"20.10.2025 18:42:49","500","Предупреждение","Microsoft-Windows-Diagnostics-Performance","Диспетчер окон рабочего стола испытывает недостаток ресурсов. 
    Сценарий	:	Не хватает ресурсов видеопамяти, что приводит к пробуксовке. Уменьшение количества запущенных программ и открытых окон может исправить эту ситуацию."
"20.10.2025 16:58:54","500","Предупреждение","Microsoft-Windows-Diagnostics-Performance","Диспетчер окон рабочего стола испытывает недостаток ресурсов. 
    Сценарий	:	Не хватает ресурсов видеопамяти, что приводит к пробуксовке. Уменьшение количества запущенных программ и открытых окон может исправить эту ситуацию."
"20.10.2025 15:15:27","500","Предупреждение","Microsoft-Windows-Diagnostics-Performance","Диспетчер окон рабочего стола испытывает недостаток ресурсов. 
    Сценарий	:	Не хватает ресурсов видеопамяти, что приводит к пробуксовке. Уменьшение количества запущенных программ и открытых окон может исправить эту ситуацию."
"20.10.2025 14:40:06","500","Предупреждение","Microsoft-Windows-Diagnostics-Performance","Диспетчер окон рабочего стола испытывает недостаток ресурсов. 
    Сценарий	:	Не хватает ресурсов видеопамяти, что приводит к пробуксовке. Уменьшение количества запущенных программ и открытых окон может исправить эту ситуацию."
"19.10.2025 18:25:49","500","Предупреждение","Microsoft-Windows-Diagnostics-Performance","Диспетчер окон рабочего стола испытывает недостаток ресурсов. 
    Сценарий	:	Не хватает ресурсов видеопамяти, что приводит к пробуксовке. Уменьшение количества запущенных программ и открытых окон может исправить эту ситуацию."
"19.10.2025 9:04:09","500","Предупреждение","Microsoft-Windows-Diagnostics-Performance","Диспетчер окон рабочего стола испытывает недостаток ресурсов. 
    Сценарий	:	Не хватает ресурсов видеопамяти, что приводит к пробуксовке. Уменьшение количества запущенных программ и открытых окон может исправить эту ситуацию."
"19.10.2025 8:00:23","500","Предупреждение","Microsoft-Windows-Diagnostics-Performance","Диспетчер окон рабочего стола испытывает недостаток ресурсов. 
    Сценарий	:	Не хватает ресурсов видеопамяти, что приводит к пробуксовке. Уменьшение количества запущенных программ и открытых окон может исправить эту ситуацию."
"19.10.2025 6:09:58","500","Предупреждение","Microsoft-Windows-Diagnostics-Performance","Диспетчер окон рабочего стола испытывает недостаток ресурсов. 
    Сценарий	:	Не хватает ресурсов видеопамяти, что приводит к пробуксовке. Уменьшение количества запущенных программ и открытых окон может исправить эту ситуацию."
"19.10.2025 2:55:13","500","Предупреждение","Microsoft-Windows-Diagnostics-Performance","Диспетчер окон рабочего стола испытывает недостаток ресурсов. 
    Сценарий	:	Не хватает ресурсов видеопамяти, что приводит к пробуксовке. Уменьшение количества запущенных программ и открытых окон может исправить эту ситуацию."
"17.10.2025 13:27:39","500","Предупреждение","Microsoft-Windows-Diagnostics-Performance","Диспетчер окон рабочего стола испытывает недостаток ресурсов. 
    Сценарий	:	Не хватает ресурсов видеопамяти, что приводит к пробуксовке. Уменьшение количества запущенных программ и открытых окон может исправить эту ситуацию."
"17.10.2025 8:34:00","500","Предупреждение","Microsoft-Windows-Diagnostics-Performance","Диспетчер окон рабочего стола испытывает недостаток ресурсов. 
    Сценарий	:	Не хватает ресурсов видеопамяти, что приводит к пробуксовке. Уменьшение количества запущенных программ и открытых окон может исправить эту ситуацию."
"16.10.2025 12:19:18","500","Предупреждение","Microsoft-Windows-Diagnostics-Performance","Диспетчер окон рабочего стола испытывает недостаток ресурсов. 
    Сценарий	:	Не хватает ресурсов видеопамяти, что приводит к пробуксовке. Уменьшение количества запущенных программ и открытых окон может исправить эту ситуацию."
"16.10.2025 11:27:53","500","Предупреждение","Microsoft-Windows-Diagnostics-Performance","Диспетчер окон рабочего стола испытывает недостаток ресурсов. 
    Сценарий	:	Не хватает ресурсов видеопамяти, что приводит к пробуксовке. Уменьшение количества запущенных программ и открытых окон может исправить эту ситуацию."
"16.10.2025 11:02:32","500","Предупреждение","Microsoft-Windows-Diagnostics-Performance","Диспетчер окон рабочего стола испытывает недостаток ресурсов. 
    Сценарий	:	Не хватает ресурсов видеопамяти, что приводит к пробуксовке. Уменьшение количества запущенных программ и открытых окон может исправить эту ситуацию."
"16.10.2025 10:19:30","500","Предупреждение","Microsoft-Windows-Diagnostics-Performance","Диспетчер окон рабочего стола испытывает недостаток ресурсов. 
    Сценарий	:	Не хватает ресурсов видеопамяти, что приводит к пробуксовке. Уменьшение количества запущенных программ и открытых окон может исправить эту ситуацию."
"16.10.2025 8:50:24","500","Предупреждение","Microsoft-Windows-Diagnostics-Performance","Диспетчер окон рабочего стола испытывает недостаток ресурсов. 
    Сценарий	:	Не хватает ресурсов видеопамяти, что приводит к пробуксовке. Уменьшение количества запущенных программ и открытых окон может исправить эту ситуацию."
"16.10.2025 7:21:33","500","Предупреждение","Microsoft-Windows-Diagnostics-Performance","Диспетчер окон рабочего стола испытывает недостаток ресурсов. 
    Сценарий	:	Не хватает ресурсов видеопамяти, что приводит к пробуксовке. Уменьшение количества запущенных программ и открытых окон может исправить эту ситуацию."
"16.10.2025 5:48:49","500","Предупреждение","Microsoft-Windows-Diagnostics-Performance","Диспетчер окон рабочего стола испытывает недостаток ресурсов. 
    Сценарий	:	Не хватает ресурсов видеопамяти, что приводит к пробуксовке. Уменьшение количества запущенных программ и открытых окон может исправить эту ситуацию."
"16.10.2025 4:27:04","500","Предупреждение","Microsoft-Windows-Diagnostics-Performance","Диспетчер окон рабочего стола испытывает недостаток ресурсов. 
    Сценарий	:	Не хватает ресурсов видеопамяти, что приводит к пробуксовке. Уменьшение количества запущенных программ и открытых окон может исправить эту ситуацию."
"16.10.2025 3:24:43","500","Предупреждение","Microsoft-Windows-Diagnostics-Performance","Диспетчер окон рабочего стола испытывает недостаток ресурсов. 
    Сценарий	:	Не хватает ресурсов видеопамяти, что приводит к пробуксовке. Уменьшение количества запущенных программ и открытых окон может исправить эту ситуацию."
"15.10.2025 1:57:18","500","Предупреждение","Microsoft-Windows-Diagnostics-Performance","Диспетчер окон рабочего стола испытывает недостаток ресурсов. 
    Сценарий	:	Не хватает ресурсов видеопамяти, что приводит к пробуксовке. Уменьшение количества запущенных программ и открытых окон может исправить эту ситуацию."
"14.10.2025 23:51:14","500","Предупреждение","Microsoft-Windows-Diagnostics-Performance","Диспетчер окон рабочего стола испытывает недостаток ресурсов. 
    Сценарий	:	Не хватает ресурсов видеопамяти, что приводит к пробуксовке. Уменьшение количества запущенных программ и открытых окон может исправить эту ситуацию."
"14.10.2025 23:03:10","500","Предупреждение","Microsoft-Windows-Diagnostics-Performance","Диспетчер окон рабочего стола испытывает недостаток ресурсов. 
    Сценарий	:	Не хватает ресурсов видеопамяти, что приводит к пробуксовке. Уменьшение количества запущенных программ и открытых окон может исправить эту ситуацию."
"14.10.2025 22:42:04","500","Предупреждение","Microsoft-Windows-Diagnostics-Performance","Диспетчер окон рабочего стола испытывает недостаток ресурсов. 
    Сценарий	:	Не хватает ресурсов видеопамяти, что приводит к пробуксовке. Уменьшение количества запущенных программ и открытых окон может исправить эту ситуацию."
"14.10.2025 17:33:17","500","Предупреждение","Microsoft-Windows-Diagnostics-Performance","Диспетчер окон рабочего стола испытывает недостаток ресурсов. 
    Сценарий	:	Не хватает ресурсов видеопамяти, что приводит к пробуксовке. Уменьшение количества запущенных программ и открытых окон может исправить эту ситуацию."
"14.10.2025 12:59:18","500","Предупреждение","Microsoft-Windows-Diagnostics-Performance","Диспетчер окон рабочего стола испытывает недостаток ресурсов. 
    Сценарий	:	Не хватает ресурсов видеопамяти, что приводит к пробуксовке. Уменьшение количества запущенных программ и открытых окон может исправить эту ситуацию."
"13.10.2025 8:14:31","200","Ошибка","Microsoft-Windows-Diagnostics-Performance","Завершение работы Windows 
    Продолжительность завершения работы	:	60966мс
    IsDegradation		:	false
    Время события (UTC)	:	‎2025‎-‎10‎-‎12T18:03:20.761476100Z"
"11.10.2025 23:33:54","200","Предупреждение","Microsoft-Windows-Diagnostics-Performance","Завершение работы Windows 
    Продолжительность завершения работы	:	9404мс
    IsDegradation		:	false
    Время события (UTC)	:	‎2025‎-‎10‎-‎11T00:01:30.380823900Z"
"11.10.2025 1:51:19","500","Предупреждение","Microsoft-Windows-Diagnostics-Performance","Диспетчер окон рабочего стола испытывает недостаток ресурсов. 
    Сценарий	:	Не хватает ресурсов видеопамяти, что приводит к пробуксовке. Уменьшение количества запущенных программ и открытых окон может исправить эту ситуацию."
"10.10.2025 22:30:46","500","Предупреждение","Microsoft-Windows-Diagnostics-Performance","Диспетчер окон рабочего стола испытывает недостаток ресурсов. 
    Сценарий	:	Не хватает ресурсов видеопамяти, что приводит к пробуксовке. Уменьшение количества запущенных программ и открытых окон может исправить эту ситуацию."
"10.10.2025 21:33:02","500","Предупреждение","Microsoft-Windows-Diagnostics-Performance","Диспетчер окон рабочего стола испытывает недостаток ресурсов. 
    Сценарий	:	Не хватает ресурсов видеопамяти, что приводит к пробуксовке. Уменьшение количества запущенных программ и открытых окон может исправить эту ситуацию."
"10.10.2025 14:52:48","500","Предупреждение","Microsoft-Windows-Diagnostics-Performance","Диспетчер окон рабочего стола испытывает недостаток ресурсов. 
    Сценарий	:	Не хватает ресурсов видеопамяти, что приводит к пробуксовке. Уменьшение количества запущенных программ и открытых окон может исправить эту ситуацию."
"08.10.2025 13:00:28","203","Предупреждение","Microsoft-Windows-Diagnostics-Performance","Эта служба вызвала замедление процесса завершения работы системы: 
    Имя файла		:	WlanSvc
    Понятное имя		:	Библиотека DLL службы автоматической настройки беспроводной локальной сети Windows
    Версия		:	10.0.19041.4522 (WinBuild.160101.0800)
    Общее время		:	2905мс
    Время замедления	:	1445мс
    Время события (UTC)	:	‎2025‎-‎10‎-‎07T01:02:50.669265400Z"
"08.10.2025 13:00:28","200","Предупреждение","Microsoft-Windows-Diagnostics-Performance","Завершение работы Windows 
    Продолжительность завершения работы	:	19531мс
    IsDegradation		:	true
    Время события (UTC)	:	‎2025‎-‎10‎-‎07T01:02:50.669265400Z"
"06.10.2025 23:34:25","500","Предупреждение","Microsoft-Windows-Diagnostics-Performance","Диспетчер окон рабочего стола испытывает недостаток ресурсов. 
    Сценарий	:	Не хватает ресурсов видеопамяти, что приводит к пробуксовке. Уменьшение количества запущенных программ и открытых окон может исправить эту ситуацию."
"04.10.2025 22:36:54","200","Предупреждение","Microsoft-Windows-Diagnostics-Performance","Завершение работы Windows 
    Продолжительность завершения работы	:	14272мс
    IsDegradation		:	false
    Время события (UTC)	:	‎2025‎-‎10‎-‎04T17:33:35.536540300Z"
"04.10.2025 4:08:43","200","Предупреждение","Microsoft-Windows-Diagnostics-Performance","Завершение работы Windows 
    Продолжительность завершения работы	:	9449мс
    IsDegradation		:	false
    Время события (UTC)	:	‎2025‎-‎10‎-‎03T23:05:26.687312000Z"
"29.09.2025 16:28:55","500","Предупреждение","Microsoft-Windows-Diagnostics-Performance","Диспетчер окон рабочего стола испытывает недостаток ресурсов. 
    Сценарий	:	Не хватает ресурсов видеопамяти, что приводит к пробуксовке. Уменьшение количества запущенных программ и открытых окон может исправить эту ситуацию."
"29.09.2025 12:13:35","200","Предупреждение","Microsoft-Windows-Diagnostics-Performance","Завершение работы Windows 
    Продолжительность завершения работы	:	10009мс
    IsDegradation		:	true
    Время события (UTC)	:	‎2025‎-‎09‎-‎28T18:25:53.182058600Z"
"28.09.2025 11:27:16","200","Предупреждение","Microsoft-Windows-Diagnostics-Performance","Завершение работы Windows 
    Продолжительность завершения работы	:	8854мс
    IsDegradation		:	false
    Время события (UTC)	:	‎2025‎-‎09‎-‎27T17:03:15.893684200Z"
"19.09.2025 13:32:31","200","Предупреждение","Microsoft-Windows-Diagnostics-Performance","Завершение работы Windows 
    Продолжительность завершения работы	:	6793мс
    IsDegradation		:	false
    Время события (UTC)	:	‎2025‎-‎09‎-‎18T20:41:25.739600700Z"
"16.09.2025 20:10:13","200","Предупреждение","Microsoft-Windows-Diagnostics-Performance","Завершение работы Windows 
    Продолжительность завершения работы	:	8361мс
    IsDegradation		:	false
    Время события (UTC)	:	‎2025‎-‎09‎-‎16T15:07:05.230624600Z"
"05.09.2025 17:56:01","500","Предупреждение","Microsoft-Windows-Diagnostics-Performance","Диспетчер окон рабочего стола испытывает недостаток ресурсов. 
    Сценарий	:	Не хватает ресурсов видеопамяти, что приводит к пробуксовке. Уменьшение количества запущенных программ и открытых окон может исправить эту ситуацию."
"04.09.2025 21:07:19","100","Ошибка","Microsoft-Windows-Diagnostics-Performance","Windows запущена: 
     Длительность загрузки		:	113289ms
     IsDegradation		:	false
     Время события (UTC)	:	‎2025‎-‎09‎-‎04T16:04:40.906624900Z"
"04.09.2025 21:07:15","200","Предупреждение","Microsoft-Windows-Diagnostics-Performance","Завершение работы Windows 
    Продолжительность завершения работы	:	12540мс
    IsDegradation		:	false
    Время события (UTC)	:	‎2025‎-‎09‎-‎04T12:59:26.625576200Z"
"29.08.2025 12:08:48","101","Предупреждение","Microsoft-Windows-Diagnostics-Performance","Это приложение загружалось дольше обычного, что привело к замедлению процесса запуска системы: 
    Имя файла		:	NVIDIA Overlay.exe
    Понятное имя		:	NVIDIA App
    Версия		:	128.4.13.11
    Общее время		:	4479мс
    Время замедления	:	1408мс
    Время события (UTC)	:	‎2025‎-‎08‎-‎29T07:06:25.891165800Z"
"29.08.2025 12:08:48","101","Предупреждение","Microsoft-Windows-Diagnostics-Performance","Это приложение загружалось дольше обычного, что привело к замедлению процесса запуска системы: 
    Имя файла		:	AdGuardVpnSvc.exe
    Понятное имя		:	AdGuard VPN for Windows
    Версия		:	2.7.1800.0
    Общее время		:	10342мс
    Время замедления	:	5018мс
    Время события (UTC)	:	‎2025‎-‎08‎-‎29T07:06:25.891165800Z"
"29.08.2025 12:08:48","101","Предупреждение","Microsoft-Windows-Diagnostics-Performance","Это приложение загружалось дольше обычного, что привело к замедлению процесса запуска системы: 
    Имя файла		:	CorelDRW.exe
    Понятное имя		:	CorelDRAW 2024 (64-Bit)
    Версия		:	25.2.1.313
    Общее время		:	19733мс
    Время замедления	:	14733мс
    Время события (UTC)	:	‎2025‎-‎08‎-‎29T07:06:25.891165800Z"
"29.08.2025 12:08:48","100","Ошибка","Microsoft-Windows-Diagnostics-Performance","Windows запущена: 
     Длительность загрузки		:	103336ms
     IsDegradation		:	false
     Время события (UTC)	:	‎2025‎-‎08‎-‎29T07:06:25.891165800Z"
"29.08.2025 12:08:43","200","Предупреждение","Microsoft-Windows-Diagnostics-Performance","Завершение работы Windows 
    Продолжительность завершения работы	:	13399мс
    IsDegradation		:	true
    Время события (UTC)	:	‎2025‎-‎08‎-‎29T07:05:53.024884500Z"
"25.08.2025 10:50:30","101","Предупреждение","Microsoft-Windows-Diagnostics-Performance","Это приложение загружалось дольше обычного, что привело к замедлению процесса запуска системы: 
    Имя файла		:	steam.exe
    Понятное имя		:	Steam
    Версия		:	09.86.62.31
    Общее время		:	15144мс
    Время замедления	:	9371мс
    Время события (UTC)	:	‎2025‎-‎08‎-‎25T05:47:42.875487300Z"
"25.08.2025 10:50:30","100","Ошибка","Microsoft-Windows-Diagnostics-Performance","Windows запущена: 
     Длительность загрузки		:	119485ms
     IsDegradation		:	false
     Время события (UTC)	:	‎2025‎-‎08‎-‎25T05:47:42.875487300Z"
"25.08.2025 10:50:25","203","Предупреждение","Microsoft-Windows-Diagnostics-Performance","Эта служба вызвала замедление процесса завершения работы системы: 
    Имя файла		:	WlanSvc
    Понятное имя		:	Библиотека DLL службы автоматической настройки беспроводной локальной сети Windows
    Версия		:	10.0.19041.4522 (WinBuild.160101.0800)
    Общее время		:	1144мс
    Время замедления	:	315мс
    Время события (UTC)	:	‎2025‎-‎08‎-‎25T05:47:18.277100300Z"
"25.08.2025 10:50:25","200","Предупреждение","Microsoft-Windows-Diagnostics-Performance","Завершение работы Windows 
    Продолжительность завершения работы	:	7090мс
    IsDegradation		:	true
    Время события (UTC)	:	‎2025‎-‎08‎-‎25T05:47:18.277100300Z"
"25.08.2025 10:37:38","101","Предупреждение","Microsoft-Windows-Diagnostics-Performance","Это приложение загружалось дольше обычного, что привело к замедлению процесса запуска системы: 
    Имя файла		:	sppsvc.exe
    Понятное имя		:	Служба платформы защиты программного обеспечения Майкрософт
    Версия		:	10.0.19041.4522 (WinBuild.160101.0800)
    Общее время		:	944мс
    Время замедления	:	347мс
    Время события (UTC)	:	‎2025‎-‎08‎-‎25T05:34:26.094624500Z"
"25.08.2025 10:37:38","101","Предупреждение","Microsoft-Windows-Diagnostics-Performance","Это приложение загружалось дольше обычного, что привело к замедлению процесса запуска системы: 
    Имя файла		:	AdGuardVpnSvc.exe
    Понятное имя		:	AdGuard VPN for Windows
    Версия		:	2.6.1782.0
    Общее время		:	10184мс
    Время замедления	:	5440мс
    Время события (UTC)	:	‎2025‎-‎08‎-‎25T05:34:26.094624500Z"
"25.08.2025 10:37:38","101","Предупреждение","Microsoft-Windows-Diagnostics-Performance","Это приложение загружалось дольше обычного, что привело к замедлению процесса запуска системы: 
    Имя файла		:	steam.exe
    Понятное имя		:	Steam
    Версия		:	09.86.62.31
    Общее время		:	20892мс
    Время замедления	:	12280мс
    Время события (UTC)	:	‎2025‎-‎08‎-‎25T05:34:26.094624500Z"
"25.08.2025 10:37:38","101","Предупреждение","Microsoft-Windows-Diagnostics-Performance","Это приложение загружалось дольше обычного, что привело к замедлению процесса запуска системы: 
    Имя файла		:	QHActiveDefense.exe
    Понятное имя		:	360 Total Security
    Версия		:	10,0,0,1210
    Общее время		:	28491мс
    Время замедления	:	23491мс
    Время события (UTC)	:	‎2025‎-‎08‎-‎25T05:34:26.094624500Z"
"25.08.2025 10:37:38","100","Критический","Microsoft-Windows-Diagnostics-Performance","Windows запущена: 
     Длительность загрузки		:	176889ms
     IsDegradation		:	false
     Время события (UTC)	:	‎2025‎-‎08‎-‎25T05:34:26.094624500Z"
"25.08.2025 10:37:33","203","Ошибка","Microsoft-Windows-Diagnostics-Performance","Эта служба вызвала замедление процесса завершения работы системы: 
    Имя файла		:	QHActiveDefense
    Понятное имя		:	
    Версия		:	
    Общее время		:	6276мс
    Время замедления	:	2276мс
    Время события (UTC)	:	‎2025‎-‎08‎-‎25T05:33:47.945918100Z"
"25.08.2025 10:37:33","200","Предупреждение","Microsoft-Windows-Diagnostics-Performance","Завершение работы Windows 
    Продолжительность завершения работы	:	18217мс
    IsDegradation		:	false
    Время события (UTC)	:	‎2025‎-‎08‎-‎25T05:33:47.945918100Z"
"24.08.2025 14:38:11","203","Ошибка","Microsoft-Windows-Diagnostics-Performance","Эта служба вызвала замедление процесса завершения работы системы: 
    Имя файла		:	QHActiveDefense
    Понятное имя		:	
    Версия		:	
    Общее время		:	6365мс
    Время замедления	:	2365мс
    Время события (UTC)	:	‎2025‎-‎08‎-‎24T09:34:29.616869200Z"
"24.08.2025 14:38:11","200","Предупреждение","Microsoft-Windows-Diagnostics-Performance","Завершение работы Windows 
    Продолжительность завершения работы	:	18232мс
    IsDegradation		:	false
    Время события (UTC)	:	‎2025‎-‎08‎-‎24T09:34:29.616869200Z"
"20.08.2025 18:27:09","101","Предупреждение","Microsoft-Windows-Diagnostics-Performance","Это приложение загружалось дольше обычного, что привело к замедлению процесса запуска системы: 
    Имя файла		:	QHActiveDefense.exe
    Понятное имя		:	360 Total Security
    Версия		:	10,0,0,1210
    Общее время		:	27690мс
    Время замедления	:	22690мс
    Время события (UTC)	:	‎2025‎-‎08‎-‎20T13:24:00.875249900Z"
"20.08.2025 18:27:09","100","Критический","Microsoft-Windows-Diagnostics-Performance","Windows запущена: 
     Длительность загрузки		:	167296ms
     IsDegradation		:	true
     Время события (UTC)	:	‎2025‎-‎08‎-‎20T13:24:00.875249900Z"
"20.08.2025 18:27:05","203","Предупреждение","Microsoft-Windows-Diagnostics-Performance","Эта служба вызвала замедление процесса завершения работы системы: 
    Имя файла		:	QHActiveDefense
    Понятное имя		:	
    Версия		:	
    Общее время		:	5242мс
    Время замедления	:	1242мс
    Время события (UTC)	:	‎2025‎-‎08‎-‎20T13:23:21.921469800Z"
"20.08.2025 18:27:05","200","Предупреждение","Microsoft-Windows-Diagnostics-Performance","Завершение работы Windows 
    Продолжительность завершения работы	:	18812мс
    IsDegradation		:	false
    Время события (UTC)	:	‎2025‎-‎08‎-‎20T13:23:21.921469800Z"
"20.08.2025 9:46:39","101","Предупреждение","Microsoft-Windows-Diagnostics-Performance","Это приложение загружалось дольше обычного, что привело к замедлению процесса запуска системы: 
    Имя файла		:	steamwebhelper.exe
    Понятное имя		:	Steam Client WebHelper
    Версия		:	09.86.62.31
    Общее время		:	23300мс
    Время замедления	:	24191мс
    Время события (UTC)	:	‎2025‎-‎08‎-‎20T04:44:07.875462600Z"
"20.08.2025 9:46:39","100","Критический","Microsoft-Windows-Diagnostics-Performance","Windows запущена: 
     Длительность загрузки		:	115019ms
     IsDegradation		:	false
     Время события (UTC)	:	‎2025‎-‎08‎-‎20T04:44:07.875462600Z"
"20.08.2025 9:46:35","200","Предупреждение","Microsoft-Windows-Diagnostics-Performance","Завершение работы Windows 
    Продолжительность завершения работы	:	8340мс
    IsDegradation		:	false
    Время события (UTC)	:	‎2025‎-‎08‎-‎19T18:26:43.813873000Z"
"18.08.2025 8:17:20","101","Предупреждение","Microsoft-Windows-Diagnostics-Performance","Это приложение загружалось дольше обычного, что привело к замедлению процесса запуска системы: 
    Имя файла		:	SearchIndexer.exe
    Понятное имя		:	Индексатор службы Microsoft Windows Search
    Версия		:	7.0.19041.4522 (WinBuild.160101.0800)
    Общее время		:	936мс
    Время замедления	:	213мс
    Время события (UTC)	:	‎2025‎-‎08‎-‎18T03:11:56.110377600Z"
"18.08.2025 8:17:20","100","Ошибка","Microsoft-Windows-Diagnostics-Performance","Windows запущена: 
     Длительность загрузки		:	93695ms
     IsDegradation		:	false
     Время события (UTC)	:	‎2025‎-‎08‎-‎18T03:11:56.110377600Z"
"18.08.2025 8:17:13","200","Предупреждение","Microsoft-Windows-Diagnostics-Performance","Завершение работы Windows 
    Продолжительность завершения работы	:	6303мс
    IsDegradation		:	false
    Время события (UTC)	:	‎2025‎-‎08‎-‎17T17:44:12.860464400Z"
"16.08.2025 21:48:05","100","Предупреждение","Microsoft-Windows-Diagnostics-Performance","Windows запущена: 
     Длительность загрузки		:	71541ms
     IsDegradation		:	false
     Время события (UTC)	:	‎2025‎-‎08‎-‎16T16:45:39.875399600Z"
"15.08.2025 19:56:12","100","Ошибка","Microsoft-Windows-Diagnostics-Performance","Windows запущена: 
     Длительность загрузки		:	129061ms
     IsDegradation		:	false
     Время события (UTC)	:	‎2025‎-‎08‎-‎15T14:53:06.891081200Z"
"15.08.2025 19:56:09","200","Предупреждение","Microsoft-Windows-Diagnostics-Performance","Завершение работы Windows 
    Продолжительность завершения работы	:	8456мс
    IsDegradation		:	false
    Время события (UTC)	:	‎2025‎-‎08‎-‎15T13:51:18.318738700Z"
"13.08.2025 21:07:52","100","Ошибка","Microsoft-Windows-Diagnostics-Performance","Windows запущена: 
     Длительность загрузки		:	84177ms
     IsDegradation		:	false
     Время события (UTC)	:	‎2025‎-‎08‎-‎13T16:05:16.875471500Z"
"13.08.2025 9:07:16","500","Предупреждение","Microsoft-Windows-Diagnostics-Performance","Диспетчер окон рабочего стола испытывает недостаток ресурсов. 
    Сценарий	:	Не хватает ресурсов видеопамяти, что приводит к пробуксовке. Уменьшение количества запущенных программ и открытых окон может исправить эту ситуацию."
"11.08.2025 17:24:35","100","Ошибка","Microsoft-Windows-Diagnostics-Performance","Windows запущена: 
     Длительность загрузки		:	102207ms
     IsDegradation		:	false
     Время события (UTC)	:	‎2025‎-‎08‎-‎11T12:20:50.875491300Z"
"11.08.2025 7:49:05","100","Ошибка","Microsoft-Windows-Diagnostics-Performance","Windows запущена: 
     Длительность загрузки		:	105919ms
     IsDegradation		:	false
     Время события (UTC)	:	‎2025‎-‎08‎-‎11T02:43:44.094150000Z"
"10.08.2025 16:19:46","100","Ошибка","Microsoft-Windows-Diagnostics-Performance","Windows запущена: 
     Длительность загрузки		:	130494ms
     IsDegradation		:	true
     Время события (UTC)	:	‎2025‎-‎08‎-‎10T11:16:49.859871600Z"
"10.08.2025 16:19:43","200","Предупреждение","Microsoft-Windows-Diagnostics-Performance","Завершение работы Windows 
    Продолжительность завершения работы	:	11336мс
    IsDegradation		:	false
    Время события (UTC)	:	‎2025‎-‎08‎-‎10T10:09:40.533319000Z"
"10.08.2025 11:06:23","500","Предупреждение","Microsoft-Windows-Diagnostics-Performance","Диспетчер окон рабочего стола испытывает недостаток ресурсов. 
    Сценарий	:	Не хватает ресурсов видеопамяти, что приводит к пробуксовке. Уменьшение количества запущенных программ и открытых окон может исправить эту ситуацию."
"10.08.2025 9:06:41","200","Предупреждение","Microsoft-Windows-Diagnostics-Performance","Завершение работы Windows 
    Продолжительность завершения работы	:	7710мс
    IsDegradation		:	false
    Время события (UTC)	:	‎2025‎-‎08‎-‎09T16:55:53.533183300Z"
"09.08.2025 7:10:27","100","Ошибка","Microsoft-Windows-Diagnostics-Performance","Windows запущена: 
     Длительность загрузки		:	109281ms
     IsDegradation		:	false
     Время события (UTC)	:	‎2025‎-‎08‎-‎09T02:07:59.875913600Z"
"09.08.2025 7:10:23","200","Предупреждение","Microsoft-Windows-Diagnostics-Performance","Завершение работы Windows 
    Продолжительность завершения работы	:	12273мс
    IsDegradation		:	false
    Время события (UTC)	:	‎2025‎-‎08‎-‎09T02:07:27.774357100Z"
"07.08.2025 20:38:48","100","Ошибка","Microsoft-Windows-Diagnostics-Performance","Windows запущена: 
     Длительность загрузки		:	103955ms
     IsDegradation		:	false
     Время события (UTC)	:	‎2025‎-‎08‎-‎07T14:56:10.875516700Z"
"07.08.2025 15:02:36","500","Предупреждение","Microsoft-Windows-Diagnostics-Performance","Диспетчер окон рабочего стола испытывает недостаток ресурсов. 
    Сценарий	:	Не хватает ресурсов видеопамяти, что приводит к пробуксовке. Уменьшение количества запущенных программ и открытых окон может исправить эту ситуацию."
"06.08.2025 9:17:59","100","Ошибка","Microsoft-Windows-Diagnostics-Performance","Windows запущена: 
     Длительность загрузки		:	107806ms
     IsDegradation		:	false
     Время события (UTC)	:	‎2025‎-‎08‎-‎06T04:15:02.906471900Z"
"05.08.2025 8:19:14","100","Ошибка","Microsoft-Windows-Diagnostics-Performance","Windows запущена: 
     Длительность загрузки		:	103053ms
     IsDegradation		:	false
     Время события (UTC)	:	‎2025‎-‎08‎-‎05T02:43:05.860122600Z"
"04.08.2025 3:35:23","100","Ошибка","Microsoft-Windows-Diagnostics-Performance","Windows запущена: 
     Длительность загрузки		:	87021ms
     IsDegradation		:	false
     Время события (UTC)	:	‎2025‎-‎08‎-‎03T22:32:39.859901500Z"
"04.08.2025 1:21:48","101","Предупреждение","Microsoft-Windows-Diagnostics-Performance","Это приложение загружалось дольше обычного, что привело к замедлению процесса запуска системы: 
    Имя файла		:	nvcontainer.exe
    Понятное имя		:	NVIDIA Container
    Версия		:	gcomp_rel 34853667
    Общее время		:	4111мс
    Время замедления	:	992мс
    Время события (UTC)	:	‎2025‎-‎08‎-‎03T20:19:19.078824200Z"
"04.08.2025 1:21:48","100","Ошибка","Microsoft-Windows-Diagnostics-Performance","Windows запущена: 
     Длительность загрузки		:	114103ms
     IsDegradation		:	false
     Время события (UTC)	:	‎2025‎-‎08‎-‎03T20:19:19.078824200Z"
"04.08.2025 1:21:45","200","Предупреждение","Microsoft-Windows-Diagnostics-Performance","Завершение работы Windows 
    Продолжительность завершения работы	:	20052мс
    IsDegradation		:	false
    Время события (UTC)	:	‎2025‎-‎08‎-‎03T20:18:33.457167900Z"
"29.07.2025 8:58:19","100","Ошибка","Microsoft-Windows-Diagnostics-Performance","Windows запущена: 
     Длительность загрузки		:	79906ms
     IsDegradation		:	false
     Время события (UTC)	:	‎2025‎-‎07‎-‎29T03:55:44.859780200Z"
"27.07.2025 7:10:57","100","Предупреждение","Microsoft-Windows-Diagnostics-Performance","Windows запущена: 
     Длительность загрузки		:	80852ms
     IsDegradation		:	false
     Время события (UTC)	:	‎2025‎-‎07‎-‎27T02:08:21.078604900Z"
"24.07.2025 18:24:14","100","Ошибка","Microsoft-Windows-Diagnostics-Performance","Windows запущена: 
     Длительность загрузки		:	82911ms
     IsDegradation		:	false
     Время события (UTC)	:	‎2025‎-‎07‎-‎24T13:21:44.859862600Z"
"24.07.2025 8:56:23","101","Предупреждение","Microsoft-Windows-Diagnostics-Performance","Это приложение загружалось дольше обычного, что привело к замедлению процесса запуска системы: 
    Имя файла		:	sppsvc.exe
    Понятное имя		:	Служба платформы защиты программного обеспечения Майкрософт
    Версия		:	10.0.19041.4522 (WinBuild.160101.0800)
    Общее время		:	814мс
    Время замедления	:	371мс
    Время события (UTC)	:	‎2025‎-‎07‎-‎24T03:53:30.859909700Z"
"24.07.2025 8:56:23","100","Ошибка","Microsoft-Windows-Diagnostics-Performance","Windows запущена: 
     Длительность загрузки		:	92553ms
     IsDegradation		:	false
     Время события (UTC)	:	‎2025‎-‎07‎-‎24T03:53:30.859909700Z"
"24.07.2025 7:50:03","100","Ошибка","Microsoft-Windows-Diagnostics-Performance","Windows запущена: 
     Длительность загрузки		:	98111ms
     IsDegradation		:	false
     Время события (UTC)	:	‎2025‎-‎07‎-‎24T02:47:10.891191400Z"
"19.07.2025 12:00:19","100","Ошибка","Microsoft-Windows-Diagnostics-Performance","Windows запущена: 
     Длительность загрузки		:	98200ms
     IsDegradation		:	true
     Время события (UTC)	:	‎2025‎-‎07‎-‎19T06:57:37.078648700Z"
"18.07.2025 8:34:21","100","Критический","Microsoft-Windows-Diagnostics-Performance","Windows запущена: 
     Длительность загрузки		:	123686ms
     IsDegradation		:	false
     Время события (UTC)	:	‎2025‎-‎07‎-‎18T03:31:55.859877400Z"
"18.07.2025 8:34:18","200","Предупреждение","Microsoft-Windows-Diagnostics-Performance","Завершение работы Windows 
    Продолжительность завершения работы	:	7374мс
    IsDegradation		:	false
    Время события (UTC)	:	‎2025‎-‎07‎-‎18T03:31:27.934830300Z"
"16.07.2025 8:41:04","100","Ошибка","Microsoft-Windows-Diagnostics-Performance","Windows запущена: 
     Длительность загрузки		:	75382ms
     IsDegradation		:	false
     Время события (UTC)	:	‎2025‎-‎07‎-‎16T03:38:39.875426300Z"
"16.07.2025 2:02:17","500","Предупреждение","Microsoft-Windows-Diagnostics-Performance","Диспетчер окон рабочего стола испытывает недостаток ресурсов. 
    Сценарий	:	Не хватает ресурсов видеопамяти, что приводит к пробуксовке. Уменьшение количества запущенных программ и открытых окон может исправить эту ситуацию."
"15.07.2025 22:29:39","100","Ошибка","Microsoft-Windows-Diagnostics-Performance","Windows запущена: 
     Длительность загрузки		:	118496ms
     IsDegradation		:	false
     Время события (UTC)	:	‎2025‎-‎07‎-‎15T17:26:59.859799500Z"
"15.07.2025 22:29:37","200","Предупреждение","Microsoft-Windows-Diagnostics-Performance","Завершение работы Windows 
    Продолжительность завершения работы	:	18974мс
    IsDegradation		:	false
    Время события (UTC)	:	‎2025‎-‎07‎-‎15T17:26:22.331427900Z"
"15.07.2025 12:54:39","100","Ошибка","Microsoft-Windows-Diagnostics-Performance","Windows запущена: 
     Длительность загрузки		:	84660ms
     IsDegradation		:	false
     Время события (UTC)	:	‎2025‎-‎07‎-‎15T07:51:44.859649800Z"
"14.07.2025 20:49:08","100","Предупреждение","Microsoft-Windows-Diagnostics-Performance","Windows запущена: 
     Длительность загрузки		:	74396ms
     IsDegradation		:	false
     Время события (UTC)	:	‎2025‎-‎07‎-‎14T15:46:52.859562600Z"
"14.07.2025 20:49:06","200","Предупреждение","Microsoft-Windows-Diagnostics-Performance","Завершение работы Windows 
    Продолжительность завершения работы	:	13075мс
    IsDegradation		:	false
    Время события (UTC)	:	‎2025‎-‎07‎-‎14T15:46:21.672045100Z"
"14.07.2025 20:20:43","500","Предупреждение","Microsoft-Windows-Diagnostics-Performance","Диспетчер окон рабочего стола испытывает недостаток ресурсов. 
    Сценарий	:	Не хватает ресурсов видеопамяти, что приводит к пробуксовке. Уменьшение количества запущенных программ и открытых окон может исправить эту ситуацию."
"14.07.2025 13:49:27","100","Ошибка","Microsoft-Windows-Diagnostics-Performance","Windows запущена: 
     Длительность загрузки		:	75125ms
     IsDegradation		:	false
     Время события (UTC)	:	‎2025‎-‎07‎-‎14T08:47:01.907089300Z"
"11.07.2025 14:07:08","101","Предупреждение","Microsoft-Windows-Diagnostics-Performance","Это приложение загружалось дольше обычного, что привело к замедлению процесса запуска системы: 
    Имя файла		:	sppsvc.exe
    Понятное имя		:	Служба платформы защиты программного обеспечения Майкрософт
    Версия		:	10.0.19041.4522 (WinBuild.160101.0800)
    Общее время		:	2464мс
    Время замедления	:	1464мс
    Время события (UTC)	:	‎2025‎-‎07‎-‎11T09:04:38.078591100Z"
"11.07.2025 14:07:08","101","Предупреждение","Microsoft-Windows-Diagnostics-Performance","Это приложение загружалось дольше обычного, что привело к замедлению процесса запуска системы: 
    Имя файла		:	AdGuardVpnSvc.exe
    Понятное имя		:	AdGuard VPN for Windows
    Версия		:	2.6.1782.0
    Общее время		:	11011мс
    Время замедления	:	6095мс
    Время события (UTC)	:	‎2025‎-‎07‎-‎11T09:04:38.078591100Z"
"11.07.2025 14:07:08","100","Предупреждение","Microsoft-Windows-Diagnostics-Performance","Windows запущена: 
     Длительность загрузки		:	77154ms
     IsDegradation		:	false
     Время события (UTC)	:	‎2025‎-‎07‎-‎11T09:04:38.078591100Z"
"10.07.2025 16:36:31","500","Предупреждение","Microsoft-Windows-Diagnostics-Performance","Диспетчер окон рабочего стола испытывает недостаток ресурсов. 
    Сценарий	:	Не хватает ресурсов видеопамяти, что приводит к пробуксовке. Уменьшение количества запущенных программ и открытых окон может исправить эту ситуацию."
"09.07.2025 15:00:13","101","Предупреждение","Microsoft-Windows-Diagnostics-Performance","Это приложение загружалось дольше обычного, что привело к замедлению процесса запуска системы: 
    Имя файла		:	AdGuardVpnSvc.exe
    Понятное имя		:	AdGuard VPN for Windows
    Версия		:	2.6.1782.0
    Общее время		:	10262мс
    Время замедления	:	5163мс
    Время события (UTC)	:	‎2025‎-‎07‎-‎09T09:57:30.860139100Z"
"09.07.2025 15:00:13","100","Критический","Microsoft-Windows-Diagnostics-Performance","Windows запущена: 
     Длительность загрузки		:	132207ms
     IsDegradation		:	false
     Время события (UTC)	:	‎2025‎-‎07‎-‎09T09:57:30.860139100Z"
"09.07.2025 15:00:11","200","Предупреждение","Microsoft-Windows-Diagnostics-Performance","Завершение работы Windows 
    Продолжительность завершения работы	:	15126мс
    IsDegradation		:	true
    Время события (UTC)	:	‎2025‎-‎07‎-‎09T09:56:52.947350900Z"
"07.07.2025 10:00:13","100","Ошибка","Microsoft-Windows-Diagnostics-Performance","Windows запущена: 
     Длительность загрузки		:	76747ms
     IsDegradation		:	false
     Время события (UTC)	:	‎2025‎-‎07‎-‎07T04:57:51.860051900Z"
"06.07.2025 8:19:43","100","Ошибка","Microsoft-Windows-Diagnostics-Performance","Windows запущена: 
     Длительность загрузки		:	97606ms
     IsDegradation		:	false
     Время события (UTC)	:	‎2025‎-‎07‎-‎06T03:13:54.859806200Z"
"05.07.2025 10:41:26","100","Ошибка","Microsoft-Windows-Diagnostics-Performance","Windows запущена: 
     Длительность загрузки		:	71269ms
     IsDegradation		:	false
     Время события (UTC)	:	‎2025‎-‎07‎-‎05T05:39:05.875452400Z"
"04.07.2025 21:53:53","101","Предупреждение","Microsoft-Windows-Diagnostics-Performance","Это приложение загружалось дольше обычного, что привело к замедлению процесса запуска системы: 
    Имя файла		:	installer-2.6.1782.0.exe
    Понятное имя		:	
    Версия		:	
    Общее время		:	4499мс
    Время замедления	:	3499мс
    Время события (UTC)	:	‎2025‎-‎07‎-‎04T16:51:28.875539000Z"
"04.07.2025 21:53:53","101","Предупреждение","Microsoft-Windows-Diagnostics-Performance","Это приложение загружалось дольше обычного, что привело к замедлению процесса запуска системы: 
    Имя файла		:	rundll32.exe
    Понятное имя		:	Хост-процесс Windows (Rundll32)
    Версия		:	10.0.19041.4522 (WinBuild.160101.0800)
    Общее время		:	7303мс
    Время замедления	:	3803мс
    Время события (UTC)	:	‎2025‎-‎07‎-‎04T16:51:28.875539000Z"
"04.07.2025 21:53:53","100","Ошибка","Microsoft-Windows-Diagnostics-Performance","Windows запущена: 
     Длительность загрузки		:	84397ms
     IsDegradation		:	false
     Время события (UTC)	:	‎2025‎-‎07‎-‎04T16:51:28.875539000Z"
"03.07.2025 12:52:23","100","Ошибка","Microsoft-Windows-Diagnostics-Performance","Windows запущена: 
     Длительность загрузки		:	94889ms
     IsDegradation		:	false
     Время события (UTC)	:	‎2025‎-‎07‎-‎03T07:38:15.078594900Z"
"02.07.2025 12:54:39","100","Ошибка","Microsoft-Windows-Diagnostics-Performance","Windows запущена: 
     Длительность загрузки		:	116422ms
     IsDegradation		:	false
     Время события (UTC)	:	‎2025‎-‎07‎-‎02T07:51:52.906676000Z"
"02.07.2025 12:54:36","200","Предупреждение","Microsoft-Windows-Diagnostics-Performance","Завершение работы Windows 
    Продолжительность завершения работы	:	10734мс
    IsDegradation		:	false
    Время события (UTC)	:	‎2025‎-‎07‎-‎01T11:49:18.578564300Z"
"01.07.2025 10:01:33","100","Ошибка","Microsoft-Windows-Diagnostics-Performance","Windows запущена: 
     Длительность загрузки		:	91449ms
     IsDegradation		:	false
     Время события (UTC)	:	‎2025‎-‎07‎-‎01T04:55:44.859887700Z"
"30.06.2025 15:01:15","500","Предупреждение","Microsoft-Windows-Diagnostics-Performance","Диспетчер окон рабочего стола испытывает недостаток ресурсов. 
    Сценарий	:	Не хватает ресурсов видеопамяти, что приводит к пробуксовке. Уменьшение количества запущенных программ и открытых окон может исправить эту ситуацию."
"30.06.2025 7:08:20","101","Предупреждение","Microsoft-Windows-Diagnostics-Performance","Это приложение загружалось дольше обычного, что привело к замедлению процесса запуска системы: 
    Имя файла		:	svchost.exe
    Понятное имя		:	Хост-процесс для служб Windows
    Версия		:	10.0.19041.4522 (WinBuild.160101.0800)
    Общее время		:	13087мс
    Время замедления	:	6664мс
    Время события (UTC)	:	‎2025‎-‎06‎-‎30T02:05:56.860104700Z"
"30.06.2025 7:08:20","101","Предупреждение","Microsoft-Windows-Diagnostics-Performance","Это приложение загружалось дольше обычного, что привело к замедлению процесса запуска системы: 
    Имя файла		:	Telegram.exe
    Понятное имя		:	
    Версия		:	
    Общее время		:	13709мс
    Время замедления	:	8709мс
    Время события (UTC)	:	‎2025‎-‎06‎-‎30T02:05:56.860104700Z"
"30.06.2025 7:08:20","100","Ошибка","Microsoft-Windows-Diagnostics-Performance","Windows запущена: 
     Длительность загрузки		:	96572ms
     IsDegradation		:	false
     Время события (UTC)	:	‎2025‎-‎06‎-‎30T02:05:56.860104700Z"
"30.06.2025 7:08:18","200","Предупреждение","Microsoft-Windows-Diagnostics-Performance","Завершение работы Windows 
    Продолжительность завершения работы	:	11278мс
    IsDegradation		:	false
    Время события (UTC)	:	‎2025‎-‎06‎-‎29T22:01:27.959494400Z"
"30.06.2025 2:40:17","500","Предупреждение","Microsoft-Windows-Diagnostics-Performance","Диспетчер окон рабочего стола испытывает недостаток ресурсов. 
    Сценарий	:	Не хватает ресурсов видеопамяти, что приводит к пробуксовке. Уменьшение количества запущенных программ и открытых окон может исправить эту ситуацию."
"29.06.2025 19:05:40","500","Предупреждение","Microsoft-Windows-Diagnostics-Performance","Диспетчер окон рабочего стола испытывает недостаток ресурсов. 
    Сценарий	:	Не хватает ресурсов видеопамяти, что приводит к пробуксовке. Уменьшение количества запущенных программ и открытых окон может исправить эту ситуацию."
"28.06.2025 8:36:08","101","Предупреждение","Microsoft-Windows-Diagnostics-Performance","Это приложение загружалось дольше обычного, что привело к замедлению процесса запуска системы: 
    Имя файла		:	OfficeClickToRun.exe
    Понятное имя		:	Microsoft Office Click-to-Run (SxS)
    Версия		:	16.0.18827.20164
    Общее время		:	1712мс
    Время замедления	:	864мс
    Время события (UTC)	:	‎2025‎-‎06‎-‎28T03:33:50.875459600Z"
"28.06.2025 8:36:08","100","Ошибка","Microsoft-Windows-Diagnostics-Performance","Windows запущена: 
     Длительность загрузки		:	71068ms
     IsDegradation		:	false
     Время события (UTC)	:	‎2025‎-‎06‎-‎28T03:33:50.875459600Z"
"27.06.2025 19:45:53","500","Предупреждение","Microsoft-Windows-Diagnostics-Performance","Диспетчер окон рабочего стола испытывает недостаток ресурсов. 
    Сценарий	:	Не хватает ресурсов видеопамяти, что приводит к пробуксовке. Уменьшение количества запущенных программ и открытых окон может исправить эту ситуацию."
"27.06.2025 16:00:13","100","Ошибка","Microsoft-Windows-Diagnostics-Performance","Windows запущена: 
     Длительность загрузки		:	92233ms
     IsDegradation		:	false
     Время события (UTC)	:	‎2025‎-‎06‎-‎27T10:57:27.875417600Z"
"26.06.2025 7:42:59","100","Ошибка","Microsoft-Windows-Diagnostics-Performance","Windows запущена: 
     Длительность загрузки		:	92898ms
     IsDegradation		:	false
     Время события (UTC)	:	‎2025‎-‎06‎-‎26T02:37:02.859802000Z"
"25.06.2025 19:48:29","108","Предупреждение","Microsoft-Windows-Diagnostics-Performance","Применение политики пользователя вызвало замедление процесса запуска системы: 
    Имя		:	PreShellInit
    Общее время		:	13504мс
    Время замедления	:	6877мс
    Время события (UTC)	:	‎2025‎-‎06‎-‎25T14:46:21.063119000Z"
"25.06.2025 19:48:29","100","Критический","Microsoft-Windows-Diagnostics-Performance","Windows запущена: 
     Длительность загрузки		:	114319ms
     IsDegradation		:	false
     Время события (UTC)	:	‎2025‎-‎06‎-‎25T14:46:21.063119000Z"
"25.06.2025 19:48:27","200","Предупреждение","Microsoft-Windows-Diagnostics-Performance","Завершение работы Windows 
    Продолжительность завершения работы	:	15057мс
    IsDegradation		:	true
    Время события (UTC)	:	‎2025‎-‎06‎-‎25T14:45:46.533383100Z"
"25.06.2025 13:28:53","100","Ошибка","Microsoft-Windows-Diagnostics-Performance","Windows запущена: 
     Длительность загрузки		:	71728ms
     IsDegradation		:	false
     Время события (UTC)	:	‎2025‎-‎06‎-‎25T08:26:35.875420200Z"
"25.06.2025 12:52:34","100","Критический","Microsoft-Windows-Diagnostics-Performance","Windows запущена: 
     Длительность загрузки		:	108425ms
     IsDegradation		:	false
     Время события (UTC)	:	‎2025‎-‎06‎-‎25T07:50:19.859878200Z"
"25.06.2025 12:52:31","200","Ошибка","Microsoft-Windows-Diagnostics-Performance","Завершение работы Windows 
    Продолжительность завершения работы	:	41866мс
    IsDegradation		:	false
    Время события (UTC)	:	‎2025‎-‎06‎-‎25T07:49:17.381346900Z"
"25.06.2025 8:39:16","100","Предупреждение","Microsoft-Windows-Diagnostics-Performance","Windows запущена: 
     Длительность загрузки		:	72360ms
     IsDegradation		:	false
     Время события (UTC)	:	‎2025‎-‎06‎-‎25T03:36:52.859723900Z"
"24.06.2025 18:17:43","100","Ошибка","Microsoft-Windows-Diagnostics-Performance","Windows запущена: 
     Длительность загрузки		:	94172ms
     IsDegradation		:	false
     Время события (UTC)	:	‎2025‎-‎06‎-‎24T13:14:03.859886200Z"
"24.06.2025 13:42:51","100","Ошибка","Microsoft-Windows-Diagnostics-Performance","Windows запущена: 
     Длительность загрузки		:	96129ms
     IsDegradation		:	false
     Время события (UTC)	:	‎2025‎-‎06‎-‎24T08:39:38.875529400Z"
"22.06.2025 12:55:45","100","Ошибка","Microsoft-Windows-Diagnostics-Performance","Windows запущена: 
     Длительность загрузки		:	95439ms
     IsDegradation		:	false
     Время события (UTC)	:	‎2025‎-‎06‎-‎22T07:53:01.906894000Z"
"20.06.2025 20:32:08","101","Предупреждение","Microsoft-Windows-Diagnostics-Performance","Это приложение загружалось дольше обычного, что привело к замедлению процесса запуска системы: 
    Имя файла		:	AdGuardVpnSvc.exe
    Понятное имя		:	AdGuard VPN for Windows
    Версия		:	2.5.1700.0
    Общее время		:	9284мс
    Время замедления	:	5785мс
    Время события (UTC)	:	‎2025‎-‎06‎-‎20T15:29:49.859839700Z"
"20.06.2025 20:32:08","100","Ошибка","Microsoft-Windows-Diagnostics-Performance","Windows запущена: 
     Длительность загрузки		:	67428ms
     IsDegradation		:	false
     Время события (UTC)	:	‎2025‎-‎06‎-‎20T15:29:49.859839700Z"
"20.06.2025 12:17:17","108","Предупреждение","Microsoft-Windows-Diagnostics-Performance","Применение политики пользователя вызвало замедление процесса запуска системы: 
    Имя		:	PreShellInit
    Общее время		:	12452мс
    Время замедления	:	3368мс
    Время события (UTC)	:	‎2025‎-‎06‎-‎20T07:14:57.859783800Z"
"20.06.2025 12:17:17","100","Предупреждение","Microsoft-Windows-Diagnostics-Performance","Windows запущена: 
     Длительность загрузки		:	68382ms
     IsDegradation		:	false
     Время события (UTC)	:	‎2025‎-‎06‎-‎20T07:14:57.859783800Z"
"19.06.2025 16:32:10","100","Предупреждение","Microsoft-Windows-Diagnostics-Performance","Windows запущена: 
     Длительность загрузки		:	86756ms
     IsDegradation		:	false
     Время события (UTC)	:	‎2025‎-‎06‎-‎19T11:29:42.859906100Z"
"19.06.2025 16:32:08","200","Предупреждение","Microsoft-Windows-Diagnostics-Performance","Завершение работы Windows 
    Продолжительность завершения работы	:	6926мс
    IsDegradation		:	false
    Время события (UTC)	:	‎2025‎-‎06‎-‎19T11:29:17.085934600Z"
"19.06.2025 11:06:23","100","Предупреждение","Microsoft-Windows-Diagnostics-Performance","Windows запущена: 
     Длительность загрузки		:	66017ms
     IsDegradation		:	false
     Время события (UTC)	:	‎2025‎-‎06‎-‎19T06:04:04.860105000Z"
"18.06.2025 19:22:13","100","Ошибка","Microsoft-Windows-Diagnostics-Performance","Windows запущена: 
     Длительность загрузки		:	89677ms
     IsDegradation		:	false
     Время события (UTC)	:	‎2025‎-‎06‎-‎18T14:19:32.062982400Z"
"17.06.2025 8:18:04","100","Ошибка","Microsoft-Windows-Diagnostics-Performance","Windows запущена: 
     Длительность загрузки		:	92515ms
     IsDegradation		:	true
     Время события (UTC)	:	‎2025‎-‎06‎-‎17T03:14:08.860145600Z"
"16.06.2025 18:40:08","101","Предупреждение","Microsoft-Windows-Diagnostics-Performance","Это приложение загружалось дольше обычного, что привело к замедлению процесса запуска системы: 
    Имя файла		:	DeepL.exe
    Понятное имя		:	
    Версия		:	
    Общее время		:	16145мс
    Время замедления	:	11145мс
    Время события (UTC)	:	‎2025‎-‎06‎-‎16T13:37:39.860374100Z"
"16.06.2025 18:40:08","100","Ошибка","Microsoft-Windows-Diagnostics-Performance","Windows запущена: 
     Длительность загрузки		:	83813ms
     IsDegradation		:	false
     Время события (UTC)	:	‎2025‎-‎06‎-‎16T13:37:39.860374100Z"
"12.06.2025 15:07:57","101","Предупреждение","Microsoft-Windows-Diagnostics-Performance","Это приложение загружалось дольше обычного, что привело к замедлению процесса запуска системы: 
    Имя файла		:	DeepL.exe
    Понятное имя		:	
    Версия		:	
    Общее время		:	11938мс
    Время замедления	:	6938мс
    Время события (UTC)	:	‎2025‎-‎06‎-‎12T10:03:09.859920600Z"
"12.06.2025 15:07:57","100","Ошибка","Microsoft-Windows-Diagnostics-Performance","Windows запущена: 
     Длительность загрузки		:	93418ms
     IsDegradation		:	false
     Время события (UTC)	:	‎2025‎-‎06‎-‎12T10:03:09.859920600Z"
"11.06.2025 16:55:15","101","Предупреждение","Microsoft-Windows-Diagnostics-Performance","Это приложение загружалось дольше обычного, что привело к замедлению процесса запуска системы: 
    Имя файла		:	DeepL.exe
    Понятное имя		:	
    Версия		:	
    Общее время		:	12804мс
    Время замедления	:	7804мс
    Время события (UTC)	:	‎2025‎-‎06‎-‎11T11:52:27.063050300Z"
"11.06.2025 16:55:15","100","Ошибка","Microsoft-Windows-Diagnostics-Performance","Windows запущена: 
     Длительность загрузки		:	94844ms
     IsDegradation		:	false
     Время события (UTC)	:	‎2025‎-‎06‎-‎11T11:52:27.063050300Z"
"09.06.2025 8:21:34","100","Предупреждение","Microsoft-Windows-Diagnostics-Performance","Windows запущена: 
     Длительность загрузки		:	86798ms
     IsDegradation		:	false
     Время события (UTC)	:	‎2025‎-‎06‎-‎09T03:02:44.859883600Z"
"08.06.2025 12:35:44","100","Предупреждение","Microsoft-Windows-Diagnostics-Performance","Windows запущена: 
     Длительность загрузки		:	65360ms
     IsDegradation		:	false
     Время события (UTC)	:	‎2025‎-‎06‎-‎08T07:33:13.859816900Z"
"07.06.2025 13:25:56","101","Предупреждение","Microsoft-Windows-Diagnostics-Performance","Это приложение загружалось дольше обычного, что привело к замедлению процесса запуска системы: 
    Имя файла		:	sppsvc.exe
    Понятное имя		:	Служба платформы защиты программного обеспечения Майкрософт
    Версия		:	10.0.19041.4522 (WinBuild.160101.0800)
    Общее время		:	1262мс
    Время замедления	:	262мс
    Время события (UTC)	:	‎2025‎-‎06‎-‎07T08:23:41.859852400Z"
"07.06.2025 13:25:56","101","Предупреждение","Microsoft-Windows-Diagnostics-Performance","Это приложение загружалось дольше обычного, что привело к замедлению процесса запуска системы: 
    Имя файла		:	OfficeClickToRun.exe
    Понятное имя		:	Microsoft Office Click-to-Run (SxS)
    Версия		:	16.0.18827.20128
    Общее время		:	1536мс
    Время замедления	:	397мс
    Время события (UTC)	:	‎2025‎-‎06‎-‎07T08:23:41.859852400Z"
"07.06.2025 13:25:56","100","Ошибка","Microsoft-Windows-Diagnostics-Performance","Windows запущена: 
     Длительность загрузки		:	68144ms
     IsDegradation		:	false
     Время события (UTC)	:	‎2025‎-‎06‎-‎07T08:23:41.859852400Z"
"06.06.2025 9:08:50","100","Ошибка","Microsoft-Windows-Diagnostics-Performance","Windows запущена: 
     Длительность загрузки		:	87047ms
     IsDegradation		:	false
     Время события (UTC)	:	‎2025‎-‎06‎-‎06T04:06:15.860077000Z"
"06.06.2025 3:56:58","100","Ошибка","Microsoft-Windows-Diagnostics-Performance","Windows запущена: 
     Длительность загрузки		:	90260ms
     IsDegradation		:	true
     Время события (UTC)	:	‎2025‎-‎06‎-‎05T22:54:18.859781400Z"
"06.06.2025 0:29:07","500","Предупреждение","Microsoft-Windows-Diagnostics-Performance","Диспетчер окон рабочего стола испытывает недостаток ресурсов. 
    Сценарий	:	Не хватает ресурсов видеопамяти, что приводит к пробуксовке. Уменьшение количества запущенных программ и открытых окон может исправить эту ситуацию."
"05.06.2025 22:46:42","100","Ошибка","Microsoft-Windows-Diagnostics-Performance","Windows запущена: 
     Длительность загрузки		:	69853ms
     IsDegradation		:	false
     Время события (UTC)	:	‎2025‎-‎06‎-‎05T17:44:34.860144700Z"
"05.06.2025 22:46:41","200","Предупреждение","Microsoft-Windows-Diagnostics-Performance","Завершение работы Windows 
    Продолжительность завершения работы	:	16771мс
    IsDegradation		:	false
    Время события (UTC)	:	‎2025‎-‎06‎-‎05T17:43:56.870138900Z"
"05.06.2025 10:46:34","101","Предупреждение","Microsoft-Windows-Diagnostics-Performance","Это приложение загружалось дольше обычного, что привело к замедлению процесса запуска системы: 
    Имя файла		:	DeepL.exe
    Понятное имя		:	
    Версия		:	
    Общее время		:	13991мс
    Время замедления	:	8991мс
    Время события (UTC)	:	‎2025‎-‎06‎-‎05T05:44:00.875908300Z"
"05.06.2025 10:46:34","100","Ошибка","Microsoft-Windows-Diagnostics-Performance","Windows запущена: 
     Длительность загрузки		:	76337ms
     IsDegradation		:	false
     Время события (UTC)	:	‎2025‎-‎06‎-‎05T05:44:00.875908300Z"
"04.06.2025 22:59:33","101","Предупреждение","Microsoft-Windows-Diagnostics-Performance","Это приложение загружалось дольше обычного, что привело к замедлению процесса запуска системы: 
    Имя файла		:	svchost.exe
    Понятное имя		:	Хост-процесс для служб Windows
    Версия		:	10.0.19041.4522 (WinBuild.160101.0800)
    Общее время		:	1061мс
    Время замедления	:	431мс
    Время события (UTC)	:	‎2025‎-‎06‎-‎04T17:42:00.875716500Z"
"04.06.2025 22:59:33","101","Предупреждение","Microsoft-Windows-Diagnostics-Performance","Это приложение загружалось дольше обычного, что привело к замедлению процесса запуска системы: 
    Имя файла		:	DeepL.exe
    Понятное имя		:	
    Версия		:	
    Общее время		:	12353мс
    Время замедления	:	7353мс
    Время события (UTC)	:	‎2025‎-‎06‎-‎04T17:42:00.875716500Z"
"04.06.2025 22:59:33","100","Предупреждение","Microsoft-Windows-Diagnostics-Performance","Windows запущена: 
     Длительность загрузки		:	88200ms
     IsDegradation		:	false
     Время события (UTC)	:	‎2025‎-‎06‎-‎04T17:42:00.875716500Z"
"04.06.2025 17:34:30","101","Предупреждение","Microsoft-Windows-Diagnostics-Performance","Это приложение загружалось дольше обычного, что привело к замедлению процесса запуска системы: 
    Имя файла		:	DeepL.exe
    Понятное имя		:	
    Версия		:	
    Общее время		:	16272мс
    Время замедления	:	11272мс
    Время события (UTC)	:	‎2025‎-‎06‎-‎04T12:26:47.860162500Z"
"04.06.2025 17:34:30","100","Ошибка","Microsoft-Windows-Diagnostics-Performance","Windows запущена: 
     Длительность загрузки		:	90052ms
     IsDegradation		:	false
     Время события (UTC)	:	‎2025‎-‎06‎-‎04T12:26:47.860162500Z"
"04.06.2025 9:18:36","108","Предупреждение","Microsoft-Windows-Diagnostics-Performance","Применение политики пользователя вызвало замедление процесса запуска системы: 
    Имя		:	PreShellInit
    Общее время		:	8945мс
    Время замедления	:	1794мс
    Время события (UTC)	:	‎2025‎-‎06‎-‎04T04:16:21.063346900Z"
"04.06.2025 9:18:36","101","Предупреждение","Microsoft-Windows-Diagnostics-Performance","Это приложение загружалось дольше обычного, что привело к замедлению процесса запуска системы: 
    Имя файла		:	AdGuardVpnSvc.exe
    Понятное имя		:	AdGuard VPN for Windows
    Версия		:	2.5.1700.0
    Общее время		:	5937мс
    Время замедления	:	3125мс
    Время события (UTC)	:	‎2025‎-‎06‎-‎04T04:16:21.063346900Z"
"04.06.2025 9:18:36","100","Ошибка","Microsoft-Windows-Diagnostics-Performance","Windows запущена: 
     Длительность загрузки		:	67453ms
     IsDegradation		:	false
     Время события (UTC)	:	‎2025‎-‎06‎-‎04T04:16:21.063346900Z"
"03.06.2025 10:47:59","100","Предупреждение","Microsoft-Windows-Diagnostics-Performance","Windows запущена: 
     Длительность загрузки		:	67082ms
     IsDegradation		:	false
     Время события (UTC)	:	‎2025‎-‎06‎-‎03T05:45:21.859753600Z"
"02.06.2025 19:53:23","100","Предупреждение","Microsoft-Windows-Diagnostics-Performance","Windows запущена: 
     Длительность загрузки		:	86202ms
     IsDegradation		:	false
     Время события (UTC)	:	‎2025‎-‎06‎-‎02T14:26:20.859862900Z"
"02.06.2025 10:15:32","100","Предупреждение","Microsoft-Windows-Diagnostics-Performance","Windows запущена: 
     Длительность загрузки		:	63066ms
     IsDegradation		:	false
     Время события (UTC)	:	‎2025‎-‎06‎-‎02T05:13:15.859805800Z"
"30.05.2025 14:22:27","108","Предупреждение","Microsoft-Windows-Diagnostics-Performance","Применение политики пользователя вызвало замедление процесса запуска системы: 
    Имя		:	PreShellInit
    Общее время		:	7685мс
    Время замедления	:	3179мс
    Время события (UTC)	:	‎2025‎-‎05‎-‎30T09:20:14.875638600Z"
"30.05.2025 14:22:27","101","Предупреждение","Microsoft-Windows-Diagnostics-Performance","Это приложение загружалось дольше обычного, что привело к замедлению процесса запуска системы: 
    Имя файла		:	LogonUI.exe
    Понятное имя		:	Windows Logon User Interface Host
    Версия		:	10.0.19041.1 (WinBuild.160101.0800)
    Общее время		:	975мс
    Время замедления	:	232мс
    Время события (UTC)	:	‎2025‎-‎05‎-‎30T09:20:14.875638600Z"
"30.05.2025 14:22:27","101","Предупреждение","Microsoft-Windows-Diagnostics-Performance","Это приложение загружалось дольше обычного, что привело к замедлению процесса запуска системы: 
    Имя файла		:	svchost.exe
    Понятное имя		:	Хост-процесс для служб Windows
    Версия		:	10.0.19041.4522 (WinBuild.160101.0800)
    Общее время		:	6870мс
    Время замедления	:	3084мс
    Время события (UTC)	:	‎2025‎-‎05‎-‎30T09:20:14.875638600Z"
"30.05.2025 14:22:27","101","Предупреждение","Microsoft-Windows-Diagnostics-Performance","Это приложение загружалось дольше обычного, что привело к замедлению процесса запуска системы: 
    Имя файла		:	python.exe
    Понятное имя		:	Python
    Версия		:	3.12.8
    Общее время		:	12316мс
    Время замедления	:	7316мс
    Время события (UTC)	:	‎2025‎-‎05‎-‎30T09:20:14.875638600Z"
"30.05.2025 14:22:27","100","Критический","Microsoft-Windows-Diagnostics-Performance","Windows запущена: 
     Длительность загрузки		:	107343ms
     IsDegradation		:	false
     Время события (UTC)	:	‎2025‎-‎05‎-‎30T09:20:14.875638600Z"
"30.05.2025 14:22:24","200","Предупреждение","Microsoft-Windows-Diagnostics-Performance","Завершение работы Windows 
    Продолжительность завершения работы	:	13091мс
    IsDegradation		:	false
    Время события (UTC)	:	‎2025‎-‎05‎-‎30T09:19:41.660111900Z"
"29.05.2025 11:40:22","100","Предупреждение","Microsoft-Windows-Diagnostics-Performance","Windows запущена: 
     Длительность загрузки		:	79845ms
     IsDegradation		:	false
     Время события (UTC)	:	‎2025‎-‎05‎-‎29T06:37:47.859904300Z"
"28.05.2025 17:19:25","101","Предупреждение","Microsoft-Windows-Diagnostics-Performance","Это приложение загружалось дольше обычного, что привело к замедлению процесса запуска системы: 
    Имя файла		:	browser.exe
    Понятное имя		:	Yandex with voice assistant Alice
    Версия		:	25.4.1.1055
    Общее время		:	16220мс
    Время замедления	:	11220мс
    Время события (UTC)	:	‎2025‎-‎05‎-‎28T12:17:10.859838900Z"
"28.05.2025 17:19:25","100","Ошибка","Microsoft-Windows-Diagnostics-Performance","Windows запущена: 
     Длительность загрузки		:	75131ms
     IsDegradation		:	false
     Время события (UTC)	:	‎2025‎-‎05‎-‎28T12:17:10.859838900Z"
"28.05.2025 8:52:03","101","Предупреждение","Microsoft-Windows-Diagnostics-Performance","Это приложение загружалось дольше обычного, что привело к замедлению процесса запуска системы: 
    Имя файла		:	DeepL.exe
    Понятное имя		:	
    Версия		:	
    Общее время		:	12397мс
    Время замедления	:	7397мс
    Время события (UTC)	:	‎2025‎-‎05‎-‎28T03:47:39.859824900Z"
"28.05.2025 8:52:03","100","Предупреждение","Microsoft-Windows-Diagnostics-Performance","Windows запущена: 
     Длительность загрузки		:	85826ms
     IsDegradation		:	false
     Время события (UTC)	:	‎2025‎-‎05‎-‎28T03:47:39.859824900Z"
"27.05.2025 17:50:03","101","Предупреждение","Microsoft-Windows-Diagnostics-Performance","Это приложение загружалось дольше обычного, что привело к замедлению процесса запуска системы: 
    Имя файла		:	DeepL.exe
    Понятное имя		:	
    Версия		:	
    Общее время		:	13403мс
    Время замедления	:	8403мс
    Время события (UTC)	:	‎2025‎-‎05‎-‎27T12:44:14.859885600Z"
"27.05.2025 17:50:03","100","Ошибка","Microsoft-Windows-Diagnostics-Performance","Windows запущена: 
     Длительность загрузки		:	86710ms
     IsDegradation		:	false
     Время события (UTC)	:	‎2025‎-‎05‎-‎27T12:44:14.859885600Z"
"27.05.2025 11:58:18","101","Предупреждение","Microsoft-Windows-Diagnostics-Performance","Это приложение загружалось дольше обычного, что привело к замедлению процесса запуска системы: 
    Имя файла		:	Telegram.exe
    Понятное имя		:	
    Версия		:	
    Общее время		:	5072мс
    Время замедления	:	72мс
    Время события (UTC)	:	‎2025‎-‎05‎-‎27T06:49:16.063213300Z"
"27.05.2025 11:58:18","101","Предупреждение","Microsoft-Windows-Diagnostics-Performance","Это приложение загружалось дольше обычного, что привело к замедлению процесса запуска системы: 
    Имя файла		:	0install-win.exe
    Понятное имя		:	
    Версия		:	
    Общее время		:	7263мс
    Время замедления	:	2263мс
    Время события (UTC)	:	‎2025‎-‎05‎-‎27T06:49:16.063213300Z"
"27.05.2025 11:58:18","101","Предупреждение","Microsoft-Windows-Diagnostics-Performance","Это приложение загружалось дольше обычного, что привело к замедлению процесса запуска системы: 
    Имя файла		:	DeepL.exe
    Понятное имя		:	
    Версия		:	
    Общее время		:	12823мс
    Время замедления	:	7823мс
    Время события (UTC)	:	‎2025‎-‎05‎-‎27T06:49:16.063213300Z"
"27.05.2025 11:58:18","100","Ошибка","Microsoft-Windows-Diagnostics-Performance","Windows запущена: 
     Длительность загрузки		:	86892ms
     IsDegradation		:	false
     Время события (UTC)	:	‎2025‎-‎05‎-‎27T06:49:16.063213300Z"
"26.05.2025 9:33:27","100","Ошибка","Microsoft-Windows-Diagnostics-Performance","Windows запущена: 
     Длительность загрузки		:	87628ms
     IsDegradation		:	false
     Время события (UTC)	:	‎2025‎-‎05‎-‎26T04:30:28.859802200Z"
"25.05.2025 10:09:50","100","Ошибка","Microsoft-Windows-Diagnostics-Performance","Windows запущена: 
     Длительность загрузки		:	81246ms
     IsDegradation		:	false
     Время события (UTC)	:	‎2025‎-‎05‎-‎25T05:04:33.875561000Z"
"24.05.2025 7:28:26","100","Ошибка","Microsoft-Windows-Diagnostics-Performance","Windows запущена: 
     Длительность загрузки		:	64824ms
     IsDegradation		:	false
     Время события (UTC)	:	‎2025‎-‎05‎-‎24T02:26:14.860258500Z"
"24.05.2025 7:28:25","200","Предупреждение","Microsoft-Windows-Diagnostics-Performance","Завершение работы Windows 
    Продолжительность завершения работы	:	13170мс
    IsDegradation		:	true
    Время события (UTC)	:	‎2025‎-‎05‎-‎23T21:06:49.258752500Z"
"22.05.2025 19:46:12","101","Предупреждение","Microsoft-Windows-Diagnostics-Performance","Это приложение загружалось дольше обычного, что привело к замедлению процесса запуска системы: 
    Имя файла		:	AdGuardVpnSvc.exe
    Понятное имя		:	AdGuard VPN for Windows
    Версия		:	2.5.1700.0
    Общее время		:	3356мс
    Время замедления	:	959мс
    Время события (UTC)	:	‎2025‎-‎05‎-‎22T14:43:45.875424700Z"
"22.05.2025 19:46:12","100","Предупреждение","Microsoft-Windows-Diagnostics-Performance","Windows запущена: 
     Длительность загрузки		:	76249ms
     IsDegradation		:	false
     Время события (UTC)	:	‎2025‎-‎05‎-‎22T14:43:45.875424700Z"
"22.05.2025 8:42:39","100","Предупреждение","Microsoft-Windows-Diagnostics-Performance","Windows запущена: 
     Длительность загрузки		:	83361ms
     IsDegradation		:	true
     Время события (UTC)	:	‎2025‎-‎05‎-‎22T03:32:03.859964500Z"
"20.05.2025 16:20:24","108","Предупреждение","Microsoft-Windows-Diagnostics-Performance","Применение политики пользователя вызвало замедление процесса запуска системы: 
    Имя		:	PreShellInit
    Общее время		:	4483мс
    Время замедления	:	2033мс
    Время события (UTC)	:	‎2025‎-‎05‎-‎20T11:17:34.859826500Z"
"20.05.2025 16:20:24","101","Предупреждение","Microsoft-Windows-Diagnostics-Performance","Это приложение загружалось дольше обычного, что привело к замедлению процесса запуска системы: 
    Имя файла		:	svchost.exe
    Понятное имя		:	Хост-процесс для служб Windows
    Версия		:	10.0.19041.4522 (WinBuild.160101.0800)
    Общее время		:	4221мс
    Время замедления	:	1764мс
    Время события (UTC)	:	‎2025‎-‎05‎-‎20T11:17:34.859826500Z"
"20.05.2025 16:20:24","100","Ошибка","Microsoft-Windows-Diagnostics-Performance","Windows запущена: 
     Длительность загрузки		:	86113ms
     IsDegradation		:	false
     Время события (UTC)	:	‎2025‎-‎05‎-‎20T11:17:34.859826500Z"
"20.05.2025 16:20:23","200","Предупреждение","Microsoft-Windows-Diagnostics-Performance","Завершение работы Windows 
    Продолжительность завершения работы	:	7439мс
    IsDegradation		:	false
    Время события (UTC)	:	‎2025‎-‎05‎-‎20T11:09:43.843513600Z"
"20.05.2025 8:21:52","101","Предупреждение","Microsoft-Windows-Diagnostics-Performance","Это приложение загружалось дольше обычного, что привело к замедлению процесса запуска системы: 
    Имя файла		:	AdGuardVpnSvc.exe
    Понятное имя		:	AdGuard VPN for Windows
    Версия		:	2.5.1700.0
    Общее время		:	4500мс
    Время замедления	:	1782мс
    Время события (UTC)	:	‎2025‎-‎05‎-‎20T03:19:40.094304300Z"
"20.05.2025 8:21:52","100","Ошибка","Microsoft-Windows-Diagnostics-Performance","Windows запущена: 
     Длительность загрузки		:	62940ms
     IsDegradation		:	false
     Время события (UTC)	:	‎2025‎-‎05‎-‎20T03:19:40.094304300Z"
"19.05.2025 20:00:09","500","Предупреждение","Microsoft-Windows-Diagnostics-Performance","Диспетчер окон рабочего стола испытывает недостаток ресурсов. 
    Сценарий	:	Не хватает ресурсов видеопамяти, что приводит к пробуксовке. Уменьшение количества запущенных программ и открытых окон может исправить эту ситуацию."
"19.05.2025 18:21:01","108","Предупреждение","Microsoft-Windows-Diagnostics-Performance","Применение политики пользователя вызвало замедление процесса запуска системы: 
    Имя		:	PreShellInit
    Общее время		:	4981мс
    Время замедления	:	1651мс
    Время события (UTC)	:	‎2025‎-‎05‎-‎19T13:18:37.859835900Z"
"19.05.2025 18:21:01","101","Предупреждение","Microsoft-Windows-Diagnostics-Performance","Это приложение загружалось дольше обычного, что привело к замедлению процесса запуска системы: 
    Имя файла		:	OfficeClickToRun.exe
    Понятное имя		:	Microsoft Office Click-to-Run (SxS)
    Версия		:	16.0.18730.20142
    Общее время		:	1167мс
    Время замедления	:	603мс
    Время события (UTC)	:	‎2025‎-‎05‎-‎19T13:18:37.859835900Z"
"19.05.2025 18:21:01","101","Предупреждение","Microsoft-Windows-Diagnostics-Performance","Это приложение загружалось дольше обычного, что привело к замедлению процесса запуска системы: 
    Имя файла		:	nvcontainer.exe
    Понятное имя		:	NVIDIA Container
    Версия		:	gcomp_rel 34853667
    Общее время		:	1776мс
    Время замедления	:	798мс
    Время события (UTC)	:	‎2025‎-‎05‎-‎19T13:18:37.859835900Z"
"19.05.2025 18:21:01","100","Ошибка","Microsoft-Windows-Diagnostics-Performance","Windows запущена: 
     Длительность загрузки		:	110077ms
     IsDegradation		:	false
     Время события (UTC)	:	‎2025‎-‎05‎-‎19T13:18:37.859835900Z"
"19.05.2025 18:21:00","200","Предупреждение","Microsoft-Windows-Diagnostics-Performance","Завершение работы Windows 
    Продолжительность завершения работы	:	12358мс
    IsDegradation		:	false
    Время события (UTC)	:	‎2025‎-‎05‎-‎19T13:18:06.381736000Z"
"19.05.2025 10:10:09","100","Ошибка","Microsoft-Windows-Diagnostics-Performance","Windows запущена: 
     Длительность загрузки		:	115393ms
     IsDegradation		:	false
     Время события (UTC)	:	‎2025‎-‎05‎-‎19T05:07:03.938039700Z"
"19.05.2025 10:10:08","200","Предупреждение","Microsoft-Windows-Diagnostics-Performance","Завершение работы Windows 
    Продолжительность завершения работы	:	21855мс
    IsDegradation		:	false
    Время события (UTC)	:	‎2025‎-‎05‎-‎18T19:16:15.584170700Z"
"17.05.2025 19:57:05","500","Предупреждение","Microsoft-Windows-Diagnostics-Performance","Диспетчер окон рабочего стола испытывает недостаток ресурсов. 
    Сценарий	:	Не хватает ресурсов видеопамяти, что приводит к пробуксовке. Уменьшение количества запущенных программ и открытых окон может исправить эту ситуацию."
"16.05.2025 7:38:26","100","Ошибка","Microsoft-Windows-Diagnostics-Performance","Windows запущена: 
     Длительность загрузки		:	63932ms
     IsDegradation		:	false
     Время события (UTC)	:	‎2025‎-‎05‎-‎16T02:36:17.859806700Z"
"14.05.2025 16:43:46","101","Предупреждение","Microsoft-Windows-Diagnostics-Performance","Это приложение загружалось дольше обычного, что привело к замедлению процесса запуска системы: 
    Имя файла		:	DeepL.exe
    Понятное имя		:	
    Версия		:	
    Общее время		:	12028мс
    Время замедления	:	7028мс
    Время события (UTC)	:	‎2025‎-‎05‎-‎14T11:41:30.875543200Z"
"14.05.2025 16:43:46","100","Предупреждение","Microsoft-Windows-Diagnostics-Performance","Windows запущена: 
     Длительность загрузки		:	65399ms
     IsDegradation		:	false
     Время события (UTC)	:	‎2025‎-‎05‎-‎14T11:41:30.875543200Z"
"14.05.2025 10:22:26","101","Предупреждение","Microsoft-Windows-Diagnostics-Performance","Это приложение загружалось дольше обычного, что привело к замедлению процесса запуска системы: 
    Имя файла		:	Telegram.exe
    Понятное имя		:	
    Версия		:	
    Общее время		:	10069мс
    Время замедления	:	5069мс
    Время события (UTC)	:	‎2025‎-‎05‎-‎14T05:20:04.860344700Z"
"14.05.2025 10:22:26","101","Предупреждение","Microsoft-Windows-Diagnostics-Performance","Это приложение загружалось дольше обычного, что привело к замедлению процесса запуска системы: 
    Имя файла		:	DeepL.exe
    Понятное имя		:	
    Версия		:	
    Общее время		:	14446мс
    Время замедления	:	9446мс
    Время события (UTC)	:	‎2025‎-‎05‎-‎14T05:20:04.860344700Z"
"14.05.2025 10:22:26","100","Ошибка","Microsoft-Windows-Diagnostics-Performance","Windows запущена: 
     Длительность загрузки		:	73456ms
     IsDegradation		:	false
     Время события (UTC)	:	‎2025‎-‎05‎-‎14T05:20:04.860344700Z"
"13.05.2025 13:38:30","101","Предупреждение","Microsoft-Windows-Diagnostics-Performance","Это приложение загружалось дольше обычного, что привело к замедлению процесса запуска системы: 
    Имя файла		:	DeepL.exe
    Понятное имя		:	
    Версия		:	
    Общее время		:	13825мс
    Время замедления	:	8825мс
    Время события (UTC)	:	‎2025‎-‎05‎-‎13T08:36:23.891112400Z"
"13.05.2025 13:38:30","100","Ошибка","Microsoft-Windows-Diagnostics-Performance","Windows запущена: 
     Длительность загрузки		:	62923ms
     IsDegradation		:	false
     Время события (UTC)	:	‎2025‎-‎05‎-‎13T08:36:23.891112400Z"
"12.05.2025 21:45:06","100","Критический","Microsoft-Windows-Diagnostics-Performance","Windows запущена: 
     Длительность загрузки		:	120303ms
     IsDegradation		:	false
     Время события (UTC)	:	‎2025‎-‎05‎-‎12T16:43:02.859779100Z"
"12.05.2025 21:45:04","200","Предупреждение","Microsoft-Windows-Diagnostics-Performance","Завершение работы Windows 
    Продолжительность завершения работы	:	9790мс
    IsDegradation		:	true
    Время события (UTC)	:	‎2025‎-‎05‎-‎12T16:42:34.982154900Z"
"12.05.2025 19:30:21","101","Предупреждение","Microsoft-Windows-Diagnostics-Performance","Это приложение загружалось дольше обычного, что привело к замедлению процесса запуска системы: 
    Имя файла		:	svchost.exe
    Понятное имя		:	Хост-процесс для служб Windows
    Версия		:	10.0.19041.4522 (WinBuild.160101.0800)
    Общее время		:	3886мс
    Время замедления	:	946мс
    Время события (UTC)	:	‎2025‎-‎05‎-‎12T14:28:14.063300000Z"
"12.05.2025 19:30:21","100","Предупреждение","Microsoft-Windows-Diagnostics-Performance","Windows запущена: 
     Длительность загрузки		:	57349ms
     IsDegradation		:	false
     Время события (UTC)	:	‎2025‎-‎05‎-‎12T14:28:14.063300000Z"
"12.05.2025 9:58:29","100","Ошибка","Microsoft-Windows-Diagnostics-Performance","Windows запущена: 
     Длительность загрузки		:	84114ms
     IsDegradation		:	false
     Время события (UTC)	:	‎2025‎-‎05‎-‎12T04:55:50.860069600Z"
"11.05.2025 10:55:02","101","Предупреждение","Microsoft-Windows-Diagnostics-Performance","Это приложение загружалось дольше обычного, что привело к замедлению процесса запуска системы: 
    Имя файла		:	AdGuardVpnSvc.exe
    Понятное имя		:	AdGuard VPN for Windows
    Версия		:	2.5.1700.0
    Общее время		:	2099мс
    Время замедления	:	509мс
    Время события (UTC)	:	‎2025‎-‎05‎-‎11T05:52:52.875731800Z"
"11.05.2025 10:55:02","100","Предупреждение","Microsoft-Windows-Diagnostics-Performance","Windows запущена: 
     Длительность загрузки		:	58306ms
     IsDegradation		:	false
     Время события (UTC)	:	‎2025‎-‎05‎-‎11T05:52:52.875731800Z"
"08.05.2025 17:34:04","500","Предупреждение","Microsoft-Windows-Diagnostics-Performance","Диспетчер окон рабочего стола испытывает недостаток ресурсов. 
    Сценарий	:	Не хватает ресурсов видеопамяти, что приводит к пробуксовке. Уменьшение количества запущенных программ и открытых окон может исправить эту ситуацию."
"08.05.2025 16:26:33","101","Предупреждение","Microsoft-Windows-Diagnostics-Performance","Это приложение загружалось дольше обычного, что привело к замедлению процесса запуска системы: 
    Имя файла		:	dwm.exe
    Понятное имя		:	Диспетчер окон рабочего стола
    Версия		:	10.0.19041.4522 (WinBuild.160101.0800)
    Общее время		:	1029мс
    Время замедления	:	29мс
    Время события (UTC)	:	‎2025‎-‎05‎-‎08T11:24:30.859830300Z"
"08.05.2025 16:26:33","100","Ошибка","Microsoft-Windows-Diagnostics-Performance","Windows запущена: 
     Длительность загрузки		:	86831ms
     IsDegradation		:	false
     Время события (UTC)	:	‎2025‎-‎05‎-‎08T11:24:30.859830300Z"
"08.05.2025 16:26:32","200","Предупреждение","Microsoft-Windows-Diagnostics-Performance","Завершение работы Windows 
    Продолжительность завершения работы	:	17212мс
    IsDegradation		:	false
    Время события (UTC)	:	‎2025‎-‎05‎-‎08T11:23:53.345803700Z"
"08.05.2025 14:22:27","101","Предупреждение","Microsoft-Windows-Diagnostics-Performance","Это приложение загружалось дольше обычного, что привело к замедлению процесса запуска системы: 
    Имя файла		:	OfficeClickToRun.exe
    Понятное имя		:	Microsoft Office Click-to-Run (SxS)
    Версия		:	16.0.18730.20122
    Общее время		:	1006мс
    Время замедления	:	6мс
    Время события (UTC)	:	‎2025‎-‎05‎-‎08T09:20:05.860188000Z"
"08.05.2025 14:22:27","101","Предупреждение","Microsoft-Windows-Diagnostics-Performance","Это приложение загружалось дольше обычного, что привело к замедлению процесса запуска системы: 
    Имя файла		:	nvcontainer.exe
    Понятное имя		:	NVIDIA Container
    Версия		:	gcomp_rel 34853667
    Общее время		:	1213мс
    Время замедления	:	213мс
    Время события (UTC)	:	‎2025‎-‎05‎-‎08T09:20:05.860188000Z"
"08.05.2025 14:22:27","100","Ошибка","Microsoft-Windows-Diagnostics-Performance","Windows запущена: 
     Длительность загрузки		:	103779ms
     IsDegradation		:	false
     Время события (UTC)	:	‎2025‎-‎05‎-‎08T09:20:05.860188000Z"
"08.05.2025 14:22:26","200","Предупреждение","Microsoft-Windows-Diagnostics-Performance","Завершение работы Windows 
    Продолжительность завершения работы	:	7328мс
    IsDegradation		:	false
    Время события (UTC)	:	‎2025‎-‎05‎-‎08T09:19:41.149923300Z"
"08.05.2025 8:21:32","100","Ошибка","Microsoft-Windows-Diagnostics-Performance","Windows запущена: 
     Длительность загрузки		:	63093ms
     IsDegradation		:	false
     Время события (UTC)	:	‎2025‎-‎05‎-‎08T03:19:25.859875200Z"
"07.05.2025 9:05:07","100","Предупреждение","Microsoft-Windows-Diagnostics-Performance","Windows запущена: 
     Длительность загрузки		:	62253ms
     IsDegradation		:	false
     Время события (UTC)	:	‎2025‎-‎05‎-‎07T04:02:53.860129500Z"
"06.05.2025 19:37:06","100","Ошибка","Microsoft-Windows-Diagnostics-Performance","Windows запущена: 
     Длительность загрузки		:	85332ms
     IsDegradation		:	false
     Время события (UTC)	:	‎2025‎-‎05‎-‎06T14:34:08.875485200Z"
"06.05.2025 9:37:54","100","Предупреждение","Microsoft-Windows-Diagnostics-Performance","Windows запущена: 
     Длительность загрузки		:	81057ms
     IsDegradation		:	false
     Время события (UTC)	:	‎2025‎-‎05‎-‎06T04:33:18.859879400Z"
"05.05.2025 17:27:16","100","Предупреждение","Microsoft-Windows-Diagnostics-Performance","Windows запущена: 
     Длительность загрузки		:	78256ms
     IsDegradation		:	false
     Время события (UTC)	:	‎2025‎-‎05‎-‎05T11:56:53.078633200Z"
"05.05.2025 15:44:47","500","Предупреждение","Microsoft-Windows-Diagnostics-Performance","Диспетчер окон рабочего стола испытывает недостаток ресурсов. 
    Сценарий	:	Не хватает ресурсов видеопамяти, что приводит к пробуксовке. Уменьшение количества запущенных программ и открытых окон может исправить эту ситуацию."
"05.05.2025 14:31:14","500","Предупреждение","Microsoft-Windows-Diagnostics-Performance","Диспетчер окон рабочего стола испытывает недостаток ресурсов. 
    Сценарий	:	Не хватает ресурсов видеопамяти, что приводит к пробуксовке. Уменьшение количества запущенных программ и открытых окон может исправить эту ситуацию."
"05.05.2025 13:53:08","500","Предупреждение","Microsoft-Windows-Diagnostics-Performance","Диспетчер окон рабочего стола испытывает недостаток ресурсов. 
    Сценарий	:	Не хватает ресурсов видеопамяти, что приводит к пробуксовке. Уменьшение количества запущенных программ и открытых окон может исправить эту ситуацию."
"05.05.2025 8:55:02","100","Предупреждение","Microsoft-Windows-Diagnostics-Performance","Windows запущена: 
     Длительность загрузки		:	80785ms
     IsDegradation		:	false
     Время события (UTC)	:	‎2025‎-‎05‎-‎05T03:45:25.859857800Z"
"04.05.2025 19:56:44","100","Ошибка","Microsoft-Windows-Diagnostics-Performance","Windows запущена: 
     Длительность загрузки		:	56877ms
     IsDegradation		:	false
     Время события (UTC)	:	‎2025‎-‎05‎-‎04T14:54:40.906687300Z"
"04.05.2025 14:11:34","101","Предупреждение","Microsoft-Windows-Diagnostics-Performance","Это приложение загружалось дольше обычного, что привело к замедлению процесса запуска системы: 
    Имя файла		:	sppsvc.exe
    Понятное имя		:	Служба платформы защиты программного обеспечения Майкрософт
    Версия		:	10.0.19041.4522 (WinBuild.160101.0800)
    Общее время		:	691мс
    Время замедления	:	170мс
    Время события (UTC)	:	‎2025‎-‎05‎-‎04T09:09:22.860061300Z"
"04.05.2025 14:11:34","100","Предупреждение","Microsoft-Windows-Diagnostics-Performance","Windows запущена: 
     Длительность загрузки		:	63614ms
     IsDegradation		:	false
     Время события (UTC)	:	‎2025‎-‎05‎-‎04T09:09:22.860061300Z"
"03.05.2025 9:33:12","101","Предупреждение","Microsoft-Windows-Diagnostics-Performance","Это приложение загружалось дольше обычного, что привело к замедлению процесса запуска системы: 
    Имя файла		:	csrss.exe
    Понятное имя		:	Процесс исполнения клиент-сервер
    Версия		:	10.0.19041.4522 (WinBuild.160101.0800)
    Общее время		:	1540мс
    Время замедления	:	540мс
    Время события (UTC)	:	‎2025‎-‎05‎-‎03T04:15:03.859844600Z"
"03.05.2025 9:33:12","100","Предупреждение","Microsoft-Windows-Diagnostics-Performance","Windows запущена: 
     Длительность загрузки		:	79905ms
     IsDegradation		:	false
     Время события (UTC)	:	‎2025‎-‎05‎-‎03T04:15:03.859844600Z"
"01.05.2025 9:30:56","100","Предупреждение","Microsoft-Windows-Diagnostics-Performance","Windows запущена: 
     Длительность загрузки		:	80120ms
     IsDegradation		:	false
     Время события (UTC)	:	‎2025‎-‎05‎-‎01T03:50:59.875418900Z"
"30.04.2025 16:24:24","100","Ошибка","Microsoft-Windows-Diagnostics-Performance","Windows запущена: 
     Длительность загрузки		:	72125ms
     IsDegradation		:	false
     Время события (UTC)	:	‎2025‎-‎04‎-‎30T11:22:05.859889900Z"
"30.04.2025 11:31:12","100","Ошибка","Microsoft-Windows-Diagnostics-Performance","Windows запущена: 
     Длительность загрузки		:	66319ms
     IsDegradation		:	false
     Время события (UTC)	:	‎2025‎-‎04‎-‎30T06:29:02.859814100Z"
"30.04.2025 10:59:49","100","Ошибка","Microsoft-Windows-Diagnostics-Performance","Windows запущена: 
     Длительность загрузки		:	82811ms
     IsDegradation		:	false
     Время события (UTC)	:	‎2025‎-‎04‎-‎30T05:55:11.859896900Z"
"29.04.2025 20:21:20","100","Предупреждение","Microsoft-Windows-Diagnostics-Performance","Windows запущена: 
     Длительность загрузки		:	80289ms
     IsDegradation		:	false
     Время события (UTC)	:	‎2025‎-‎04‎-‎29T15:18:09.875455500Z"
"29.04.2025 17:25:59","100","Предупреждение","Microsoft-Windows-Diagnostics-Performance","Windows запущена: 
     Длительность загрузки		:	65608ms
     IsDegradation		:	false
     Время события (UTC)	:	‎2025‎-‎04‎-‎29T12:21:51.875499300Z"
"28.04.2025 9:37:22","100","Предупреждение","Microsoft-Windows-Diagnostics-Performance","Windows запущена: 
     Длительность загрузки		:	58478ms
     IsDegradation		:	false
     Время события (UTC)	:	‎2025‎-‎04‎-‎28T04:29:06.062928000Z"
"27.04.2025 9:26:49","101","Предупреждение","Microsoft-Windows-Diagnostics-Performance","Это приложение загружалось дольше обычного, что привело к замедлению процесса запуска системы: 
    Имя файла		:	svchost.exe
    Понятное имя		:	Хост-процесс для служб Windows
    Версия		:	10.0.19041.4522 (WinBuild.160101.0800)
    Общее время		:	1742мс
    Время замедления	:	537мс
    Время события (UTC)	:	‎2025‎-‎04‎-‎27T03:55:22.875454700Z"
"27.04.2025 9:26:49","100","Ошибка","Microsoft-Windows-Diagnostics-Performance","Windows запущена: 
     Длительность загрузки		:	82011ms
     IsDegradation		:	false
     Время события (UTC)	:	‎2025‎-‎04‎-‎27T03:55:22.875454700Z"
"25.04.2025 10:21:55","100","Ошибка","Microsoft-Windows-Diagnostics-Performance","Windows запущена: 
     Длительность загрузки		:	67990ms
     IsDegradation		:	false
     Время события (UTC)	:	‎2025‎-‎04‎-‎25T05:19:04.859802800Z"
"24.04.2025 20:51:19","100","Ошибка","Microsoft-Windows-Diagnostics-Performance","Windows запущена: 
     Длительность загрузки		:	91667ms
     IsDegradation		:	false
     Время события (UTC)	:	‎2025‎-‎04‎-‎24T15:36:06.859860400Z"
"24.04.2025 6:02:19","101","Предупреждение","Microsoft-Windows-Diagnostics-Performance","Это приложение загружалось дольше обычного, что привело к замедлению процесса запуска системы: 
    Имя файла		:	AdGuardVpnSvc.exe
    Понятное имя		:	AdGuard VPN for Windows
    Версия		:	2.5.1700.0
    Общее время		:	1991мс
    Время замедления	:	1129мс
    Время события (UTC)	:	‎2025‎-‎04‎-‎24T01:00:03.859833500Z"
"24.04.2025 6:02:19","100","Ошибка","Microsoft-Windows-Diagnostics-Performance","Windows запущена: 
     Длительность загрузки		:	76225ms
     IsDegradation		:	false
     Время события (UTC)	:	‎2025‎-‎04‎-‎24T01:00:03.859833500Z"
"23.04.2025 9:51:36","100","Ошибка","Microsoft-Windows-Diagnostics-Performance","Windows запущена: 
     Длительность загрузки		:	74177ms
     IsDegradation		:	true
     Время события (UTC)	:	‎2025‎-‎04‎-‎23T04:49:14.859810000Z"
"22.04.2025 8:12:19","100","Ошибка","Microsoft-Windows-Diagnostics-Performance","Windows запущена: 
     Длительность загрузки		:	83642ms
     IsDegradation		:	false
     Время события (UTC)	:	‎2025‎-‎04‎-‎22T03:09:11.875474300Z"
"20.04.2025 17:42:35","100","Ошибка","Microsoft-Windows-Diagnostics-Performance","Windows запущена: 
     Длительность загрузки		:	74089ms
     IsDegradation		:	false
     Время события (UTC)	:	‎2025‎-‎04‎-‎20T12:39:37.875484800Z"
"19.04.2025 9:44:02","100","Ошибка","Microsoft-Windows-Diagnostics-Performance","Windows запущена: 
     Длительность загрузки		:	82931ms
     IsDegradation		:	false
     Время события (UTC)	:	‎2025‎-‎04‎-‎19T04:37:06.859956700Z"
"18.04.2025 10:21:57","101","Предупреждение","Microsoft-Windows-Diagnostics-Performance","Это приложение загружалось дольше обычного, что привело к замедлению процесса запуска системы: 
    Имя файла		:	DeepL.exe
    Понятное имя		:	
    Версия		:	
    Общее время		:	11825мс
    Время замедления	:	6825мс
    Время события (UTC)	:	‎2025‎-‎04‎-‎18T05:15:34.859838600Z"
"18.04.2025 10:21:57","100","Ошибка","Microsoft-Windows-Diagnostics-Performance","Windows запущена: 
     Длительность загрузки		:	85821ms
     IsDegradation		:	false
     Время события (UTC)	:	‎2025‎-‎04‎-‎18T05:15:34.859838600Z"
"17.04.2025 11:57:26","101","Предупреждение","Microsoft-Windows-Diagnostics-Performance","Это приложение загружалось дольше обычного, что привело к замедлению процесса запуска системы: 
    Имя файла		:	DeepL.exe
    Понятное имя		:	
    Версия		:	
    Общее время		:	12022мс
    Время замедления	:	7022мс
    Время события (UTC)	:	‎2025‎-‎04‎-‎17T06:55:12.859805300Z"
"17.04.2025 11:57:26","100","Ошибка","Microsoft-Windows-Diagnostics-Performance","Windows запущена: 
     Длительность загрузки		:	57738ms
     IsDegradation		:	false
     Время события (UTC)	:	‎2025‎-‎04‎-‎17T06:55:12.859805300Z"
"16.04.2025 10:13:15","500","Предупреждение","Microsoft-Windows-Diagnostics-Performance","Диспетчер окон рабочего стола испытывает недостаток ресурсов. 
    Сценарий	:	Не хватает ресурсов видеопамяти, что приводит к пробуксовке. Уменьшение количества запущенных программ и открытых окон может исправить эту ситуацию."
"16.04.2025 9:40:14","101","Предупреждение","Microsoft-Windows-Diagnostics-Performance","Это приложение загружалось дольше обычного, что привело к замедлению процесса запуска системы: 
    Имя файла		:	NVIDIA Overlay.exe
    Понятное имя		:	NVIDIA app
    Версия		:	103.0.12.8
    Общее время		:	5006мс
    Время замедления	:	6мс
    Время события (UTC)	:	‎2025‎-‎04‎-‎16T04:38:07.875465500Z"
"16.04.2025 9:40:14","101","Предупреждение","Microsoft-Windows-Diagnostics-Performance","Это приложение загружалось дольше обычного, что привело к замедлению процесса запуска системы: 
    Имя файла		:	spoolsv.exe
    Понятное имя		:	Диспетчер очереди печати
    Версия		:	10.0.19041.4522 (WinBuild.160101.0800)
    Общее время		:	6691мс
    Время замедления	:	1691мс
    Время события (UTC)	:	‎2025‎-‎04‎-‎16T04:38:07.875465500Z"
"16.04.2025 9:40:14","101","Предупреждение","Microsoft-Windows-Diagnostics-Performance","Это приложение загружалось дольше обычного, что привело к замедлению процесса запуска системы: 
    Имя файла		:	setup.exe
    Понятное имя		:	
    Версия		:	
    Общее время		:	9415мс
    Время замедления	:	4415мс
    Время события (UTC)	:	‎2025‎-‎04‎-‎16T04:38:07.875465500Z"
"16.04.2025 9:40:14","101","Предупреждение","Microsoft-Windows-Diagnostics-Performance","Это приложение загружалось дольше обычного, что привело к замедлению процесса запуска системы: 
    Имя файла		:	DeepL.exe
    Понятное имя		:	
    Версия		:	
    Общее время		:	15242мс
    Время замедления	:	10242мс
    Время события (UTC)	:	‎2025‎-‎04‎-‎16T04:38:07.875465500Z"
"16.04.2025 9:40:14","101","Ошибка","Microsoft-Windows-Diagnostics-Performance","Это приложение загружалось дольше обычного, что привело к замедлению процесса запуска системы: 
    Имя файла		:	Photoshop.exe
    Понятное имя		:	Adobe Photoshop 2025
    Версия		:	26.4 (20250225.r.194 4c5f14b)
    Общее время		:	28393мс
    Время замедления	:	23393мс
    Время события (UTC)	:	‎2025‎-‎04‎-‎16T04:38:07.875465500Z"
"16.04.2025 9:40:14","100","Ошибка","Microsoft-Windows-Diagnostics-Performance","Windows запущена: 
     Длительность загрузки		:	72585ms
     IsDegradation		:	false
     Время события (UTC)	:	‎2025‎-‎04‎-‎16T04:38:07.875465500Z"
"15.04.2025 15:28:34","500","Предупреждение","Microsoft-Windows-Diagnostics-Performance","Диспетчер окон рабочего стола испытывает недостаток ресурсов. 
    Сценарий	:	Не хватает ресурсов видеопамяти, что приводит к пробуксовке. Уменьшение количества запущенных программ и открытых окон может исправить эту ситуацию."
"15.04.2025 15:06:05","500","Предупреждение","Microsoft-Windows-Diagnostics-Performance","Диспетчер окон рабочего стола испытывает недостаток ресурсов. 
    Сценарий	:	Не хватает ресурсов видеопамяти, что приводит к пробуксовке. Уменьшение количества запущенных программ и открытых окон может исправить эту ситуацию."
"15.04.2025 8:35:38","101","Предупреждение","Microsoft-Windows-Diagnostics-Performance","Это приложение загружалось дольше обычного, что привело к замедлению процесса запуска системы: 
    Имя файла		:	DeepL.exe
    Понятное имя		:	
    Версия		:	
    Общее время		:	11789мс
    Время замедления	:	6789мс
    Время события (UTC)	:	‎2025‎-‎04‎-‎15T03:31:07.859857800Z"
"15.04.2025 8:35:38","100","Ошибка","Microsoft-Windows-Diagnostics-Performance","Windows запущена: 
     Длительность загрузки		:	82452ms
     IsDegradation		:	false
     Время события (UTC)	:	‎2025‎-‎04‎-‎15T03:31:07.859857800Z"
"14.04.2025 22:28:56","500","Предупреждение","Microsoft-Windows-Diagnostics-Performance","Диспетчер окон рабочего стола испытывает недостаток ресурсов. 
    Сценарий	:	Не хватает ресурсов видеопамяти, что приводит к пробуксовке. Уменьшение количества запущенных программ и открытых окон может исправить эту ситуацию."
"14.04.2025 21:44:38","500","Предупреждение","Microsoft-Windows-Diagnostics-Performance","Диспетчер окон рабочего стола испытывает недостаток ресурсов. 
    Сценарий	:	Не хватает ресурсов видеопамяти, что приводит к пробуксовке. Уменьшение количества запущенных программ и открытых окон может исправить эту ситуацию."
"14.04.2025 20:59:57","500","Предупреждение","Microsoft-Windows-Diagnostics-Performance","Диспетчер окон рабочего стола испытывает недостаток ресурсов. 
    Сценарий	:	Не хватает ресурсов видеопамяти, что приводит к пробуксовке. Уменьшение количества запущенных программ и открытых окон может исправить эту ситуацию."
"14.04.2025 20:19:27","500","Предупреждение","Microsoft-Windows-Diagnostics-Performance","Диспетчер окон рабочего стола испытывает недостаток ресурсов. 
    Сценарий	:	Не хватает ресурсов видеопамяти, что приводит к пробуксовке. Уменьшение количества запущенных программ и открытых окон может исправить эту ситуацию."
"14.04.2025 19:46:22","500","Предупреждение","Microsoft-Windows-Diagnostics-Performance","Диспетчер окон рабочего стола испытывает недостаток ресурсов. 
    Сценарий	:	Не хватает ресурсов видеопамяти, что приводит к пробуксовке. Уменьшение количества запущенных программ и открытых окон может исправить эту ситуацию."
"14.04.2025 19:05:00","500","Предупреждение","Microsoft-Windows-Diagnostics-Performance","Диспетчер окон рабочего стола испытывает недостаток ресурсов. 
    Сценарий	:	Не хватает ресурсов видеопамяти, что приводит к пробуксовке. Уменьшение количества запущенных программ и открытых окон может исправить эту ситуацию."
"14.04.2025 8:14:06","101","Предупреждение","Microsoft-Windows-Diagnostics-Performance","Это приложение загружалось дольше обычного, что привело к замедлению процесса запуска системы: 
    Имя файла		:	svchost.exe
    Понятное имя		:	Хост-процесс для служб Windows
    Версия		:	10.0.19041.4522 (WinBuild.160101.0800)
    Общее время		:	1365мс
    Время замедления	:	414мс
    Время события (UTC)	:	‎2025‎-‎04‎-‎14T03:11:50.844223800Z"
"14.04.2025 8:14:06","101","Предупреждение","Microsoft-Windows-Diagnostics-Performance","Это приложение загружалось дольше обычного, что привело к замедлению процесса запуска системы: 
    Имя файла		:	AdGuardVpnSvc.exe
    Понятное имя		:	AdGuard VPN for Windows
    Версия		:	2.5.1700.0
    Общее время		:	3293мс
    Время замедления	:	793мс
    Время события (UTC)	:	‎2025‎-‎04‎-‎14T03:11:50.844223800Z"
"14.04.2025 8:14:06","100","Ошибка","Microsoft-Windows-Diagnostics-Performance","Windows запущена: 
     Длительность загрузки		:	73379ms
     IsDegradation		:	false
     Время события (UTC)	:	‎2025‎-‎04‎-‎14T03:11:50.844223800Z"
"13.04.2025 23:23:17","108","Предупреждение","Microsoft-Windows-Diagnostics-Performance","Применение политики пользователя вызвало замедление процесса запуска системы: 
    Имя		:	PreShellInit
    Общее время		:	1574мс
    Время замедления	:	486мс
    Время события (UTC)	:	‎2025‎-‎04‎-‎13T18:21:14.859831800Z"
"13.04.2025 23:23:17","100","Ошибка","Microsoft-Windows-Diagnostics-Performance","Windows запущена: 
     Длительность загрузки		:	61471ms
     IsDegradation		:	false
     Время события (UTC)	:	‎2025‎-‎04‎-‎13T18:21:14.859831800Z"
"13.04.2025 11:10:48","108","Предупреждение","Microsoft-Windows-Diagnostics-Performance","Применение политики пользователя вызвало замедление процесса запуска системы: 
    Имя		:	PreShellInit
    Общее время		:	1593мс
    Время замедления	:	809мс
    Время события (UTC)	:	‎2025‎-‎04‎-‎13T06:08:07.891066800Z"
"13.04.2025 11:10:48","101","Предупреждение","Microsoft-Windows-Diagnostics-Performance","Это приложение загружалось дольше обычного, что привело к замедлению процесса запуска системы: 
    Имя файла		:	svchost.exe
    Понятное имя		:	Хост-процесс для служб Windows
    Версия		:	10.0.19041.4522 (WinBuild.160101.0800)
    Общее время		:	1255мс
    Время замедления	:	754мс
    Время события (UTC)	:	‎2025‎-‎04‎-‎13T06:08:07.891066800Z"
"13.04.2025 11:10:48","100","Ошибка","Microsoft-Windows-Diagnostics-Performance","Windows запущена: 
     Длительность загрузки		:	81968ms
     IsDegradation		:	false
     Время события (UTC)	:	‎2025‎-‎04‎-‎13T06:08:07.891066800Z"
"13.04.2025 11:10:47","200","Предупреждение","Microsoft-Windows-Diagnostics-Performance","Завершение работы Windows 
    Продолжительность завершения работы	:	6871мс
    IsDegradation		:	false
    Время события (UTC)	:	‎2025‎-‎04‎-‎12T20:30:21.934768700Z"
"12.04.2025 11:09:54","100","Ошибка","Microsoft-Windows-Diagnostics-Performance","Windows запущена: 
     Длительность загрузки		:	67246ms
     IsDegradation		:	false
     Время события (UTC)	:	‎2025‎-‎04‎-‎12T06:07:51.047284900Z"
"11.04.2025 8:49:03","100","Ошибка","Microsoft-Windows-Diagnostics-Performance","Windows запущена: 
     Длительность загрузки		:	84161ms
     IsDegradation		:	false
     Время события (UTC)	:	‎2025‎-‎04‎-‎11T03:45:26.859840500Z"
"10.04.2025 9:41:24","100","Ошибка","Microsoft-Windows-Diagnostics-Performance","Windows запущена: 
     Длительность загрузки		:	66607ms
     IsDegradation		:	false
     Время события (UTC)	:	‎2025‎-‎04‎-‎10T04:39:17.875392500Z"
"09.04.2025 8:12:33","100","Ошибка","Microsoft-Windows-Diagnostics-Performance","Windows запущена: 
     Длительность загрузки		:	70483ms
     IsDegradation		:	false
     Время события (UTC)	:	‎2025‎-‎04‎-‎09T03:10:17.860118600Z"
"08.04.2025 10:45:38","100","Ошибка","Microsoft-Windows-Diagnostics-Performance","Windows запущена: 
     Длительность загрузки		:	81225ms
     IsDegradation		:	false
     Время события (UTC)	:	‎2025‎-‎04‎-‎08T05:37:37.875433300Z"
"05.04.2025 18:45:31","101","Предупреждение","Microsoft-Windows-Diagnostics-Performance","Это приложение загружалось дольше обычного, что привело к замедлению процесса запуска системы: 
    Имя файла		:	Photoshop.exe
    Понятное имя		:	Adobe Photoshop 2025
    Версия		:	26.4 (20250225.r.194 4c5f14b)
    Общее время		:	24316мс
    Время замедления	:	19316мс
    Время события (UTC)	:	‎2025‎-‎04‎-‎05T13:41:57.844222500Z"
"05.04.2025 18:45:31","100","Ошибка","Microsoft-Windows-Diagnostics-Performance","Windows запущена: 
     Длительность загрузки		:	84483ms
     IsDegradation		:	false
     Время события (UTC)	:	‎2025‎-‎04‎-‎05T13:41:57.844222500Z"
"05.04.2025 12:43:34","101","Критический","Microsoft-Windows-Diagnostics-Performance","Это приложение загружалось дольше обычного, что привело к замедлению процесса запуска системы: 
    Имя файла		:	Arms Trade Tycoon Tanks.exe
    Понятное имя		:	
    Версия		:	2021.3.35.1407814
    Общее время		:	146132мс
    Время замедления	:	141132мс
    Время события (UTC)	:	‎2025‎-‎04‎-‎05T07:41:30.844208600Z"
"05.04.2025 12:43:34","100","Критический","Microsoft-Windows-Diagnostics-Performance","Windows запущена: 
     Длительность загрузки		:	114513ms
     IsDegradation		:	false
     Время события (UTC)	:	‎2025‎-‎04‎-‎05T07:41:30.844208600Z"
"05.04.2025 8:51:25","100","Ошибка","Microsoft-Windows-Diagnostics-Performance","Windows запущена: 
     Длительность загрузки		:	60185ms
     IsDegradation		:	false
     Время события (UTC)	:	‎2025‎-‎04‎-‎05T03:48:57.047367000Z"
"03.04.2025 13:40:49","100","Ошибка","Microsoft-Windows-Diagnostics-Performance","Windows запущена: 
     Длительность загрузки		:	81562ms
     IsDegradation		:	false
     Время события (UTC)	:	‎2025‎-‎04‎-‎03T08:36:41.875399000Z"
"01.04.2025 9:55:51","100","Ошибка","Microsoft-Windows-Diagnostics-Performance","Windows запущена: 
     Длительность загрузки		:	65175ms
     IsDegradation		:	false
     Время события (UTC)	:	‎2025‎-‎04‎-‎01T04:52:08.859820800Z"
"31.03.2025 12:56:13","100","Ошибка","Microsoft-Windows-Diagnostics-Performance","Windows запущена: 
     Длительность загрузки		:	81968ms
     IsDegradation		:	false
     Время события (UTC)	:	‎2025‎-‎03‎-‎31T07:23:24.875639500Z"
"30.03.2025 19:42:50","100","Ошибка","Microsoft-Windows-Diagnostics-Performance","Windows запущена: 
     Длительность загрузки		:	82738ms
     IsDegradation		:	false
     Время события (UTC)	:	‎2025‎-‎03‎-‎30T14:40:14.859846900Z"
"28.03.2025 23:32:23","100","Ошибка","Microsoft-Windows-Diagnostics-Performance","Windows запущена: 
     Длительность загрузки		:	64882ms
     IsDegradation		:	false
     Время события (UTC)	:	‎2025‎-‎03‎-‎28T18:30:20.844561100Z"
"28.03.2025 8:45:28","101","Предупреждение","Microsoft-Windows-Diagnostics-Performance","Это приложение загружалось дольше обычного, что привело к замедлению процесса запуска системы: 
    Имя файла		:	steamwebhelper.exe
    Понятное имя		:	Steam Client WebHelper
    Версия		:	09.59.77.46
    Общее время		:	28216мс
    Время замедления	:	23216мс
    Время события (UTC)	:	‎2025‎-‎03‎-‎28T03:26:22.078621200Z"
"28.03.2025 8:45:28","100","Критический","Microsoft-Windows-Diagnostics-Performance","Windows запущена: 
     Длительность загрузки		:	115869ms
     IsDegradation		:	false
     Время события (UTC)	:	‎2025‎-‎03‎-‎28T03:26:22.078621200Z"
"28.03.2025 8:45:25","200","Предупреждение","Microsoft-Windows-Diagnostics-Performance","Завершение работы Windows 
    Продолжительность завершения работы	:	9192мс
    IsDegradation		:	false
    Время события (UTC)	:	‎2025‎-‎03‎-‎27T18:53:37.324898900Z"
"27.03.2025 10:15:18","110","Предупреждение","Microsoft-Windows-Diagnostics-Performance","Инициализация диспетчера сеанса вызвала замедление процесса запуска: 
    Имя		:	SMSSInit
    Общее время		:	10720мс
    Время замедления	:	5886мс
    Время события (UTC)	:	‎2025‎-‎03‎-‎27T05:12:38.859841200Z"
"27.03.2025 10:15:18","100","Ошибка","Microsoft-Windows-Diagnostics-Performance","Windows запущена: 
     Длительность загрузки		:	82658ms
     IsDegradation		:	false
     Время события (UTC)	:	‎2025‎-‎03‎-‎27T05:12:38.859841200Z"
"26.03.2025 16:55:50","110","Предупреждение","Microsoft-Windows-Diagnostics-Performance","Инициализация диспетчера сеанса вызвала замедление процесса запуска: 
    Имя		:	SMSSInit
    Общее время		:	10682мс
    Время замедления	:	6191мс
    Время события (UTC)	:	‎2025‎-‎03‎-‎26T11:53:41.875484400Z"
"26.03.2025 16:55:50","101","Предупреждение","Microsoft-Windows-Diagnostics-Performance","Это приложение загружалось дольше обычного, что привело к замедлению процесса запуска системы: 
    Имя файла		:	AdGuardVpnSvc.exe
    Понятное имя		:	AdGuard VPN for Windows
    Версия		:	2.5.1700.0
    Общее время		:	4494мс
    Время замедления	:	994мс
    Время события (UTC)	:	‎2025‎-‎03‎-‎26T11:53:41.875484400Z"
"26.03.2025 16:55:50","100","Ошибка","Microsoft-Windows-Diagnostics-Performance","Windows запущена: 
     Длительность загрузки		:	68628ms
     IsDegradation		:	false
     Время события (UTC)	:	‎2025‎-‎03‎-‎26T11:53:41.875484400Z"
"26.03.2025 12:20:52","100","Ошибка","Microsoft-Windows-Diagnostics-Performance","Windows запущена: 
     Длительность загрузки		:	83438ms
     IsDegradation		:	false
     Время события (UTC)	:	‎2025‎-‎03‎-‎26T07:15:50.860253700Z"
"25.03.2025 8:40:54","100","Ошибка","Microsoft-Windows-Diagnostics-Performance","Windows запущена: 
     Длительность загрузки		:	80099ms
     IsDegradation		:	false
     Время события (UTC)	:	‎2025‎-‎03‎-‎25T03:38:23.859803300Z"
"24.03.2025 17:17:38","100","Ошибка","Microsoft-Windows-Diagnostics-Performance","Windows запущена: 
     Длительность загрузки		:	57646ms
     IsDegradation		:	false
     Время события (UTC)	:	‎2025‎-‎03‎-‎24T12:15:35.859868200Z"
"24.03.2025 16:27:45","100","Предупреждение","Microsoft-Windows-Diagnostics-Performance","Windows запущена: 
     Длительность загрузки		:	72370ms
     IsDegradation		:	false
     Время события (UTC)	:	‎2025‎-‎03‎-‎24T11:21:59.859833900Z"
"24.03.2025 8:07:51","100","Ошибка","Microsoft-Windows-Diagnostics-Performance","Windows запущена: 
     Длительность загрузки		:	76599ms
     IsDegradation		:	false
     Время события (UTC)	:	‎2025‎-‎03‎-‎24T02:54:41.859840100Z"
"23.03.2025 18:44:34","100","Ошибка","Microsoft-Windows-Diagnostics-Performance","Windows запущена: 
     Длительность загрузки		:	61634ms
     IsDegradation		:	false
     Время события (UTC)	:	‎2025‎-‎03‎-‎23T13:41:29.863732800Z"
"23.03.2025 10:36:43","101","Предупреждение","Microsoft-Windows-Diagnostics-Performance","Это приложение загружалось дольше обычного, что привело к замедлению процесса запуска системы: 
    Имя файла		:	explorer.exe
    Понятное имя		:	Проводник
    Версия		:	10.0.19041.4522 (WinBuild.160101.0800)
    Общее время		:	7847мс
    Время замедления	:	2847мс
    Время события (UTC)	:	‎2025‎-‎03‎-‎23T05:34:40.859834800Z"
"23.03.2025 10:36:43","100","Ошибка","Microsoft-Windows-Diagnostics-Performance","Windows запущена: 
     Длительность загрузки		:	58128ms
     IsDegradation		:	false
     Время события (UTC)	:	‎2025‎-‎03‎-‎23T05:34:40.859834800Z"
"22.03.2025 8:55:29","100","Ошибка","Microsoft-Windows-Diagnostics-Performance","Windows запущена: 
     Длительность загрузки		:	75226ms
     IsDegradation		:	false
     Время события (UTC)	:	‎2025‎-‎03‎-‎22T03:31:36.844670000Z"
"21.03.2025 9:21:02","100","Ошибка","Microsoft-Windows-Diagnostics-Performance","Windows запущена: 
     Длительность загрузки		:	53944ms
     IsDegradation		:	false
     Время события (UTC)	:	‎2025‎-‎03‎-‎21T04:18:10.859878500Z"
"20.03.2025 16:35:19","101","Предупреждение","Microsoft-Windows-Diagnostics-Performance","Это приложение загружалось дольше обычного, что привело к замедлению процесса запуска системы: 
    Имя файла		:	AdGuardVpnSvc.exe
    Понятное имя		:	AdGuard VPN for Windows
    Версия		:	2.5.1700.0
    Общее время		:	3388мс
    Время замедления	:	888мс
    Время события (UTC)	:	‎2025‎-‎03‎-‎20T11:33:04.047354100Z"
"20.03.2025 16:35:19","101","Предупреждение","Microsoft-Windows-Diagnostics-Performance","Это приложение загружалось дольше обычного, что привело к замедлению процесса запуска системы: 
    Имя файла		:	NVDisplay.Container.exe
    Понятное имя		:	NVIDIA Container
    Версия		:	gcomp_rel 33231171
    Общее время		:	3136мс
    Время замедления	:	2136мс
    Время события (UTC)	:	‎2025‎-‎03‎-‎20T11:33:04.047354100Z"
"20.03.2025 16:35:19","100","Ошибка","Microsoft-Windows-Diagnostics-Performance","Windows запущена: 
     Длительность загрузки		:	83816ms
     IsDegradation		:	false
     Время события (UTC)	:	‎2025‎-‎03‎-‎20T11:33:04.047354100Z"
"20.03.2025 16:35:18","200","Предупреждение","Microsoft-Windows-Diagnostics-Performance","Завершение работы Windows 
    Продолжительность завершения работы	:	6629мс
    IsDegradation		:	false
    Время события (UTC)	:	‎2025‎-‎03‎-‎20T11:32:39.403089900Z"
"20.03.2025 13:37:34","101","Предупреждение","Microsoft-Windows-Diagnostics-Performance","Это приложение загружалось дольше обычного, что привело к замедлению процесса запуска системы: 
    Имя файла		:	NVDisplay.Container.exe
    Понятное имя		:	NVIDIA Container
    Версия		:	gcomp_rel 33231171
    Общее время		:	2928мс
    Время замедления	:	1928мс
    Время события (UTC)	:	‎2025‎-‎03‎-‎20T08:35:31.875500200Z"
"20.03.2025 13:37:34","101","Предупреждение","Microsoft-Windows-Diagnostics-Performance","Это приложение загружалось дольше обычного, что привело к замедлению процесса запуска системы: 
    Имя файла		:	AdGuardVpnSvc.exe
    Понятное имя		:	AdGuard VPN for Windows
    Версия		:	2.5.1700.0
    Общее время		:	13218мс
    Время замедления	:	8218мс
    Время события (UTC)	:	‎2025‎-‎03‎-‎20T08:35:31.875500200Z"
"20.03.2025 13:37:34","100","Ошибка","Microsoft-Windows-Diagnostics-Performance","Windows запущена: 
     Длительность загрузки		:	64447ms
     IsDegradation		:	false
     Время события (UTC)	:	‎2025‎-‎03‎-‎20T08:35:31.875500200Z"
"20.03.2025 13:37:33","200","Предупреждение","Microsoft-Windows-Diagnostics-Performance","Завершение работы Windows 
    Продолжительность завершения работы	:	4917мс
    IsDegradation		:	false
    Время события (UTC)	:	‎2025‎-‎03‎-‎20T08:35:09.761524100Z"
"20.03.2025 8:09:33","101","Предупреждение","Microsoft-Windows-Diagnostics-Performance","Это приложение загружалось дольше обычного, что привело к замедлению процесса запуска системы: 
    Имя файла		:	nvcontainer.exe
    Понятное имя		:	NVIDIA Container
    Версия		:	gcomp_rel 34853667
    Общее время		:	6116мс
    Время замедления	:	2003мс
    Время события (UTC)	:	‎2025‎-‎03‎-‎20T03:06:35.844184200Z"
"20.03.2025 8:09:33","100","Предупреждение","Microsoft-Windows-Diagnostics-Performance","Windows запущена: 
     Длительность загрузки		:	66509ms
     IsDegradation		:	false
     Время события (UTC)	:	‎2025‎-‎03‎-‎20T03:06:35.844184200Z"
"19.03.2025 8:56:26","100","Предупреждение","Microsoft-Windows-Diagnostics-Performance","Windows запущена: 
     Длительность загрузки		:	70121ms
     IsDegradation		:	false
     Время события (UTC)	:	‎2025‎-‎03‎-‎19T03:53:18.859904500Z"
"18.03.2025 8:53:16","100","Предупреждение","Microsoft-Windows-Diagnostics-Performance","Windows запущена: 
     Длительность загрузки		:	68353ms
     IsDegradation		:	false
     Время события (UTC)	:	‎2025‎-‎03‎-‎18T03:50:52.859787600Z"
"17.03.2025 8:26:28","101","Предупреждение","Microsoft-Windows-Diagnostics-Performance","Это приложение загружалось дольше обычного, что привело к замедлению процесса запуска системы: 
    Имя файла		:	Discord.exe
    Понятное имя		:	
    Версия		:	
    Общее время		:	8908мс
    Время замедления	:	3908мс
    Время события (UTC)	:	‎2025‎-‎03‎-‎17T03:21:02.844340300Z"
"17.03.2025 8:26:28","101","Предупреждение","Microsoft-Windows-Diagnostics-Performance","Это приложение загружалось дольше обычного, что привело к замедлению процесса запуска системы: 
    Имя файла		:	svchost.exe
    Понятное имя		:	Хост-процесс для служб Windows
    Версия		:	10.0.19041.4522 (WinBuild.160101.0800)
    Общее время		:	10151мс
    Время замедления	:	5151мс
    Время события (UTC)	:	‎2025‎-‎03‎-‎17T03:21:02.844340300Z"
"17.03.2025 8:26:28","100","Ошибка","Microsoft-Windows-Diagnostics-Performance","Windows запущена: 
     Длительность загрузки		:	83735ms
     IsDegradation		:	false
     Время события (UTC)	:	‎2025‎-‎03‎-‎17T03:21:02.844340300Z"
"16.03.2025 9:50:21","101","Предупреждение","Microsoft-Windows-Diagnostics-Performance","Это приложение загружалось дольше обычного, что привело к замедлению процесса запуска системы: 
    Имя файла		:	explorer.exe
    Понятное имя		:	Проводник
    Версия		:	10.0.19041.4522 (WinBuild.160101.0800)
    Общее время		:	22743мс
    Время замедления	:	17743мс
    Время события (UTC)	:	‎2025‎-‎03‎-‎16T04:35:25.875512400Z"
"16.03.2025 9:50:21","101","Предупреждение","Microsoft-Windows-Diagnostics-Performance","Это приложение загружалось дольше обычного, что привело к замедлению процесса запуска системы: 
    Имя файла		:	chrome.exe
    Понятное имя		:	Google Chrome
    Версия		:	134.0.6998.89
    Общее время		:	25066мс
    Время замедления	:	20066мс
    Время события (UTC)	:	‎2025‎-‎03‎-‎16T04:35:25.875512400Z"
"16.03.2025 9:50:21","100","Ошибка","Microsoft-Windows-Diagnostics-Performance","Windows запущена: 
     Длительность загрузки		:	98262ms
     IsDegradation		:	false
     Время события (UTC)	:	‎2025‎-‎03‎-‎16T04:35:25.875512400Z"
"16.03.2025 9:50:19","203","Ошибка","Microsoft-Windows-Diagnostics-Performance","Эта служба вызвала замедление процесса завершения работы системы: 
    Имя файла		:	EventLog
    Понятное имя		:	Служба протоколирования событий
    Версия		:	10.0.19041.4522 (WinBuild.160101.0800)
    Общее время		:	4957мс
    Время замедления	:	957мс
    Время события (UTC)	:	‎2025‎-‎03‎-‎15T21:08:54.470996800Z"
"16.03.2025 9:50:19","200","Предупреждение","Microsoft-Windows-Diagnostics-Performance","Завершение работы Windows 
    Продолжительность завершения работы	:	9851мс
    IsDegradation		:	true
    Время события (UTC)	:	‎2025‎-‎03‎-‎15T21:08:54.470996800Z"
"16.03.2025 1:35:18","101","Предупреждение","Microsoft-Windows-Diagnostics-Performance","Это приложение загружалось дольше обычного, что привело к замедлению процесса запуска системы: 
    Имя файла		:	nvcontainer.exe
    Понятное имя		:	NVIDIA Container
    Версия		:	gcomp_rel 34853667
    Общее время		:	10036мс
    Время замедления	:	5036мс
    Время события (UTC)	:	‎2025‎-‎03‎-‎15T20:33:16.859851200Z"
"16.03.2025 1:35:18","101","Предупреждение","Microsoft-Windows-Diagnostics-Performance","Это приложение загружалось дольше обычного, что привело к замедлению процесса запуска системы: 
    Имя файла		:	AdGuardVpnSvc.exe
    Понятное имя		:	AdGuard VPN for Windows
    Версия		:	2.5.1700.0
    Общее время		:	11130мс
    Время замедления	:	6130мс
    Время события (UTC)	:	‎2025‎-‎03‎-‎15T20:33:16.859851200Z"
"16.03.2025 1:35:18","100","Ошибка","Microsoft-Windows-Diagnostics-Performance","Windows запущена: 
     Длительность загрузки		:	58407ms
     IsDegradation		:	false
     Время события (UTC)	:	‎2025‎-‎03‎-‎15T20:33:16.859851200Z"
"16.03.2025 1:35:18","200","Предупреждение","Microsoft-Windows-Diagnostics-Performance","Завершение работы Windows 
    Продолжительность завершения работы	:	12753мс
    IsDegradation		:	true
    Время события (UTC)	:	‎2025‎-‎03‎-‎15T19:39:26.853700600Z"
"15.03.2025 7:45:22","101","Предупреждение","Microsoft-Windows-Diagnostics-Performance","Это приложение загружалось дольше обычного, что привело к замедлению процесса запуска системы: 
    Имя файла		:	nvcontainer.exe
    Понятное имя		:	NVIDIA Container
    Версия		:	gcomp_rel 34853667
    Общее время		:	2911мс
    Время замедления	:	411мс
    Время события (UTC)	:	‎2025‎-‎03‎-‎15T02:20:21.844196400Z"
"15.03.2025 7:45:22","101","Предупреждение","Microsoft-Windows-Diagnostics-Performance","Это приложение загружалось дольше обычного, что привело к замедлению процесса запуска системы: 
    Имя файла		:	NVIDIA Overlay.exe
    Понятное имя		:	NVIDIA app
    Версия		:	103.0.12.8
    Общее время		:	3179мс
    Время замедления	:	679мс
    Время события (UTC)	:	‎2025‎-‎03‎-‎15T02:20:21.844196400Z"
"15.03.2025 7:45:22","101","Предупреждение","Microsoft-Windows-Diagnostics-Performance","Это приложение загружалось дольше обычного, что привело к замедлению процесса запуска системы: 
    Имя файла		:	AdGuardVpn.exe
    Понятное имя		:	AdGuard VPN for Windows
    Версия		:	2.5.1700.0
    Общее время		:	19020мс
    Время замедления	:	14020мс
    Время события (UTC)	:	‎2025‎-‎03‎-‎15T02:20:21.844196400Z"
"15.03.2025 7:45:22","100","Ошибка","Microsoft-Windows-Diagnostics-Performance","Windows запущена: 
     Длительность загрузки		:	59053ms
     IsDegradation		:	false
     Время события (UTC)	:	‎2025‎-‎03‎-‎15T02:20:21.844196400Z"
"14.03.2025 12:08:22","101","Предупреждение","Microsoft-Windows-Diagnostics-Performance","Это приложение загружалось дольше обычного, что привело к замедлению процесса запуска системы: 
    Имя файла		:	NVIDIA Overlay.exe
    Понятное имя		:	NVIDIA app
    Версия		:	103.0.12.8
    Общее время		:	2974мс
    Время замедления	:	474мс
    Время события (UTC)	:	‎2025‎-‎03‎-‎14T07:04:31.875507000Z"
"14.03.2025 12:08:22","101","Предупреждение","Microsoft-Windows-Diagnostics-Performance","Это приложение загружалось дольше обычного, что привело к замедлению процесса запуска системы: 
    Имя файла		:	nvcontainer.exe
    Понятное имя		:	NVIDIA Container
    Версия		:	gcomp_rel 34853667
    Общее время		:	3091мс
    Время замедления	:	591мс
    Время события (UTC)	:	‎2025‎-‎03‎-‎14T07:04:31.875507000Z"
"14.03.2025 12:08:22","101","Ошибка","Microsoft-Windows-Diagnostics-Performance","Это приложение загружалось дольше обычного, что привело к замедлению процесса запуска системы: 
    Имя файла		:	AdGuardVpn.exe
    Понятное имя		:	AdGuard VPN for Windows
    Версия		:	2.5.1700.0
    Общее время		:	18457мс
    Время замедления	:	13457мс
    Время события (UTC)	:	‎2025‎-‎03‎-‎14T07:04:31.875507000Z"
"14.03.2025 12:08:22","100","Ошибка","Microsoft-Windows-Diagnostics-Performance","Windows запущена: 
     Длительность загрузки		:	50194ms
     IsDegradation		:	false
     Время события (UTC)	:	‎2025‎-‎03‎-‎14T07:04:31.875507000Z"
"13.03.2025 14:27:03","101","Предупреждение","Microsoft-Windows-Diagnostics-Performance","Это приложение загружалось дольше обычного, что привело к замедлению процесса запуска системы: 
    Имя файла		:	NVIDIA Overlay.exe
    Понятное имя		:	NVIDIA app
    Версия		:	103.0.12.8
    Общее время		:	3074мс
    Время замедления	:	574мс
    Время события (UTC)	:	‎2025‎-‎03‎-‎13T09:13:50.063048600Z"
"13.03.2025 14:27:03","101","Предупреждение","Microsoft-Windows-Diagnostics-Performance","Это приложение загружалось дольше обычного, что привело к замедлению процесса запуска системы: 
    Имя файла		:	nvcontainer.exe
    Понятное имя		:	NVIDIA Container
    Версия		:	gcomp_rel 34853667
    Общее время		:	8188мс
    Время замедления	:	688мс
    Время события (UTC)	:	‎2025‎-‎03‎-‎13T09:13:50.063048600Z"
"13.03.2025 14:27:03","101","Предупреждение","Microsoft-Windows-Diagnostics-Performance","Это приложение загружалось дольше обычного, что привело к замедлению процесса запуска системы: 
    Имя файла		:	explorer.exe
    Понятное имя		:	Проводник
    Версия		:	10.0.19041.4522 (WinBuild.160101.0800)
    Общее время		:	5789мс
    Время замедления	:	789мс
    Время события (UTC)	:	‎2025‎-‎03‎-‎13T09:13:50.063048600Z"
"13.03.2025 14:27:03","101","Предупреждение","Microsoft-Windows-Diagnostics-Performance","Это приложение загружалось дольше обычного, что привело к замедлению процесса запуска системы: 
    Имя файла		:	AdGuardVpn.exe
    Понятное имя		:	AdGuard VPN for Windows
    Версия		:	2.5.1700.0
    Общее время		:	19775мс
    Время замедления	:	14775мс
    Время события (UTC)	:	‎2025‎-‎03‎-‎13T09:13:50.063048600Z"
"13.03.2025 14:27:03","100","Ошибка","Microsoft-Windows-Diagnostics-Performance","Windows запущена: 
     Длительность загрузки		:	82974ms
     IsDegradation		:	false
     Время события (UTC)	:	‎2025‎-‎03‎-‎13T09:13:50.063048600Z"
"12.03.2025 17:30:50","500","Предупреждение","Microsoft-Windows-Diagnostics-Performance","Диспетчер окон рабочего стола испытывает недостаток ресурсов. 
    Сценарий	:	Не хватает ресурсов видеопамяти, что приводит к пробуксовке. Уменьшение количества запущенных программ и открытых окон может исправить эту ситуацию."
"12.03.2025 10:29:45","500","Предупреждение","Microsoft-Windows-Diagnostics-Performance","Диспетчер окон рабочего стола испытывает недостаток ресурсов. 
    Сценарий	:	Не хватает ресурсов видеопамяти, что приводит к пробуксовке. Уменьшение количества запущенных программ и открытых окон может исправить эту ситуацию."
"11.03.2025 12:49:25","101","Предупреждение","Microsoft-Windows-Diagnostics-Performance","Это приложение загружалось дольше обычного, что привело к замедлению процесса запуска системы: 
    Имя файла		:	svchost.exe
    Понятное имя		:	Хост-процесс для служб Windows
    Версия		:	10.0.19041.4522 (WinBuild.160101.0800)
    Общее время		:	2854мс
    Время замедления	:	1854мс
    Время события (UTC)	:	‎2025‎-‎03‎-‎11T07:47:11.859744600Z"
"11.03.2025 12:49:25","101","Предупреждение","Microsoft-Windows-Diagnostics-Performance","Это приложение загружалось дольше обычного, что привело к замедлению процесса запуска системы: 
    Имя файла		:	NVDisplay.Container.exe
    Понятное имя		:	NVIDIA Container
    Версия		:	gcomp_rel 33231171
    Общее время		:	2928мс
    Время замедления	:	1928мс
    Время события (UTC)	:	‎2025‎-‎03‎-‎11T07:47:11.859744600Z"
"11.03.2025 12:49:25","101","Предупреждение","Microsoft-Windows-Diagnostics-Performance","Это приложение загружалось дольше обычного, что привело к замедлению процесса запуска системы: 
    Имя файла		:	chrome.exe
    Понятное имя		:	Google Chrome
    Версия		:	133.0.6943.142
    Общее время		:	8304мс
    Время замедления	:	3304мс
    Время события (UTC)	:	‎2025‎-‎03‎-‎11T07:47:11.859744600Z"
"11.03.2025 12:49:25","100","Ошибка","Microsoft-Windows-Diagnostics-Performance","Windows запущена: 
     Длительность загрузки		:	78524ms
     IsDegradation		:	true
     Время события (UTC)	:	‎2025‎-‎03‎-‎11T07:47:11.859744600Z"
"11.03.2025 12:49:24","203","Ошибка","Microsoft-Windows-Diagnostics-Performance","Эта служба вызвала замедление процесса завершения работы системы: 
    Имя файла		:	DPS
    Понятное имя		:	Служба политики диагностики WDI
    Версия		:	10.0.19041.4522 (WinBuild.160101.0800)
    Общее время		:	4958мс
    Время замедления	:	958мс
    Время события (UTC)	:	‎2025‎-‎03‎-‎11T07:46:43.172663700Z"
"11.03.2025 12:49:24","200","Предупреждение","Microsoft-Windows-Diagnostics-Performance","Завершение работы Windows 
    Продолжительность завершения работы	:	11169мс
    IsDegradation		:	true
    Время события (UTC)	:	‎2025‎-‎03‎-‎11T07:46:43.172663700Z"
"10.03.2025 21:04:59","101","Предупреждение","Microsoft-Windows-Diagnostics-Performance","Это приложение загружалось дольше обычного, что привело к замедлению процесса запуска системы: 
    Имя файла		:	DeepL.exe
    Понятное имя		:	
    Версия		:	
    Общее время		:	8273мс
    Время замедления	:	3273мс
    Время события (UTC)	:	‎2025‎-‎03‎-‎10T14:30:05.875295500Z"
"10.03.2025 21:04:59","101","Предупреждение","Microsoft-Windows-Diagnostics-Performance","Это приложение загружалось дольше обычного, что привело к замедлению процесса запуска системы: 
    Имя файла		:	steam.exe
    Понятное имя		:	Steam
    Версия		:	09.48.97.91
    Общее время		:	8382мс
    Время замедления	:	3382мс
    Время события (UTC)	:	‎2025‎-‎03‎-‎10T14:30:05.875295500Z"
"10.03.2025 21:04:59","100","Предупреждение","Microsoft-Windows-Diagnostics-Performance","Windows запущена: 
     Длительность загрузки		:	60446ms
     IsDegradation		:	false
     Время события (UTC)	:	‎2025‎-‎03‎-‎10T14:30:05.875295500Z"
"09.03.2025 17:32:04","500","Предупреждение","Microsoft-Windows-Diagnostics-Performance","Диспетчер окон рабочего стола испытывает недостаток ресурсов. 
    Сценарий	:	Не хватает ресурсов видеопамяти, что приводит к пробуксовке. Уменьшение количества запущенных программ и открытых окон может исправить эту ситуацию."
"09.03.2025 7:22:03","500","Предупреждение","Microsoft-Windows-Diagnostics-Performance","Диспетчер окон рабочего стола испытывает недостаток ресурсов. 
    Сценарий	:	Не хватает ресурсов видеопамяти, что приводит к пробуксовке. Уменьшение количества запущенных программ и открытых окон может исправить эту ситуацию."
"07.03.2025 10:03:23","101","Предупреждение","Microsoft-Windows-Diagnostics-Performance","Это приложение загружалось дольше обычного, что привело к замедлению процесса запуска системы: 
    Имя файла		:	explorer.exe
    Понятное имя		:	Проводник
    Версия		:	10.0.19041.4522 (WinBuild.160101.0800)
    Общее время		:	3970мс
    Время замедления	:	1470мс
    Время события (UTC)	:	‎2025‎-‎03‎-‎07T05:00:53.844227800Z"
"07.03.2025 10:03:23","101","Предупреждение","Microsoft-Windows-Diagnostics-Performance","Это приложение загружалось дольше обычного, что привело к замедлению процесса запуска системы: 
    Имя файла		:	steam.exe
    Понятное имя		:	Steam
    Версия		:	09.48.97.91
    Общее время		:	7756мс
    Время замедления	:	2756мс
    Время события (UTC)	:	‎2025‎-‎03‎-‎07T05:00:53.844227800Z"
"07.03.2025 10:03:23","101","Предупреждение","Microsoft-Windows-Diagnostics-Performance","Это приложение загружалось дольше обычного, что привело к замедлению процесса запуска системы: 
    Имя файла		:	DeepL.exe
    Понятное имя		:	
    Версия		:	
    Общее время		:	8297мс
    Время замедления	:	3297мс
    Время события (UTC)	:	‎2025‎-‎03‎-‎07T05:00:53.844227800Z"
"07.03.2025 10:03:23","100","Ошибка","Microsoft-Windows-Diagnostics-Performance","Windows запущена: 
     Длительность загрузки		:	75261ms
     IsDegradation		:	true
     Время события (UTC)	:	‎2025‎-‎03‎-‎07T05:00:53.844227800Z"
"06.03.2025 19:17:35","101","Предупреждение","Microsoft-Windows-Diagnostics-Performance","Это приложение загружалось дольше обычного, что привело к замедлению процесса запуска системы: 
    Имя файла		:	explorer.exe
    Понятное имя		:	Проводник
    Версия		:	10.0.19041.4474 (WinBuild.160101.0800)
    Общее время		:	2803мс
    Время замедления	:	303мс
    Время события (UTC)	:	‎2025‎-‎03‎-‎06T14:15:10.844449300Z"
"06.03.2025 19:17:35","101","Предупреждение","Microsoft-Windows-Diagnostics-Performance","Это приложение загружалось дольше обычного, что привело к замедлению процесса запуска системы: 
    Имя файла		:	svchost.exe
    Понятное имя		:	Хост-процесс для служб Windows
    Версия		:	10.0.19041.1 (WinBuild.160101.0800)
    Общее время		:	6906мс
    Время замедления	:	1906мс
    Время события (UTC)	:	‎2025‎-‎03‎-‎06T14:15:10.844449300Z"
"06.03.2025 19:17:35","101","Предупреждение","Microsoft-Windows-Diagnostics-Performance","Это приложение загружалось дольше обычного, что привело к замедлению процесса запуска системы: 
    Имя файла		:	steam.exe
    Понятное имя		:	Steam
    Версия		:	09.48.97.91
    Общее время		:	8611мс
    Время замедления	:	3611мс
    Время события (UTC)	:	‎2025‎-‎03‎-‎06T14:15:10.844449300Z"
"06.03.2025 19:17:35","101","Предупреждение","Microsoft-Windows-Diagnostics-Performance","Это приложение загружалось дольше обычного, что привело к замедлению процесса запуска системы: 
    Имя файла		:	DeepL.exe
    Понятное имя		:	
    Версия		:	
    Общее время		:	9140мс
    Время замедления	:	4140мс
    Время события (UTC)	:	‎2025‎-‎03‎-‎06T14:15:10.844449300Z"
"06.03.2025 19:17:35","101","Предупреждение","Microsoft-Windows-Diagnostics-Performance","Это приложение загружалось дольше обычного, что привело к замедлению процесса запуска системы: 
    Имя файла		:	chrome.exe
    Понятное имя		:	Google Chrome
    Версия		:	133.0.6943.142
    Общее время		:	16170мс
    Время замедления	:	11170мс
    Время события (UTC)	:	‎2025‎-‎03‎-‎06T14:15:10.844449300Z"
"06.03.2025 19:17:35","100","Ошибка","Microsoft-Windows-Diagnostics-Performance","Windows запущена: 
     Длительность загрузки		:	75340ms
     IsDegradation		:	true
     Время события (UTC)	:	‎2025‎-‎03‎-‎06T14:15:10.844449300Z"
"05.03.2025 20:13:22","500","Предупреждение","Microsoft-Windows-Diagnostics-Performance","Диспетчер окон рабочего стола испытывает недостаток ресурсов. 
    Сценарий	:	Не хватает ресурсов видеопамяти, что приводит к пробуксовке. Уменьшение количества запущенных программ и открытых окон может исправить эту ситуацию."
"05.03.2025 13:38:37","101","Предупреждение","Microsoft-Windows-Diagnostics-Performance","Это приложение загружалось дольше обычного, что привело к замедлению процесса запуска системы: 
    Имя файла		:	explorer.exe
    Понятное имя		:	Проводник
    Версия		:	10.0.19041.4474 (WinBuild.160101.0800)
    Общее время		:	2538мс
    Время замедления	:	38мс
    Время события (UTC)	:	‎2025‎-‎03‎-‎05T08:36:35.844209800Z"
"05.03.2025 13:38:37","101","Предупреждение","Microsoft-Windows-Diagnostics-Performance","Это приложение загружалось дольше обычного, что привело к замедлению процесса запуска системы: 
    Имя файла		:	browser.exe
    Понятное имя		:	Yandex with voice assistant Alice
    Версия		:	24.12.4.1051
    Общее время		:	5399мс
    Время замедления	:	399мс
    Время события (UTC)	:	‎2025‎-‎03‎-‎05T08:36:35.844209800Z"
"05.03.2025 13:38:37","100","Предупреждение","Microsoft-Windows-Diagnostics-Performance","Windows запущена: 
     Длительность загрузки		:	28396ms
     IsDegradation		:	false
     Время события (UTC)	:	‎2025‎-‎03‎-‎05T08:36:35.844209800Z"
"05.03.2025 13:38:37","200","Предупреждение","Microsoft-Windows-Diagnostics-Performance","Завершение работы Windows 
    Продолжительность завершения работы	:	3906мс
    IsDegradation		:	false
    Время события (UTC)	:	‎2025‎-‎03‎-‎05T08:36:13.698042100Z"
"04.03.2025 21:12:04","100","Предупреждение","Microsoft-Windows-Diagnostics-Performance","Windows запущена: 
     Длительность загрузки		:	26746ms
     IsDegradation		:	false
     Время события (UTC)	:	‎2025‎-‎03‎-‎04T16:10:02.859787600Z"
"04.03.2025 21:12:04","200","Предупреждение","Microsoft-Windows-Diagnostics-Performance","Завершение работы Windows 
    Продолжительность завершения работы	:	4687мс
    IsDegradation		:	false
    Время события (UTC)	:	‎2025‎-‎03‎-‎04T18:09:40.102310800Z"
"04.03.2025 22:38:42","100","Критический","Microsoft-Windows-Diagnostics-Performance","Windows запущена: 
     Длительность загрузки		:	202472ms
     IsDegradation		:	false
     Время события (UTC)	:	‎2025‎-‎03‎-‎04T17:33:58.828850200Z"
