"TimeCreated","Id","LevelDisplayName","ProviderName","Message"
"08.09.2026 22:13:35","812","Сведения","Microsoft-Windows-Winlogon","Подписчик уведомлений winlogon <TermSrv> закончил обработку события уведомления (12)."
"08.09.2026 22:13:35","811","Сведения","Microsoft-Windows-Winlogon","Подписчик уведомлений winlogon <TermSrv> начал обработку события уведомления (12)."
"08.09.2026 22:13:35","812","Сведения","Microsoft-Windows-Winlogon","Подписчик уведомлений winlogon <Sens> закончил обработку события уведомления (12)."
"08.09.2026 22:13:35","811","Сведения","Microsoft-Windows-Winlogon","Подписчик уведомлений winlogon <Sens> начал обработку события уведомления (12)."
"08.09.2026 22:13:35","812","Сведения","Microsoft-Windows-Winlogon","Подписчик уведомлений winlogon <GPClient> закончил обработку события уведомления (12)."
"08.09.2026 22:13:35","811","Сведения","Microsoft-Windows-Winlogon","Подписчик уведомлений winlogon <GPClient> начал обработку события уведомления (12)."
"08.09.2026 22:13:35","812","Сведения","Microsoft-Windows-Winlogon","Подписчик уведомлений winlogon <SessionEnv> закончил обработку события уведомления (12)."
"08.09.2026 22:13:35","811","Сведения","Microsoft-Windows-Winlogon","Подписчик уведомлений winlogon <SessionEnv> начал обработку события уведомления (12)."
"08.09.2026 22:13:35","812","Сведения","Microsoft-Windows-Winlogon","Подписчик уведомлений winlogon <Sens> закончил обработку события уведомления (2)."
"08.09.2026 22:13:35","811","Сведения","Microsoft-Windows-Winlogon","Подписчик уведомлений winlogon <Sens> начал обработку события уведомления (2)."
"08.09.2026 22:13:35","812","Сведения","Microsoft-Windows-Winlogon","Подписчик уведомлений winlogon <TermSrv> закончил обработку события уведомления (2)."
"08.09.2026 22:13:35","811","Сведения","Microsoft-Windows-Winlogon","Подписчик уведомлений winlogon <TermSrv> начал обработку события уведомления (2)."
"08.09.2026 22:13:35","812","Сведения","Microsoft-Windows-Winlogon","Подписчик уведомлений winlogon <GPClient> закончил обработку события уведомления (2)."
"08.09.2026 22:13:35","811","Сведения","Microsoft-Windows-Winlogon","Подписчик уведомлений winlogon <GPClient> начал обработку события уведомления (2)."
"08.09.2026 22:13:35","812","Сведения","Microsoft-Windows-Winlogon","Подписчик уведомлений winlogon <GPClient> закончил обработку события уведомления (2)."
"08.09.2026 22:13:35","811","Сведения","Microsoft-Windows-Winlogon","Подписчик уведомлений winlogon <GPClient> начал обработку события уведомления (2)."
"08.09.2026 22:13:35","812","Сведения","Microsoft-Windows-Winlogon","Подписчик уведомлений winlogon <Profiles> закончил обработку события уведомления (2)."
"08.09.2026 22:09:37","811","Сведения","Microsoft-Windows-Winlogon","Подписчик уведомлений winlogon <Profiles> начал обработку события уведомления (2)."
"08.09.2026 22:09:37","812","Сведения","Microsoft-Windows-Winlogon","Подписчик уведомлений winlogon <SessionEnv> закончил обработку события уведомления (2)."
"08.09.2026 22:09:37","811","Сведения","Microsoft-Windows-Winlogon","Подписчик уведомлений winlogon <SessionEnv> начал обработку события уведомления (2)."
"08.09.2026 22:09:37","2","Сведения","Microsoft-Windows-Winlogon","Проверка подлинности остановлена. Результат 0"
"08.09.2026 22:09:37","1","Сведения","Microsoft-Windows-Winlogon","Аутентификация начата."
"08.09.2026 22:09:29","812","Сведения","Microsoft-Windows-Winlogon","Подписчик уведомлений winlogon <TermSrv> закончил обработку события уведомления (0)."
"08.09.2026 22:09:29","811","Сведения","Microsoft-Windows-Winlogon","Подписчик уведомлений winlogon <TermSrv> начал обработку события уведомления (0)."
"08.09.2026 22:09:29","812","Сведения","Microsoft-Windows-Winlogon","Подписчик уведомлений winlogon <GPClient> закончил обработку события уведомления (0)."
"08.09.2026 22:09:29","811","Сведения","Microsoft-Windows-Winlogon","Подписчик уведомлений winlogon <GPClient> начал обработку события уведомления (0)."
"08.09.2026 22:09:29","812","Сведения","Microsoft-Windows-Winlogon","Подписчик уведомлений winlogon <TermSrv> закончил обработку события уведомления (1)."
"08.09.2026 22:09:29","811","Сведения","Microsoft-Windows-Winlogon","Подписчик уведомлений winlogon <TermSrv> начал обработку события уведомления (1)."
"08.09.2026 22:09:29","812","Сведения","Microsoft-Windows-Winlogon","Подписчик уведомлений winlogon <Wlansvc> закончил обработку события уведомления (3)."
"08.09.2026 22:09:29","811","Сведения","Microsoft-Windows-Winlogon","Подписчик уведомлений winlogon <Wlansvc> начал обработку события уведомления (3)."
"08.09.2026 22:09:29","812","Сведения","Microsoft-Windows-Winlogon","Подписчик уведомлений winlogon <SessionEnv> закончил обработку события уведомления (3)."
"08.09.2026 22:09:29","811","Сведения","Microsoft-Windows-Winlogon","Подписчик уведомлений winlogon <SessionEnv> начал обработку события уведомления (3)."
"08.09.2026 22:09:29","812","Сведения","Microsoft-Windows-Winlogon","Подписчик уведомлений winlogon <Profiles> закончил обработку события уведомления (3)."
"08.09.2026 22:09:29","811","Сведения","Microsoft-Windows-Winlogon","Подписчик уведомлений winlogon <Profiles> начал обработку события уведомления (3)."
"08.09.2026 22:09:29","812","Сведения","Microsoft-Windows-Winlogon","Подписчик уведомлений winlogon <GPClient> закончил обработку события уведомления (3)."
"08.09.2026 22:09:29","811","Сведения","Microsoft-Windows-Winlogon","Подписчик уведомлений winlogon <GPClient> начал обработку события уведомления (3)."
"08.09.2026 22:09:29","812","Сведения","Microsoft-Windows-Winlogon","Подписчик уведомлений winlogon <TermSrv> закончил обработку события уведомления (3)."
"08.09.2026 22:09:29","811","Сведения","Microsoft-Windows-Winlogon","Подписчик уведомлений winlogon <TermSrv> начал обработку события уведомления (3)."
"08.09.2026 22:09:29","812","Сведения","Microsoft-Windows-Winlogon","Подписчик уведомлений winlogon <Sens> закончил обработку события уведомления (3)."
"08.09.2026 22:09:28","811","Сведения","Microsoft-Windows-Winlogon","Подписчик уведомлений winlogon <Sens> начал обработку события уведомления (3)."
"08.09.2026 22:09:28","812","Сведения","Microsoft-Windows-Winlogon","Подписчик уведомлений winlogon <TermSrv> закончил обработку события уведомления (13)."
"08.09.2026 22:09:28","811","Сведения","Microsoft-Windows-Winlogon","Подписчик уведомлений winlogon <TermSrv> начал обработку события уведомления (13)."
"08.09.2026 22:09:28","812","Сведения","Microsoft-Windows-Winlogon","Подписчик уведомлений winlogon <GPClient> закончил обработку события уведомления (13)."
"08.09.2026 22:09:28","811","Сведения","Microsoft-Windows-Winlogon","Подписчик уведомлений winlogon <GPClient> начал обработку события уведомления (13)."
"08.09.2026 22:07:03","812","Сведения","Microsoft-Windows-Winlogon","Подписчик уведомлений winlogon <TermSrv> закончил обработку события уведомления (12)."
"08.09.2026 22:07:03","811","Сведения","Microsoft-Windows-Winlogon","Подписчик уведомлений winlogon <TermSrv> начал обработку события уведомления (12)."
"08.09.2026 22:07:03","812","Сведения","Microsoft-Windows-Winlogon","Подписчик уведомлений winlogon <Sens> закончил обработку события уведомления (12)."
"08.09.2026 22:07:03","811","Сведения","Microsoft-Windows-Winlogon","Подписчик уведомлений winlogon <Sens> начал обработку события уведомления (12)."
"08.09.2026 22:07:03","812","Сведения","Microsoft-Windows-Winlogon","Подписчик уведомлений winlogon <GPClient> закончил обработку события уведомления (12)."
"08.09.2026 22:07:03","811","Сведения","Microsoft-Windows-Winlogon","Подписчик уведомлений winlogon <GPClient> начал обработку события уведомления (12)."
"08.09.2026 22:07:03","812","Сведения","Microsoft-Windows-Winlogon","Подписчик уведомлений winlogon <SessionEnv> закончил обработку события уведомления (12)."
"08.09.2026 22:07:03","811","Сведения","Microsoft-Windows-Winlogon","Подписчик уведомлений winlogon <SessionEnv> начал обработку события уведомления (12)."
"08.09.2026 22:07:03","812","Сведения","Microsoft-Windows-Winlogon","Подписчик уведомлений winlogon <Sens> закончил обработку события уведомления (2)."
"08.09.2026 22:07:03","811","Сведения","Microsoft-Windows-Winlogon","Подписчик уведомлений winlogon <Sens> начал обработку события уведомления (2)."
"08.09.2026 22:07:03","812","Сведения","Microsoft-Windows-Winlogon","Подписчик уведомлений winlogon <TermSrv> закончил обработку события уведомления (2)."
"08.09.2026 22:07:03","811","Сведения","Microsoft-Windows-Winlogon","Подписчик уведомлений winlogon <TermSrv> начал обработку события уведомления (2)."
"08.09.2026 22:07:03","812","Сведения","Microsoft-Windows-Winlogon","Подписчик уведомлений winlogon <GPClient> закончил обработку события уведомления (2)."
"08.09.2026 22:07:03","811","Сведения","Microsoft-Windows-Winlogon","Подписчик уведомлений winlogon <GPClient> начал обработку события уведомления (2)."
"08.09.2026 22:07:03","812","Сведения","Microsoft-Windows-Winlogon","Подписчик уведомлений winlogon <Profiles> закончил обработку события уведомления (2)."
"08.09.2026 22:07:03","811","Сведения","Microsoft-Windows-Winlogon","Подписчик уведомлений winlogon <Profiles> начал обработку события уведомления (2)."
"08.09.2026 22:07:03","812","Сведения","Microsoft-Windows-Winlogon","Подписчик уведомлений winlogon <SessionEnv> закончил обработку события уведомления (2)."
"08.09.2026 22:07:03","811","Сведения","Microsoft-Windows-Winlogon","Подписчик уведомлений winlogon <SessionEnv> начал обработку события уведомления (2)."
"08.09.2026 22:07:03","2","Сведения","Microsoft-Windows-Winlogon","Проверка подлинности остановлена. Результат 0"
"08.09.2026 22:07:03","1","Сведения","Microsoft-Windows-Winlogon","Аутентификация начата."
"08.09.2026 22:06:02","2","Сведения","Microsoft-Windows-Winlogon","Проверка подлинности остановлена. Результат 1326"
"08.09.2026 22:06:02","1","Сведения","Microsoft-Windows-Winlogon","Аутентификация начата."
"08.09.2026 22:05:49","812","Сведения","Microsoft-Windows-Winlogon","Подписчик уведомлений winlogon <TermSrv> закончил обработку события уведомления (0)."
"08.09.2026 22:05:49","811","Сведения","Microsoft-Windows-Winlogon","Подписчик уведомлений winlogon <TermSrv> начал обработку события уведомления (0)."
"08.09.2026 22:05:49","812","Сведения","Microsoft-Windows-Winlogon","Подписчик уведомлений winlogon <GPClient> закончил обработку события уведомления (0)."
"08.09.2026 22:05:49","811","Сведения","Microsoft-Windows-Winlogon","Подписчик уведомлений winlogon <GPClient> начал обработку события уведомления (0)."
"08.09.2026 22:05:49","812","Сведения","Microsoft-Windows-Winlogon","Подписчик уведомлений winlogon <TermSrv> закончил обработку события уведомления (1)."
"08.09.2026 22:05:49","811","Сведения","Microsoft-Windows-Winlogon","Подписчик уведомлений winlogon <TermSrv> начал обработку события уведомления (1)."
"08.09.2026 22:05:49","812","Сведения","Microsoft-Windows-Winlogon","Подписчик уведомлений winlogon <Wlansvc> закончил обработку события уведомления (3)."
"08.09.2026 22:05:49","811","Сведения","Microsoft-Windows-Winlogon","Подписчик уведомлений winlogon <Wlansvc> начал обработку события уведомления (3)."
"08.09.2026 22:05:49","812","Сведения","Microsoft-Windows-Winlogon","Подписчик уведомлений winlogon <SessionEnv> закончил обработку события уведомления (3)."
"08.09.2026 22:05:49","811","Сведения","Microsoft-Windows-Winlogon","Подписчик уведомлений winlogon <SessionEnv> начал обработку события уведомления (3)."
"08.09.2026 22:05:49","812","Сведения","Microsoft-Windows-Winlogon","Подписчик уведомлений winlogon <Profiles> закончил обработку события уведомления (3)."
"08.09.2026 22:05:49","811","Сведения","Microsoft-Windows-Winlogon","Подписчик уведомлений winlogon <Profiles> начал обработку события уведомления (3)."
"08.09.2026 22:05:49","812","Сведения","Microsoft-Windows-Winlogon","Подписчик уведомлений winlogon <GPClient> закончил обработку события уведомления (3)."
"08.09.2026 22:05:49","811","Сведения","Microsoft-Windows-Winlogon","Подписчик уведомлений winlogon <GPClient> начал обработку события уведомления (3)."
"08.09.2026 22:05:49","812","Сведения","Microsoft-Windows-Winlogon","Подписчик уведомлений winlogon <TermSrv> закончил обработку события уведомления (3)."
"08.09.2026 22:05:49","811","Сведения","Microsoft-Windows-Winlogon","Подписчик уведомлений winlogon <TermSrv> начал обработку события уведомления (3)."
"08.09.2026 22:05:49","812","Сведения","Microsoft-Windows-Winlogon","Подписчик уведомлений winlogon <Sens> закончил обработку события уведомления (3)."
"08.09.2026 22:05:49","811","Сведения","Microsoft-Windows-Winlogon","Подписчик уведомлений winlogon <Sens> начал обработку события уведомления (3)."
"08.09.2026 22:05:49","812","Сведения","Microsoft-Windows-Winlogon","Подписчик уведомлений winlogon <TermSrv> закончил обработку события уведомления (13)."
"08.09.2026 22:05:49","811","Сведения","Microsoft-Windows-Winlogon","Подписчик уведомлений winlogon <TermSrv> начал обработку события уведомления (13)."
"08.09.2026 22:05:49","812","Сведения","Microsoft-Windows-Winlogon","Подписчик уведомлений winlogon <GPClient> закончил обработку события уведомления (13)."
"08.09.2026 22:05:49","811","Сведения","Microsoft-Windows-Winlogon","Подписчик уведомлений winlogon <GPClient> начал обработку события уведомления (13)."
"08.09.2026 22:05:49","812","Сведения","Microsoft-Windows-Winlogon","Подписчик уведомлений winlogon <GPClient> закончил обработку события уведомления (13)."
"08.09.2026 22:05:49","811","Сведения","Microsoft-Windows-Winlogon","Подписчик уведомлений winlogon <GPClient> начал обработку события уведомления (13)."
"08.09.2026 21:58:20","812","Сведения","Microsoft-Windows-Winlogon","Подписчик уведомлений winlogon <TermSrv> закончил обработку события уведомления (12)."
"08.09.2026 21:58:20","811","Сведения","Microsoft-Windows-Winlogon","Подписчик уведомлений winlogon <TermSrv> начал обработку события уведомления (12)."
"08.09.2026 21:58:20","812","Сведения","Microsoft-Windows-Winlogon","Подписчик уведомлений winlogon <Sens> закончил обработку события уведомления (12)."
"08.09.2026 21:58:20","811","Сведения","Microsoft-Windows-Winlogon","Подписчик уведомлений winlogon <Sens> начал обработку события уведомления (12)."
"08.09.2026 21:58:20","812","Сведения","Microsoft-Windows-Winlogon","Подписчик уведомлений winlogon <GPClient> закончил обработку события уведомления (12)."
"08.09.2026 21:58:20","811","Сведения","Microsoft-Windows-Winlogon","Подписчик уведомлений winlogon <GPClient> начал обработку события уведомления (12)."
"08.09.2026 21:58:20","812","Сведения","Microsoft-Windows-Winlogon","Подписчик уведомлений winlogon <SessionEnv> закончил обработку события уведомления (12)."
"08.09.2026 21:58:20","811","Сведения","Microsoft-Windows-Winlogon","Подписчик уведомлений winlogon <SessionEnv> начал обработку события уведомления (12)."
"08.09.2026 21:58:20","812","Сведения","Microsoft-Windows-Winlogon","Подписчик уведомлений winlogon <Sens> закончил обработку события уведомления (2)."
"08.09.2026 21:58:20","811","Сведения","Microsoft-Windows-Winlogon","Подписчик уведомлений winlogon <Sens> начал обработку события уведомления (2)."
"08.09.2026 21:58:20","812","Сведения","Microsoft-Windows-Winlogon","Подписчик уведомлений winlogon <TermSrv> закончил обработку события уведомления (2)."
"08.09.2026 21:58:20","811","Сведения","Microsoft-Windows-Winlogon","Подписчик уведомлений winlogon <TermSrv> начал обработку события уведомления (2)."
"08.09.2026 21:58:20","812","Сведения","Microsoft-Windows-Winlogon","Подписчик уведомлений winlogon <GPClient> закончил обработку события уведомления (2)."
"08.09.2026 21:58:20","811","Сведения","Microsoft-Windows-Winlogon","Подписчик уведомлений winlogon <GPClient> начал обработку события уведомления (2)."
"08.09.2026 21:58:20","812","Сведения","Microsoft-Windows-Winlogon","Подписчик уведомлений winlogon <Profiles> закончил обработку события уведомления (2)."
"08.09.2026 21:53:26","811","Сведения","Microsoft-Windows-Winlogon","Подписчик уведомлений winlogon <Profiles> начал обработку события уведомления (2)."
"08.09.2026 21:53:26","812","Сведения","Microsoft-Windows-Winlogon","Подписчик уведомлений winlogon <SessionEnv> закончил обработку события уведомления (2)."
"08.09.2026 21:53:26","811","Сведения","Microsoft-Windows-Winlogon","Подписчик уведомлений winlogon <SessionEnv> начал обработку события уведомления (2)."
"08.09.2026 21:53:26","2","Сведения","Microsoft-Windows-Winlogon","Проверка подлинности остановлена. Результат 0"
"08.09.2026 21:53:26","1","Сведения","Microsoft-Windows-Winlogon","Аутентификация начата."
"08.09.2026 21:53:20","812","Сведения","Microsoft-Windows-Winlogon","Подписчик уведомлений winlogon <TermSrv> закончил обработку события уведомления (0)."
"08.09.2026 21:53:20","811","Сведения","Microsoft-Windows-Winlogon","Подписчик уведомлений winlogon <TermSrv> начал обработку события уведомления (0)."
"08.09.2026 21:53:20","812","Сведения","Microsoft-Windows-Winlogon","Подписчик уведомлений winlogon <GPClient> закончил обработку события уведомления (0)."
"08.09.2026 21:53:20","811","Сведения","Microsoft-Windows-Winlogon","Подписчик уведомлений winlogon <GPClient> начал обработку события уведомления (0)."
"08.09.2026 21:52:28","812","Сведения","Microsoft-Windows-Winlogon","Подписчик уведомлений winlogon <TermSrv> закончил обработку события уведомления (1)."
"08.09.2026 21:52:28","811","Сведения","Microsoft-Windows-Winlogon","Подписчик уведомлений winlogon <TermSrv> начал обработку события уведомления (1)."
"08.09.2026 21:52:28","812","Сведения","Microsoft-Windows-Winlogon","Подписчик уведомлений winlogon <Wlansvc> закончил обработку события уведомления (3)."
"08.09.2026 21:52:28","811","Сведения","Microsoft-Windows-Winlogon","Подписчик уведомлений winlogon <Wlansvc> начал обработку события уведомления (3)."
"08.09.2026 21:52:28","812","Сведения","Microsoft-Windows-Winlogon","Подписчик уведомлений winlogon <SessionEnv> закончил обработку события уведомления (3)."
"08.09.2026 21:52:28","811","Сведения","Microsoft-Windows-Winlogon","Подписчик уведомлений winlogon <SessionEnv> начал обработку события уведомления (3)."
"08.09.2026 21:52:28","812","Сведения","Microsoft-Windows-Winlogon","Подписчик уведомлений winlogon <Profiles> закончил обработку события уведомления (3)."
"08.09.2026 21:52:28","811","Сведения","Microsoft-Windows-Winlogon","Подписчик уведомлений winlogon <Profiles> начал обработку события уведомления (3)."
"08.09.2026 21:52:28","812","Сведения","Microsoft-Windows-Winlogon","Подписчик уведомлений winlogon <GPClient> закончил обработку события уведомления (3)."
"08.09.2026 21:52:28","811","Сведения","Microsoft-Windows-Winlogon","Подписчик уведомлений winlogon <GPClient> начал обработку события уведомления (3)."
"08.09.2026 21:52:28","812","Сведения","Microsoft-Windows-Winlogon","Подписчик уведомлений winlogon <TermSrv> закончил обработку события уведомления (3)."
"08.09.2026 21:52:28","811","Сведения","Microsoft-Windows-Winlogon","Подписчик уведомлений winlogon <TermSrv> начал обработку события уведомления (3)."
"08.09.2026 21:52:28","812","Сведения","Microsoft-Windows-Winlogon","Подписчик уведомлений winlogon <Sens> закончил обработку события уведомления (3)."
"08.09.2026 21:52:28","811","Сведения","Microsoft-Windows-Winlogon","Подписчик уведомлений winlogon <Sens> начал обработку события уведомления (3)."
"08.09.2026 21:52:28","812","Сведения","Microsoft-Windows-Winlogon","Подписчик уведомлений winlogon <TermSrv> закончил обработку события уведомления (13)."
"08.09.2026 21:52:28","811","Сведения","Microsoft-Windows-Winlogon","Подписчик уведомлений winlogon <TermSrv> начал обработку события уведомления (13)."
"08.09.2026 21:52:28","812","Сведения","Microsoft-Windows-Winlogon","Подписчик уведомлений winlogon <GPClient> закончил обработку события уведомления (13)."
"08.09.2026 21:52:28","811","Сведения","Microsoft-Windows-Winlogon","Подписчик уведомлений winlogon <GPClient> начал обработку события уведомления (13)."
"08.09.2026 21:52:28","812","Сведения","Microsoft-Windows-Winlogon","Подписчик уведомлений winlogon <GPClient> закончил обработку события уведомления (13)."
"08.09.2026 21:52:28","811","Сведения","Microsoft-Windows-Winlogon","Подписчик уведомлений winlogon <GPClient> начал обработку события уведомления (13)."
"08.09.2026 21:28:19","812","Сведения","Microsoft-Windows-Winlogon","Подписчик уведомлений winlogon <TermSrv> закончил обработку события уведомления (12)."
"08.09.2026 21:28:19","811","Сведения","Microsoft-Windows-Winlogon","Подписчик уведомлений winlogon <TermSrv> начал обработку события уведомления (12)."
"08.09.2026 21:28:19","812","Сведения","Microsoft-Windows-Winlogon","Подписчик уведомлений winlogon <Sens> закончил обработку события уведомления (12)."
"08.09.2026 21:28:19","811","Сведения","Microsoft-Windows-Winlogon","Подписчик уведомлений winlogon <Sens> начал обработку события уведомления (12)."
"08.09.2026 21:28:19","812","Сведения","Microsoft-Windows-Winlogon","Подписчик уведомлений winlogon <GPClient> закончил обработку события уведомления (12)."
"08.09.2026 21:28:19","811","Сведения","Microsoft-Windows-Winlogon","Подписчик уведомлений winlogon <GPClient> начал обработку события уведомления (12)."
"08.09.2026 21:28:19","812","Сведения","Microsoft-Windows-Winlogon","Подписчик уведомлений winlogon <SessionEnv> закончил обработку события уведомления (12)."
"08.09.2026 21:28:19","811","Сведения","Microsoft-Windows-Winlogon","Подписчик уведомлений winlogon <SessionEnv> начал обработку события уведомления (12)."
"08.09.2026 21:28:19","812","Сведения","Microsoft-Windows-Winlogon","Подписчик уведомлений winlogon <Sens> закончил обработку события уведомления (2)."
"08.09.2026 21:28:19","811","Сведения","Microsoft-Windows-Winlogon","Подписчик уведомлений winlogon <Sens> начал обработку события уведомления (2)."
"08.09.2026 21:28:19","812","Сведения","Microsoft-Windows-Winlogon","Подписчик уведомлений winlogon <TermSrv> закончил обработку события уведомления (2)."
"08.09.2026 21:28:19","811","Сведения","Microsoft-Windows-Winlogon","Подписчик уведомлений winlogon <TermSrv> начал обработку события уведомления (2)."
"08.09.2026 21:28:19","812","Сведения","Microsoft-Windows-Winlogon","Подписчик уведомлений winlogon <GPClient> закончил обработку события уведомления (2)."
"08.09.2026 21:28:19","811","Сведения","Microsoft-Windows-Winlogon","Подписчик уведомлений winlogon <GPClient> начал обработку события уведомления (2)."
"08.09.2026 21:28:19","812","Сведения","Microsoft-Windows-Winlogon","Подписчик уведомлений winlogon <Profiles> закончил обработку события уведомления (2)."
"08.09.2026 21:23:09","811","Сведения","Microsoft-Windows-Winlogon","Подписчик уведомлений winlogon <Profiles> начал обработку события уведомления (2)."
"08.09.2026 21:23:09","812","Сведения","Microsoft-Windows-Winlogon","Подписчик уведомлений winlogon <SessionEnv> закончил обработку события уведомления (2)."
"08.09.2026 21:23:09","811","Сведения","Microsoft-Windows-Winlogon","Подписчик уведомлений winlogon <SessionEnv> начал обработку события уведомления (2)."
"08.09.2026 21:23:09","2","Сведения","Microsoft-Windows-Winlogon","Проверка подлинности остановлена. Результат 0"
"08.09.2026 21:23:09","1","Сведения","Microsoft-Windows-Winlogon","Аутентификация начата."
"08.09.2026 21:23:01","812","Сведения","Microsoft-Windows-Winlogon","Подписчик уведомлений winlogon <TermSrv> закончил обработку события уведомления (0)."
"08.09.2026 21:23:01","811","Сведения","Microsoft-Windows-Winlogon","Подписчик уведомлений winlogon <TermSrv> начал обработку события уведомления (0)."
"08.09.2026 21:23:01","812","Сведения","Microsoft-Windows-Winlogon","Подписчик уведомлений winlogon <GPClient> закончил обработку события уведомления (0)."
"08.09.2026 21:23:01","811","Сведения","Microsoft-Windows-Winlogon","Подписчик уведомлений winlogon <GPClient> начал обработку события уведомления (0)."
"08.09.2026 19:30:58","812","Сведения","Microsoft-Windows-Winlogon","Подписчик уведомлений winlogon <TermSrv> закончил обработку события уведомления (12)."
"08.09.2026 19:30:58","811","Сведения","Microsoft-Windows-Winlogon","Подписчик уведомлений winlogon <TermSrv> начал обработку события уведомления (12)."
"08.09.2026 19:30:58","812","Сведения","Microsoft-Windows-Winlogon","Подписчик уведомлений winlogon <Sens> закончил обработку события уведомления (12)."
"08.09.2026 19:30:58","811","Сведения","Microsoft-Windows-Winlogon","Подписчик уведомлений winlogon <Sens> начал обработку события уведомления (12)."
"08.09.2026 19:30:58","812","Сведения","Microsoft-Windows-Winlogon","Подписчик уведомлений winlogon <GPClient> закончил обработку события уведомления (12)."
"08.09.2026 19:30:58","811","Сведения","Microsoft-Windows-Winlogon","Подписчик уведомлений winlogon <GPClient> начал обработку события уведомления (12)."
"08.09.2026 19:30:57","812","Сведения","Microsoft-Windows-Winlogon","Подписчик уведомлений winlogon <SessionEnv> закончил обработку события уведомления (12)."
"08.09.2026 19:30:57","811","Сведения","Microsoft-Windows-Winlogon","Подписчик уведомлений winlogon <SessionEnv> начал обработку события уведомления (12)."
"08.09.2026 19:30:57","812","Сведения","Microsoft-Windows-Winlogon","Подписчик уведомлений winlogon <Sens> закончил обработку события уведомления (2)."
"08.09.2026 19:30:57","811","Сведения","Microsoft-Windows-Winlogon","Подписчик уведомлений winlogon <Sens> начал обработку события уведомления (2)."
"08.09.2026 19:30:57","812","Сведения","Microsoft-Windows-Winlogon","Подписчик уведомлений winlogon <TermSrv> закончил обработку события уведомления (2)."
"08.09.2026 19:30:57","811","Сведения","Microsoft-Windows-Winlogon","Подписчик уведомлений winlogon <TermSrv> начал обработку события уведомления (2)."
"08.09.2026 19:30:57","812","Сведения","Microsoft-Windows-Winlogon","Подписчик уведомлений winlogon <GPClient> закончил обработку события уведомления (2)."
"08.09.2026 19:30:57","811","Сведения","Microsoft-Windows-Winlogon","Подписчик уведомлений winlogon <GPClient> начал обработку события уведомления (2)."
"08.09.2026 19:30:57","812","Сведения","Microsoft-Windows-Winlogon","Подписчик уведомлений winlogon <Profiles> закончил обработку события уведомления (2)."
"08.09.2026 19:25:59","811","Сведения","Microsoft-Windows-Winlogon","Подписчик уведомлений winlogon <Profiles> начал обработку события уведомления (2)."
"08.09.2026 19:25:59","812","Сведения","Microsoft-Windows-Winlogon","Подписчик уведомлений winlogon <SessionEnv> закончил обработку события уведомления (2)."
"08.09.2026 19:25:59","811","Сведения","Microsoft-Windows-Winlogon","Подписчик уведомлений winlogon <SessionEnv> начал обработку события уведомления (2)."
"08.09.2026 19:25:59","2","Сведения","Microsoft-Windows-Winlogon","Проверка подлинности остановлена. Результат 0"
"08.09.2026 19:25:58","1","Сведения","Microsoft-Windows-Winlogon","Аутентификация начата."
"08.09.2026 19:25:52","812","Сведения","Microsoft-Windows-Winlogon","Подписчик уведомлений winlogon <TermSrv> закончил обработку события уведомления (0)."
"08.09.2026 19:25:52","811","Сведения","Microsoft-Windows-Winlogon","Подписчик уведомлений winlogon <TermSrv> начал обработку события уведомления (0)."
"08.09.2026 19:25:52","812","Сведения","Microsoft-Windows-Winlogon","Подписчик уведомлений winlogon <GPClient> закончил обработку события уведомления (0)."
"08.09.2026 19:25:52","811","Сведения","Microsoft-Windows-Winlogon","Подписчик уведомлений winlogon <GPClient> начал обработку события уведомления (0)."
"08.09.2026 19:23:34","812","Сведения","Microsoft-Windows-Winlogon","Подписчик уведомлений winlogon <TermSrv> закончил обработку события уведомления (1)."
"08.09.2026 19:23:34","811","Сведения","Microsoft-Windows-Winlogon","Подписчик уведомлений winlogon <TermSrv> начал обработку события уведомления (1)."
"08.09.2026 19:23:34","812","Сведения","Microsoft-Windows-Winlogon","Подписчик уведомлений winlogon <Wlansvc> закончил обработку события уведомления (3)."
"08.09.2026 19:23:34","811","Сведения","Microsoft-Windows-Winlogon","Подписчик уведомлений winlogon <Wlansvc> начал обработку события уведомления (3)."
"08.09.2026 19:23:34","812","Сведения","Microsoft-Windows-Winlogon","Подписчик уведомлений winlogon <SessionEnv> закончил обработку события уведомления (3)."
"08.09.2026 19:23:34","811","Сведения","Microsoft-Windows-Winlogon","Подписчик уведомлений winlogon <SessionEnv> начал обработку события уведомления (3)."
"08.09.2026 19:23:34","812","Сведения","Microsoft-Windows-Winlogon","Подписчик уведомлений winlogon <Profiles> закончил обработку события уведомления (3)."
"08.09.2026 19:23:34","811","Сведения","Microsoft-Windows-Winlogon","Подписчик уведомлений winlogon <Profiles> начал обработку события уведомления (3)."
"08.09.2026 19:23:34","812","Сведения","Microsoft-Windows-Winlogon","Подписчик уведомлений winlogon <GPClient> закончил обработку события уведомления (3)."
"08.09.2026 19:23:34","811","Сведения","Microsoft-Windows-Winlogon","Подписчик уведомлений winlogon <GPClient> начал обработку события уведомления (3)."
"08.09.2026 19:23:34","812","Сведения","Microsoft-Windows-Winlogon","Подписчик уведомлений winlogon <TermSrv> закончил обработку события уведомления (3)."
"08.09.2026 19:23:34","811","Сведения","Microsoft-Windows-Winlogon","Подписчик уведомлений winlogon <TermSrv> начал обработку события уведомления (3)."
"08.09.2026 19:23:34","812","Сведения","Microsoft-Windows-Winlogon","Подписчик уведомлений winlogon <Sens> закончил обработку события уведомления (3)."
"08.09.2026 19:23:34","811","Сведения","Microsoft-Windows-Winlogon","Подписчик уведомлений winlogon <Sens> начал обработку события уведомления (3)."
"08.09.2026 19:23:34","812","Сведения","Microsoft-Windows-Winlogon","Подписчик уведомлений winlogon <TermSrv> закончил обработку события уведомления (13)."
"08.09.2026 19:23:34","811","Сведения","Microsoft-Windows-Winlogon","Подписчик уведомлений winlogon <TermSrv> начал обработку события уведомления (13)."
"08.09.2026 19:23:34","812","Сведения","Microsoft-Windows-Winlogon","Подписчик уведомлений winlogon <GPClient> закончил обработку события уведомления (13)."
"08.09.2026 19:23:34","811","Сведения","Microsoft-Windows-Winlogon","Подписчик уведомлений winlogon <GPClient> начал обработку события уведомления (13)."
"08.09.2026 19:23:34","812","Сведения","Microsoft-Windows-Winlogon","Подписчик уведомлений winlogon <GPClient> закончил обработку события уведомления (13)."
"08.09.2026 19:23:34","811","Сведения","Microsoft-Windows-Winlogon","Подписчик уведомлений winlogon <GPClient> начал обработку события уведомления (13)."
"08.09.2026 13:58:06","812","Сведения","Microsoft-Windows-Winlogon","Подписчик уведомлений winlogon <TermSrv> закончил обработку события уведомления (12)."
"08.09.2026 13:58:06","811","Сведения","Microsoft-Windows-Winlogon","Подписчик уведомлений winlogon <TermSrv> начал обработку события уведомления (12)."
"08.09.2026 13:58:06","812","Сведения","Microsoft-Windows-Winlogon","Подписчик уведомлений winlogon <Sens> закончил обработку события уведомления (12)."
"08.09.2026 13:58:06","811","Сведения","Microsoft-Windows-Winlogon","Подписчик уведомлений winlogon <Sens> начал обработку события уведомления (12)."
"08.09.2026 13:58:06","812","Сведения","Microsoft-Windows-Winlogon","Подписчик уведомлений winlogon <GPClient> закончил обработку события уведомления (12)."
"08.09.2026 13:58:06","811","Сведения","Microsoft-Windows-Winlogon","Подписчик уведомлений winlogon <GPClient> начал обработку события уведомления (12)."
"08.09.2026 13:58:06","812","Сведения","Microsoft-Windows-Winlogon","Подписчик уведомлений winlogon <SessionEnv> закончил обработку события уведомления (12)."
"08.09.2026 13:58:06","811","Сведения","Microsoft-Windows-Winlogon","Подписчик уведомлений winlogon <SessionEnv> начал обработку события уведомления (12)."
"08.09.2026 13:58:06","812","Сведения","Microsoft-Windows-Winlogon","Подписчик уведомлений winlogon <Sens> закончил обработку события уведомления (2)."
"08.09.2026 13:58:06","811","Сведения","Microsoft-Windows-Winlogon","Подписчик уведомлений winlogon <Sens> начал обработку события уведомления (2)."
"08.09.2026 13:58:06","812","Сведения","Microsoft-Windows-Winlogon","Подписчик уведомлений winlogon <TermSrv> закончил обработку события уведомления (2)."
"08.09.2026 13:58:06","811","Сведения","Microsoft-Windows-Winlogon","Подписчик уведомлений winlogon <TermSrv> начал обработку события уведомления (2)."
"08.09.2026 13:58:06","812","Сведения","Microsoft-Windows-Winlogon","Подписчик уведомлений winlogon <GPClient> закончил обработку события уведомления (2)."
"08.09.2026 13:58:06","811","Сведения","Microsoft-Windows-Winlogon","Подписчик уведомлений winlogon <GPClient> начал обработку события уведомления (2)."
"08.09.2026 13:58:06","812","Сведения","Microsoft-Windows-Winlogon","Подписчик уведомлений winlogon <Profiles> закончил обработку события уведомления (2)."
"08.09.2026 13:53:06","811","Сведения","Microsoft-Windows-Winlogon","Подписчик уведомлений winlogon <Profiles> начал обработку события уведомления (2)."
"08.09.2026 13:53:06","812","Сведения","Microsoft-Windows-Winlogon","Подписчик уведомлений winlogon <SessionEnv> закончил обработку события уведомления (2)."
"08.09.2026 13:53:06","811","Сведения","Microsoft-Windows-Winlogon","Подписчик уведомлений winlogon <SessionEnv> начал обработку события уведомления (2)."
"08.09.2026 13:53:06","2","Сведения","Microsoft-Windows-Winlogon","Проверка подлинности остановлена. Результат 0"
"08.09.2026 13:53:06","1","Сведения","Microsoft-Windows-Winlogon","Аутентификация начата."
"08.09.2026 13:52:58","812","Сведения","Microsoft-Windows-Winlogon","Подписчик уведомлений winlogon <TermSrv> закончил обработку события уведомления (0)."
"08.09.2026 13:52:58","811","Сведения","Microsoft-Windows-Winlogon","Подписчик уведомлений winlogon <TermSrv> начал обработку события уведомления (0)."
"08.09.2026 13:52:58","812","Сведения","Microsoft-Windows-Winlogon","Подписчик уведомлений winlogon <GPClient> закончил обработку события уведомления (0)."
"08.09.2026 13:52:58","811","Сведения","Microsoft-Windows-Winlogon","Подписчик уведомлений winlogon <GPClient> начал обработку события уведомления (0)."
"08.09.2026 13:49:27","811","Сведения","Microsoft-Windows-Winlogon","Подписчик уведомлений winlogon <Profiles> начал обработку события уведомления (2)."
"08.09.2026 13:49:27","812","Сведения","Microsoft-Windows-Winlogon","Подписчик уведомлений winlogon <SessionEnv> закончил обработку события уведомления (2)."
"08.09.2026 13:49:27","811","Сведения","Microsoft-Windows-Winlogon","Подписчик уведомлений winlogon <SessionEnv> начал обработку события уведомления (2)."
"08.09.2026 13:49:27","2","Сведения","Microsoft-Windows-Winlogon","Проверка подлинности остановлена. Результат 0"
"08.09.2026 13:49:27","1","Сведения","Microsoft-Windows-Winlogon","Аутентификация начата."
"08.09.2026 13:49:24","812","Сведения","Microsoft-Windows-Winlogon","Подписчик уведомлений winlogon <TermSrv> закончил обработку события уведомления (0)."
"08.09.2026 13:49:24","811","Сведения","Microsoft-Windows-Winlogon","Подписчик уведомлений winlogon <TermSrv> начал обработку события уведомления (0)."
"08.09.2026 13:49:24","812","Сведения","Microsoft-Windows-Winlogon","Подписчик уведомлений winlogon <GPClient> закончил обработку события уведомления (0)."
"08.09.2026 13:49:24","811","Сведения","Microsoft-Windows-Winlogon","Подписчик уведомлений winlogon <GPClient> начал обработку события уведомления (0)."
"08.09.2026 13:48:22","812","Сведения","Microsoft-Windows-Winlogon","Подписчик уведомлений winlogon <TermSrv> закончил обработку события уведомления (1)."
"08.09.2026 13:48:22","811","Сведения","Microsoft-Windows-Winlogon","Подписчик уведомлений winlogon <TermSrv> начал обработку события уведомления (1)."
"08.09.2026 13:48:21","812","Сведения","Microsoft-Windows-Winlogon","Подписчик уведомлений winlogon <Wlansvc> закончил обработку события уведомления (3)."
"08.09.2026 13:48:21","811","Сведения","Microsoft-Windows-Winlogon","Подписчик уведомлений winlogon <Wlansvc> начал обработку события уведомления (3)."
"08.09.2026 13:48:21","812","Сведения","Microsoft-Windows-Winlogon","Подписчик уведомлений winlogon <SessionEnv> закончил обработку события уведомления (3)."
"08.09.2026 13:48:21","811","Сведения","Microsoft-Windows-Winlogon","Подписчик уведомлений winlogon <SessionEnv> начал обработку события уведомления (3)."
"08.09.2026 13:48:21","812","Сведения","Microsoft-Windows-Winlogon","Подписчик уведомлений winlogon <Profiles> закончил обработку события уведомления (3)."
"08.09.2026 13:48:21","811","Сведения","Microsoft-Windows-Winlogon","Подписчик уведомлений winlogon <Profiles> начал обработку события уведомления (3)."
"08.09.2026 13:48:21","812","Сведения","Microsoft-Windows-Winlogon","Подписчик уведомлений winlogon <GPClient> закончил обработку события уведомления (3)."
"08.09.2026 13:48:21","811","Сведения","Microsoft-Windows-Winlogon","Подписчик уведомлений winlogon <GPClient> начал обработку события уведомления (3)."
"08.09.2026 13:48:21","812","Сведения","Microsoft-Windows-Winlogon","Подписчик уведомлений winlogon <TermSrv> закончил обработку события уведомления (3)."
"08.09.2026 13:48:21","811","Сведения","Microsoft-Windows-Winlogon","Подписчик уведомлений winlogon <TermSrv> начал обработку события уведомления (3)."
"08.09.2026 13:48:21","812","Сведения","Microsoft-Windows-Winlogon","Подписчик уведомлений winlogon <Sens> закончил обработку события уведомления (3)."
"08.09.2026 13:48:21","811","Сведения","Microsoft-Windows-Winlogon","Подписчик уведомлений winlogon <Sens> начал обработку события уведомления (3)."
"08.09.2026 13:48:21","812","Сведения","Microsoft-Windows-Winlogon","Подписчик уведомлений winlogon <TermSrv> закончил обработку события уведомления (13)."
"08.09.2026 13:48:21","811","Сведения","Microsoft-Windows-Winlogon","Подписчик уведомлений winlogon <TermSrv> начал обработку события уведомления (13)."
"08.09.2026 13:48:21","812","Сведения","Microsoft-Windows-Winlogon","Подписчик уведомлений winlogon <GPClient> закончил обработку события уведомления (13)."
"08.09.2026 13:48:21","811","Сведения","Microsoft-Windows-Winlogon","Подписчик уведомлений winlogon <GPClient> начал обработку события уведомления (13)."
"08.09.2026 13:48:21","812","Сведения","Microsoft-Windows-Winlogon","Подписчик уведомлений winlogon <GPClient> закончил обработку события уведомления (13)."
"08.09.2026 13:48:21","811","Сведения","Microsoft-Windows-Winlogon","Подписчик уведомлений winlogon <GPClient> начал обработку события уведомления (13)."
"04.09.2026 21:26:56","812","Сведения","Microsoft-Windows-Winlogon","Подписчик уведомлений winlogon <TermSrv> закончил обработку события уведомления (12)."
"04.09.2026 21:26:56","811","Сведения","Microsoft-Windows-Winlogon","Подписчик уведомлений winlogon <TermSrv> начал обработку события уведомления (12)."
"04.09.2026 21:26:56","812","Сведения","Microsoft-Windows-Winlogon","Подписчик уведомлений winlogon <Sens> закончил обработку события уведомления (12)."
"04.09.2026 21:26:56","811","Сведения","Microsoft-Windows-Winlogon","Подписчик уведомлений winlogon <Sens> начал обработку события уведомления (12)."
"04.09.2026 21:26:56","812","Сведения","Microsoft-Windows-Winlogon","Подписчик уведомлений winlogon <GPClient> закончил обработку события уведомления (12)."
"04.09.2026 21:26:56","811","Сведения","Microsoft-Windows-Winlogon","Подписчик уведомлений winlogon <GPClient> начал обработку события уведомления (12)."
"04.09.2026 21:26:56","812","Сведения","Microsoft-Windows-Winlogon","Подписчик уведомлений winlogon <SessionEnv> закончил обработку события уведомления (12)."
"04.09.2026 21:26:56","811","Сведения","Microsoft-Windows-Winlogon","Подписчик уведомлений winlogon <SessionEnv> начал обработку события уведомления (12)."
"04.09.2026 21:26:56","812","Сведения","Microsoft-Windows-Winlogon","Подписчик уведомлений winlogon <Sens> закончил обработку события уведомления (2)."
"04.09.2026 21:26:56","811","Сведения","Microsoft-Windows-Winlogon","Подписчик уведомлений winlogon <Sens> начал обработку события уведомления (2)."
"04.09.2026 21:26:56","812","Сведения","Microsoft-Windows-Winlogon","Подписчик уведомлений winlogon <TermSrv> закончил обработку события уведомления (2)."
"04.09.2026 21:26:55","811","Сведения","Microsoft-Windows-Winlogon","Подписчик уведомлений winlogon <TermSrv> начал обработку события уведомления (2)."
"04.09.2026 21:26:55","812","Сведения","Microsoft-Windows-Winlogon","Подписчик уведомлений winlogon <GPClient> закончил обработку события уведомления (2)."
"04.09.2026 21:26:55","811","Сведения","Microsoft-Windows-Winlogon","Подписчик уведомлений winlogon <GPClient> начал обработку события уведомления (2)."
"04.09.2026 21:26:55","812","Сведения","Microsoft-Windows-Winlogon","Подписчик уведомлений winlogon <Profiles> закончил обработку события уведомления (2)."
"04.09.2026 21:26:22","811","Сведения","Microsoft-Windows-Winlogon","Подписчик уведомлений winlogon <Profiles> начал обработку события уведомления (2)."
"04.09.2026 21:26:22","812","Сведения","Microsoft-Windows-Winlogon","Подписчик уведомлений winlogon <SessionEnv> закончил обработку события уведомления (2)."
"04.09.2026 21:26:22","811","Сведения","Microsoft-Windows-Winlogon","Подписчик уведомлений winlogon <SessionEnv> начал обработку события уведомления (2)."
"04.09.2026 21:26:22","2","Сведения","Microsoft-Windows-Winlogon","Проверка подлинности остановлена. Результат 0"
"04.09.2026 21:26:22","1","Сведения","Microsoft-Windows-Winlogon","Аутентификация начата."
"04.09.2026 21:26:12","812","Сведения","Microsoft-Windows-Winlogon","Подписчик уведомлений winlogon <TermSrv> закончил обработку события уведомления (0)."
"04.09.2026 21:26:12","811","Сведения","Microsoft-Windows-Winlogon","Подписчик уведомлений winlogon <TermSrv> начал обработку события уведомления (0)."
"04.09.2026 21:26:12","812","Сведения","Microsoft-Windows-Winlogon","Подписчик уведомлений winlogon <GPClient> закончил обработку события уведомления (0)."
"04.09.2026 21:26:12","811","Сведения","Microsoft-Windows-Winlogon","Подписчик уведомлений winlogon <GPClient> начал обработку события уведомления (0)."
"04.09.2026 14:14:36","812","Сведения","Microsoft-Windows-Winlogon","Подписчик уведомлений winlogon <TermSrv> закончил обработку события уведомления (1)."
"04.09.2026 14:14:36","811","Сведения","Microsoft-Windows-Winlogon","Подписчик уведомлений winlogon <TermSrv> начал обработку события уведомления (1)."
"04.09.2026 14:14:36","812","Сведения","Microsoft-Windows-Winlogon","Подписчик уведомлений winlogon <Wlansvc> закончил обработку события уведомления (3)."
"04.09.2026 14:14:36","811","Сведения","Microsoft-Windows-Winlogon","Подписчик уведомлений winlogon <Wlansvc> начал обработку события уведомления (3)."
"04.09.2026 14:14:36","812","Сведения","Microsoft-Windows-Winlogon","Подписчик уведомлений winlogon <SessionEnv> закончил обработку события уведомления (3)."
"04.09.2026 14:14:36","811","Сведения","Microsoft-Windows-Winlogon","Подписчик уведомлений winlogon <SessionEnv> начал обработку события уведомления (3)."
"04.09.2026 14:14:36","812","Сведения","Microsoft-Windows-Winlogon","Подписчик уведомлений winlogon <Profiles> закончил обработку события уведомления (3)."
"04.09.2026 14:14:36","811","Сведения","Microsoft-Windows-Winlogon","Подписчик уведомлений winlogon <Profiles> начал обработку события уведомления (3)."
"04.09.2026 14:14:36","812","Сведения","Microsoft-Windows-Winlogon","Подписчик уведомлений winlogon <GPClient> закончил обработку события уведомления (3)."
"04.09.2026 14:14:36","811","Сведения","Microsoft-Windows-Winlogon","Подписчик уведомлений winlogon <GPClient> начал обработку события уведомления (3)."
"04.09.2026 14:14:36","812","Сведения","Microsoft-Windows-Winlogon","Подписчик уведомлений winlogon <TermSrv> закончил обработку события уведомления (3)."
"04.09.2026 14:14:36","811","Сведения","Microsoft-Windows-Winlogon","Подписчик уведомлений winlogon <TermSrv> начал обработку события уведомления (3)."
"04.09.2026 14:14:36","812","Сведения","Microsoft-Windows-Winlogon","Подписчик уведомлений winlogon <Sens> закончил обработку события уведомления (3)."
"04.09.2026 14:14:36","811","Сведения","Microsoft-Windows-Winlogon","Подписчик уведомлений winlogon <Sens> начал обработку события уведомления (3)."
"04.09.2026 14:14:36","812","Сведения","Microsoft-Windows-Winlogon","Подписчик уведомлений winlogon <TermSrv> закончил обработку события уведомления (13)."
"04.09.2026 14:14:36","811","Сведения","Microsoft-Windows-Winlogon","Подписчик уведомлений winlogon <TermSrv> начал обработку события уведомления (13)."
"04.09.2026 14:14:36","812","Сведения","Microsoft-Windows-Winlogon","Подписчик уведомлений winlogon <GPClient> закончил обработку события уведомления (13)."
"04.09.2026 14:14:36","811","Сведения","Microsoft-Windows-Winlogon","Подписчик уведомлений winlogon <GPClient> начал обработку события уведомления (13)."
"04.09.2026 14:14:36","812","Сведения","Microsoft-Windows-Winlogon","Подписчик уведомлений winlogon <GPClient> закончил обработку события уведомления (13)."
"04.09.2026 14:14:36","811","Сведения","Microsoft-Windows-Winlogon","Подписчик уведомлений winlogon <GPClient> начал обработку события уведомления (13)."
"01.09.2026 1:58:35","812","Сведения","Microsoft-Windows-Winlogon","Подписчик уведомлений winlogon <TermSrv> закончил обработку события уведомления (5)."
"01.09.2026 1:58:35","811","Сведения","Microsoft-Windows-Winlogon","Подписчик уведомлений winlogon <TermSrv> начал обработку события уведомления (5)."
"01.09.2026 1:58:35","812","Сведения","Microsoft-Windows-Winlogon","Подписчик уведомлений winlogon <Sens> закончил обработку события уведомления (5)."
"01.09.2026 1:58:35","811","Сведения","Microsoft-Windows-Winlogon","Подписчик уведомлений winlogon <Sens> начал обработку события уведомления (5)."
"01.09.2026 1:58:13","812","Сведения","Microsoft-Windows-Winlogon","Подписчик уведомлений winlogon <TermSrv> закончил обработку события уведомления (4)."
"01.09.2026 1:58:13","811","Сведения","Microsoft-Windows-Winlogon","Подписчик уведомлений winlogon <TermSrv> начал обработку события уведомления (4)."
"01.09.2026 1:58:13","812","Сведения","Microsoft-Windows-Winlogon","Подписчик уведомлений winlogon <Sens> закончил обработку события уведомления (4)."
"01.09.2026 1:58:13","811","Сведения","Microsoft-Windows-Winlogon","Подписчик уведомлений winlogon <Sens> начал обработку события уведомления (4)."
"01.09.2026 1:58:13","812","Сведения","Microsoft-Windows-Winlogon","Подписчик уведомлений winlogon <TermSrv> закончил обработку события уведомления (12)."
"01.09.2026 1:58:13","811","Сведения","Microsoft-Windows-Winlogon","Подписчик уведомлений winlogon <TermSrv> начал обработку события уведомления (12)."
"01.09.2026 1:58:13","812","Сведения","Microsoft-Windows-Winlogon","Подписчик уведомлений winlogon <Sens> закончил обработку события уведомления (12)."
"01.09.2026 1:58:13","811","Сведения","Microsoft-Windows-Winlogon","Подписчик уведомлений winlogon <Sens> начал обработку события уведомления (12)."
"01.09.2026 1:58:13","812","Сведения","Microsoft-Windows-Winlogon","Подписчик уведомлений winlogon <GPClient> закончил обработку события уведомления (12)."
"01.09.2026 1:58:13","811","Сведения","Microsoft-Windows-Winlogon","Подписчик уведомлений winlogon <GPClient> начал обработку события уведомления (12)."
"01.09.2026 1:58:13","812","Сведения","Microsoft-Windows-Winlogon","Подписчик уведомлений winlogon <SessionEnv> закончил обработку события уведомления (12)."
"01.09.2026 1:58:13","811","Сведения","Microsoft-Windows-Winlogon","Подписчик уведомлений winlogon <SessionEnv> начал обработку события уведомления (12)."
"01.09.2026 1:58:13","812","Сведения","Microsoft-Windows-Winlogon","Подписчик уведомлений winlogon <Sens> закончил обработку события уведомления (2)."
"01.09.2026 1:58:13","811","Сведения","Microsoft-Windows-Winlogon","Подписчик уведомлений winlogon <Sens> начал обработку события уведомления (2)."
"01.09.2026 1:58:13","812","Сведения","Microsoft-Windows-Winlogon","Подписчик уведомлений winlogon <TermSrv> закончил обработку события уведомления (2)."
"01.09.2026 1:58:12","811","Сведения","Microsoft-Windows-Winlogon","Подписчик уведомлений winlogon <TermSrv> начал обработку события уведомления (2)."
"01.09.2026 1:58:12","812","Сведения","Microsoft-Windows-Winlogon","Подписчик уведомлений winlogon <GPClient> закончил обработку события уведомления (2)."
"01.09.2026 1:58:12","811","Сведения","Microsoft-Windows-Winlogon","Подписчик уведомлений winlogon <GPClient> начал обработку события уведомления (2)."
"01.09.2026 1:58:12","812","Сведения","Microsoft-Windows-Winlogon","Подписчик уведомлений winlogon <Profiles> закончил обработку события уведомления (2)."
"01.09.2026 1:57:39","811","Сведения","Microsoft-Windows-Winlogon","Подписчик уведомлений winlogon <Profiles> начал обработку события уведомления (2)."
"01.09.2026 1:57:39","812","Сведения","Microsoft-Windows-Winlogon","Подписчик уведомлений winlogon <SessionEnv> закончил обработку события уведомления (2)."
"01.09.2026 1:57:39","811","Сведения","Microsoft-Windows-Winlogon","Подписчик уведомлений winlogon <SessionEnv> начал обработку события уведомления (2)."
"01.09.2026 1:57:39","2","Сведения","Microsoft-Windows-Winlogon","Проверка подлинности остановлена. Результат 0"
"01.09.2026 1:57:39","1","Сведения","Microsoft-Windows-Winlogon","Аутентификация начата."
"01.09.2026 1:57:38","812","Сведения","Microsoft-Windows-Winlogon","Подписчик уведомлений winlogon <TermSrv> закончил обработку события уведомления (0)."
"01.09.2026 1:57:38","811","Сведения","Microsoft-Windows-Winlogon","Подписчик уведомлений winlogon <TermSrv> начал обработку события уведомления (0)."
"01.09.2026 1:57:38","812","Сведения","Microsoft-Windows-Winlogon","Подписчик уведомлений winlogon <GPClient> закончил обработку события уведомления (0)."
"01.09.2026 1:57:38","811","Сведения","Microsoft-Windows-Winlogon","Подписчик уведомлений winlogon <GPClient> начал обработку события уведомления (0)."
"01.09.2026 1:56:30","812","Сведения","Microsoft-Windows-Winlogon","Подписчик уведомлений winlogon <TermSrv> закончил обработку события уведомления (1)."
"01.09.2026 1:56:30","811","Сведения","Microsoft-Windows-Winlogon","Подписчик уведомлений winlogon <TermSrv> начал обработку события уведомления (1)."
"01.09.2026 1:56:30","812","Сведения","Microsoft-Windows-Winlogon","Подписчик уведомлений winlogon <Wlansvc> закончил обработку события уведомления (3)."
"01.09.2026 1:56:30","811","Сведения","Microsoft-Windows-Winlogon","Подписчик уведомлений winlogon <Wlansvc> начал обработку события уведомления (3)."
"01.09.2026 1:56:30","812","Сведения","Microsoft-Windows-Winlogon","Подписчик уведомлений winlogon <SessionEnv> закончил обработку события уведомления (3)."
"01.09.2026 1:56:30","811","Сведения","Microsoft-Windows-Winlogon","Подписчик уведомлений winlogon <SessionEnv> начал обработку события уведомления (3)."
"01.09.2026 1:56:30","812","Сведения","Microsoft-Windows-Winlogon","Подписчик уведомлений winlogon <Profiles> закончил обработку события уведомления (3)."
"01.09.2026 1:56:30","811","Сведения","Microsoft-Windows-Winlogon","Подписчик уведомлений winlogon <Profiles> начал обработку события уведомления (3)."
"01.09.2026 1:56:30","812","Сведения","Microsoft-Windows-Winlogon","Подписчик уведомлений winlogon <GPClient> закончил обработку события уведомления (3)."
"01.09.2026 1:56:30","811","Сведения","Microsoft-Windows-Winlogon","Подписчик уведомлений winlogon <GPClient> начал обработку события уведомления (3)."
"01.09.2026 1:56:30","812","Сведения","Microsoft-Windows-Winlogon","Подписчик уведомлений winlogon <TermSrv> закончил обработку события уведомления (3)."
"01.09.2026 1:56:30","811","Сведения","Microsoft-Windows-Winlogon","Подписчик уведомлений winlogon <TermSrv> начал обработку события уведомления (3)."
"01.09.2026 1:56:30","812","Сведения","Microsoft-Windows-Winlogon","Подписчик уведомлений winlogon <Sens> закончил обработку события уведомления (3)."
"01.09.2026 1:56:30","811","Сведения","Microsoft-Windows-Winlogon","Подписчик уведомлений winlogon <Sens> начал обработку события уведомления (3)."
"01.09.2026 1:56:30","812","Сведения","Microsoft-Windows-Winlogon","Подписчик уведомлений winlogon <TermSrv> закончил обработку события уведомления (13)."
"01.09.2026 1:56:30","811","Сведения","Microsoft-Windows-Winlogon","Подписчик уведомлений winlogon <TermSrv> начал обработку события уведомления (13)."
"01.09.2026 1:56:30","812","Сведения","Microsoft-Windows-Winlogon","Подписчик уведомлений winlogon <GPClient> закончил обработку события уведомления (13)."
"01.09.2026 1:56:30","811","Сведения","Microsoft-Windows-Winlogon","Подписчик уведомлений winlogon <GPClient> начал обработку события уведомления (13)."
"01.09.2026 1:56:30","812","Сведения","Microsoft-Windows-Winlogon","Подписчик уведомлений winlogon <GPClient> закончил обработку события уведомления (13)."
"01.09.2026 1:56:30","811","Сведения","Microsoft-Windows-Winlogon","Подписчик уведомлений winlogon <GPClient> начал обработку события уведомления (13)."
"30.08.2026 15:37:09","812","Сведения","Microsoft-Windows-Winlogon","Подписчик уведомлений winlogon <TermSrv> закончил обработку события уведомления (12)."
"30.08.2026 15:37:09","811","Сведения","Microsoft-Windows-Winlogon","Подписчик уведомлений winlogon <TermSrv> начал обработку события уведомления (12)."
"30.08.2026 15:37:09","812","Сведения","Microsoft-Windows-Winlogon","Подписчик уведомлений winlogon <Sens> закончил обработку события уведомления (12)."
"30.08.2026 15:37:09","811","Сведения","Microsoft-Windows-Winlogon","Подписчик уведомлений winlogon <Sens> начал обработку события уведомления (12)."
"30.08.2026 15:37:09","812","Сведения","Microsoft-Windows-Winlogon","Подписчик уведомлений winlogon <GPClient> закончил обработку события уведомления (12)."
"30.08.2026 15:37:09","811","Сведения","Microsoft-Windows-Winlogon","Подписчик уведомлений winlogon <GPClient> начал обработку события уведомления (12)."
"30.08.2026 15:37:09","812","Сведения","Microsoft-Windows-Winlogon","Подписчик уведомлений winlogon <SessionEnv> закончил обработку события уведомления (12)."
"30.08.2026 15:37:09","811","Сведения","Microsoft-Windows-Winlogon","Подписчик уведомлений winlogon <SessionEnv> начал обработку события уведомления (12)."
"30.08.2026 15:37:09","812","Сведения","Microsoft-Windows-Winlogon","Подписчик уведомлений winlogon <Sens> закончил обработку события уведомления (2)."
"30.08.2026 15:37:09","811","Сведения","Microsoft-Windows-Winlogon","Подписчик уведомлений winlogon <Sens> начал обработку события уведомления (2)."
"30.08.2026 15:37:09","812","Сведения","Microsoft-Windows-Winlogon","Подписчик уведомлений winlogon <TermSrv> закончил обработку события уведомления (2)."
"30.08.2026 15:37:08","811","Сведения","Microsoft-Windows-Winlogon","Подписчик уведомлений winlogon <TermSrv> начал обработку события уведомления (2)."
"30.08.2026 15:37:08","812","Сведения","Microsoft-Windows-Winlogon","Подписчик уведомлений winlogon <GPClient> закончил обработку события уведомления (2)."
"30.08.2026 15:37:08","811","Сведения","Microsoft-Windows-Winlogon","Подписчик уведомлений winlogon <GPClient> начал обработку события уведомления (2)."
"30.08.2026 15:37:08","812","Сведения","Microsoft-Windows-Winlogon","Подписчик уведомлений winlogon <Profiles> закончил обработку события уведомления (2)."
"30.08.2026 15:36:38","811","Сведения","Microsoft-Windows-Winlogon","Подписчик уведомлений winlogon <Profiles> начал обработку события уведомления (2)."
"30.08.2026 15:36:38","812","Сведения","Microsoft-Windows-Winlogon","Подписчик уведомлений winlogon <SessionEnv> закончил обработку события уведомления (2)."
"30.08.2026 15:36:38","811","Сведения","Microsoft-Windows-Winlogon","Подписчик уведомлений winlogon <SessionEnv> начал обработку события уведомления (2)."
"30.08.2026 15:36:38","2","Сведения","Microsoft-Windows-Winlogon","Проверка подлинности остановлена. Результат 0"
"30.08.2026 15:36:38","1","Сведения","Microsoft-Windows-Winlogon","Аутентификация начата."
"30.08.2026 15:36:20","812","Сведения","Microsoft-Windows-Winlogon","Подписчик уведомлений winlogon <TermSrv> закончил обработку события уведомления (0)."
"30.08.2026 15:36:20","811","Сведения","Microsoft-Windows-Winlogon","Подписчик уведомлений winlogon <TermSrv> начал обработку события уведомления (0)."
"30.08.2026 15:36:20","812","Сведения","Microsoft-Windows-Winlogon","Подписчик уведомлений winlogon <GPClient> закончил обработку события уведомления (0)."
"30.08.2026 15:36:20","811","Сведения","Microsoft-Windows-Winlogon","Подписчик уведомлений winlogon <GPClient> начал обработку события уведомления (0)."
"28.08.2026 14:18:16","812","Сведения","Microsoft-Windows-Winlogon","Подписчик уведомлений winlogon <TermSrv> закончил обработку события уведомления (5)."
"28.08.2026 14:18:16","811","Сведения","Microsoft-Windows-Winlogon","Подписчик уведомлений winlogon <TermSrv> начал обработку события уведомления (5)."
"28.08.2026 14:18:16","812","Сведения","Microsoft-Windows-Winlogon","Подписчик уведомлений winlogon <Sens> закончил обработку события уведомления (5)."
"28.08.2026 14:18:16","811","Сведения","Microsoft-Windows-Winlogon","Подписчик уведомлений winlogon <Sens> начал обработку события уведомления (5)."
"28.08.2026 14:16:36","812","Сведения","Microsoft-Windows-Winlogon","Подписчик уведомлений winlogon <TermSrv> закончил обработку события уведомления (4)."
"28.08.2026 14:16:36","811","Сведения","Microsoft-Windows-Winlogon","Подписчик уведомлений winlogon <TermSrv> начал обработку события уведомления (4)."
"28.08.2026 14:16:36","812","Сведения","Microsoft-Windows-Winlogon","Подписчик уведомлений winlogon <Sens> закончил обработку события уведомления (4)."
"28.08.2026 14:16:36","811","Сведения","Microsoft-Windows-Winlogon","Подписчик уведомлений winlogon <Sens> начал обработку события уведомления (4)."
"28.08.2026 14:16:36","812","Сведения","Microsoft-Windows-Winlogon","Подписчик уведомлений winlogon <TermSrv> закончил обработку события уведомления (12)."
"28.08.2026 14:16:36","811","Сведения","Microsoft-Windows-Winlogon","Подписчик уведомлений winlogon <TermSrv> начал обработку события уведомления (12)."
"28.08.2026 14:16:36","812","Сведения","Microsoft-Windows-Winlogon","Подписчик уведомлений winlogon <Sens> закончил обработку события уведомления (12)."
"28.08.2026 14:16:36","811","Сведения","Microsoft-Windows-Winlogon","Подписчик уведомлений winlogon <Sens> начал обработку события уведомления (12)."
"28.08.2026 14:16:36","812","Сведения","Microsoft-Windows-Winlogon","Подписчик уведомлений winlogon <GPClient> закончил обработку события уведомления (12)."
"28.08.2026 14:16:36","811","Сведения","Microsoft-Windows-Winlogon","Подписчик уведомлений winlogon <GPClient> начал обработку события уведомления (12)."
"28.08.2026 14:16:36","812","Сведения","Microsoft-Windows-Winlogon","Подписчик уведомлений winlogon <SessionEnv> закончил обработку события уведомления (12)."
"28.08.2026 14:16:36","811","Сведения","Microsoft-Windows-Winlogon","Подписчик уведомлений winlogon <SessionEnv> начал обработку события уведомления (12)."
"28.08.2026 14:16:36","812","Сведения","Microsoft-Windows-Winlogon","Подписчик уведомлений winlogon <Sens> закончил обработку события уведомления (2)."
"28.08.2026 14:16:36","811","Сведения","Microsoft-Windows-Winlogon","Подписчик уведомлений winlogon <Sens> начал обработку события уведомления (2)."
"28.08.2026 14:16:36","812","Сведения","Microsoft-Windows-Winlogon","Подписчик уведомлений winlogon <TermSrv> закончил обработку события уведомления (2)."
"28.08.2026 14:16:35","811","Сведения","Microsoft-Windows-Winlogon","Подписчик уведомлений winlogon <TermSrv> начал обработку события уведомления (2)."
"28.08.2026 14:16:35","812","Сведения","Microsoft-Windows-Winlogon","Подписчик уведомлений winlogon <GPClient> закончил обработку события уведомления (2)."
"28.08.2026 14:16:35","811","Сведения","Microsoft-Windows-Winlogon","Подписчик уведомлений winlogon <GPClient> начал обработку события уведомления (2)."
"28.08.2026 14:16:35","812","Сведения","Microsoft-Windows-Winlogon","Подписчик уведомлений winlogon <Profiles> закончил обработку события уведомления (2)."
"28.08.2026 14:16:04","811","Сведения","Microsoft-Windows-Winlogon","Подписчик уведомлений winlogon <Profiles> начал обработку события уведомления (2)."
"28.08.2026 14:16:04","812","Сведения","Microsoft-Windows-Winlogon","Подписчик уведомлений winlogon <SessionEnv> закончил обработку события уведомления (2)."
"28.08.2026 14:16:04","811","Сведения","Microsoft-Windows-Winlogon","Подписчик уведомлений winlogon <SessionEnv> начал обработку события уведомления (2)."
"28.08.2026 14:16:04","2","Сведения","Microsoft-Windows-Winlogon","Проверка подлинности остановлена. Результат 0"
"28.08.2026 14:16:04","1","Сведения","Microsoft-Windows-Winlogon","Аутентификация начата."
"28.08.2026 14:16:03","812","Сведения","Microsoft-Windows-Winlogon","Подписчик уведомлений winlogon <TermSrv> закончил обработку события уведомления (0)."
"28.08.2026 14:16:03","811","Сведения","Microsoft-Windows-Winlogon","Подписчик уведомлений winlogon <TermSrv> начал обработку события уведомления (0)."
"28.08.2026 14:16:03","812","Сведения","Microsoft-Windows-Winlogon","Подписчик уведомлений winlogon <GPClient> закончил обработку события уведомления (0)."
"28.08.2026 14:16:03","811","Сведения","Microsoft-Windows-Winlogon","Подписчик уведомлений winlogon <GPClient> начал обработку события уведомления (0)."
"28.08.2026 14:14:32","812","Сведения","Microsoft-Windows-Winlogon","Подписчик уведомлений winlogon <TermSrv> закончил обработку события уведомления (1)."
"28.08.2026 14:14:32","811","Сведения","Microsoft-Windows-Winlogon","Подписчик уведомлений winlogon <TermSrv> начал обработку события уведомления (1)."
"28.08.2026 14:14:32","812","Сведения","Microsoft-Windows-Winlogon","Подписчик уведомлений winlogon <Wlansvc> закончил обработку события уведомления (3)."
"28.08.2026 14:14:32","811","Сведения","Microsoft-Windows-Winlogon","Подписчик уведомлений winlogon <Wlansvc> начал обработку события уведомления (3)."
"28.08.2026 14:14:32","812","Сведения","Microsoft-Windows-Winlogon","Подписчик уведомлений winlogon <SessionEnv> закончил обработку события уведомления (3)."
"28.08.2026 14:14:32","811","Сведения","Microsoft-Windows-Winlogon","Подписчик уведомлений winlogon <SessionEnv> начал обработку события уведомления (3)."
"28.08.2026 14:14:32","812","Сведения","Microsoft-Windows-Winlogon","Подписчик уведомлений winlogon <Profiles> закончил обработку события уведомления (3)."
"28.08.2026 14:14:31","811","Сведения","Microsoft-Windows-Winlogon","Подписчик уведомлений winlogon <Profiles> начал обработку события уведомления (3)."
"28.08.2026 14:14:31","812","Сведения","Microsoft-Windows-Winlogon","Подписчик уведомлений winlogon <GPClient> закончил обработку события уведомления (3)."
"28.08.2026 14:14:31","811","Сведения","Microsoft-Windows-Winlogon","Подписчик уведомлений winlogon <GPClient> начал обработку события уведомления (3)."
"28.08.2026 14:14:31","812","Сведения","Microsoft-Windows-Winlogon","Подписчик уведомлений winlogon <TermSrv> закончил обработку события уведомления (3)."
"28.08.2026 14:14:31","811","Сведения","Microsoft-Windows-Winlogon","Подписчик уведомлений winlogon <TermSrv> начал обработку события уведомления (3)."
"28.08.2026 14:14:31","812","Сведения","Microsoft-Windows-Winlogon","Подписчик уведомлений winlogon <Sens> закончил обработку события уведомления (3)."
"28.08.2026 14:14:31","811","Сведения","Microsoft-Windows-Winlogon","Подписчик уведомлений winlogon <Sens> начал обработку события уведомления (3)."
"28.08.2026 14:14:31","812","Сведения","Microsoft-Windows-Winlogon","Подписчик уведомлений winlogon <TermSrv> закончил обработку события уведомления (13)."
"28.08.2026 14:14:31","811","Сведения","Microsoft-Windows-Winlogon","Подписчик уведомлений winlogon <TermSrv> начал обработку события уведомления (13)."
"28.08.2026 14:14:31","812","Сведения","Microsoft-Windows-Winlogon","Подписчик уведомлений winlogon <GPClient> закончил обработку события уведомления (13)."
"28.08.2026 14:14:31","811","Сведения","Microsoft-Windows-Winlogon","Подписчик уведомлений winlogon <GPClient> начал обработку события уведомления (13)."
"28.08.2026 14:14:31","812","Сведения","Microsoft-Windows-Winlogon","Подписчик уведомлений winlogon <GPClient> закончил обработку события уведомления (13)."
"28.08.2026 14:14:31","811","Сведения","Microsoft-Windows-Winlogon","Подписчик уведомлений winlogon <GPClient> начал обработку события уведомления (13)."
"27.08.2026 13:46:30","812","Сведения","Microsoft-Windows-Winlogon","Подписчик уведомлений winlogon <TermSrv> закончил обработку события уведомления (5)."
"27.08.2026 13:46:30","811","Сведения","Microsoft-Windows-Winlogon","Подписчик уведомлений winlogon <TermSrv> начал обработку события уведомления (5)."
"27.08.2026 13:46:30","812","Сведения","Microsoft-Windows-Winlogon","Подписчик уведомлений winlogon <Sens> закончил обработку события уведомления (5)."
"27.08.2026 13:46:30","811","Сведения","Microsoft-Windows-Winlogon","Подписчик уведомлений winlogon <Sens> начал обработку события уведомления (5)."
"27.08.2026 13:45:06","812","Сведения","Microsoft-Windows-Winlogon","Подписчик уведомлений winlogon <TermSrv> закончил обработку события уведомления (4)."
"27.08.2026 13:45:06","811","Сведения","Microsoft-Windows-Winlogon","Подписчик уведомлений winlogon <TermSrv> начал обработку события уведомления (4)."
"27.08.2026 13:45:06","812","Сведения","Microsoft-Windows-Winlogon","Подписчик уведомлений winlogon <Sens> закончил обработку события уведомления (4)."
"27.08.2026 13:45:06","811","Сведения","Microsoft-Windows-Winlogon","Подписчик уведомлений winlogon <Sens> начал обработку события уведомления (4)."
"27.08.2026 13:45:06","812","Сведения","Microsoft-Windows-Winlogon","Подписчик уведомлений winlogon <TermSrv> закончил обработку события уведомления (12)."
"27.08.2026 13:45:06","811","Сведения","Microsoft-Windows-Winlogon","Подписчик уведомлений winlogon <TermSrv> начал обработку события уведомления (12)."
"27.08.2026 13:45:06","812","Сведения","Microsoft-Windows-Winlogon","Подписчик уведомлений winlogon <Sens> закончил обработку события уведомления (12)."
"27.08.2026 13:45:06","811","Сведения","Microsoft-Windows-Winlogon","Подписчик уведомлений winlogon <Sens> начал обработку события уведомления (12)."
"27.08.2026 13:45:06","812","Сведения","Microsoft-Windows-Winlogon","Подписчик уведомлений winlogon <GPClient> закончил обработку события уведомления (12)."
"27.08.2026 13:45:06","811","Сведения","Microsoft-Windows-Winlogon","Подписчик уведомлений winlogon <GPClient> начал обработку события уведомления (12)."
"27.08.2026 13:45:06","812","Сведения","Microsoft-Windows-Winlogon","Подписчик уведомлений winlogon <SessionEnv> закончил обработку события уведомления (12)."
"27.08.2026 13:45:06","811","Сведения","Microsoft-Windows-Winlogon","Подписчик уведомлений winlogon <SessionEnv> начал обработку события уведомления (12)."
"27.08.2026 13:45:06","812","Сведения","Microsoft-Windows-Winlogon","Подписчик уведомлений winlogon <Sens> закончил обработку события уведомления (2)."
"27.08.2026 13:45:06","811","Сведения","Microsoft-Windows-Winlogon","Подписчик уведомлений winlogon <Sens> начал обработку события уведомления (2)."
"27.08.2026 13:45:06","812","Сведения","Microsoft-Windows-Winlogon","Подписчик уведомлений winlogon <TermSrv> закончил обработку события уведомления (2)."
"27.08.2026 13:45:06","811","Сведения","Microsoft-Windows-Winlogon","Подписчик уведомлений winlogon <TermSrv> начал обработку события уведомления (2)."
"27.08.2026 13:45:06","812","Сведения","Microsoft-Windows-Winlogon","Подписчик уведомлений winlogon <GPClient> закончил обработку события уведомления (2)."
"27.08.2026 13:45:06","811","Сведения","Microsoft-Windows-Winlogon","Подписчик уведомлений winlogon <GPClient> начал обработку события уведомления (2)."
"27.08.2026 13:45:06","812","Сведения","Microsoft-Windows-Winlogon","Подписчик уведомлений winlogon <Profiles> закончил обработку события уведомления (2)."
"27.08.2026 13:44:34","811","Сведения","Microsoft-Windows-Winlogon","Подписчик уведомлений winlogon <Profiles> начал обработку события уведомления (2)."
"27.08.2026 13:44:34","812","Сведения","Microsoft-Windows-Winlogon","Подписчик уведомлений winlogon <SessionEnv> закончил обработку события уведомления (2)."
"27.08.2026 13:44:34","811","Сведения","Microsoft-Windows-Winlogon","Подписчик уведомлений winlogon <SessionEnv> начал обработку события уведомления (2)."
"27.08.2026 13:44:34","2","Сведения","Microsoft-Windows-Winlogon","Проверка подлинности остановлена. Результат 0"
"27.08.2026 13:44:34","1","Сведения","Microsoft-Windows-Winlogon","Аутентификация начата."
"27.08.2026 13:44:33","812","Сведения","Microsoft-Windows-Winlogon","Подписчик уведомлений winlogon <TermSrv> закончил обработку события уведомления (0)."
"27.08.2026 13:44:33","811","Сведения","Microsoft-Windows-Winlogon","Подписчик уведомлений winlogon <TermSrv> начал обработку события уведомления (0)."
"27.08.2026 13:44:33","812","Сведения","Microsoft-Windows-Winlogon","Подписчик уведомлений winlogon <GPClient> закончил обработку события уведомления (0)."
"27.08.2026 13:44:33","811","Сведения","Microsoft-Windows-Winlogon","Подписчик уведомлений winlogon <GPClient> начал обработку события уведомления (0)."
"27.08.2026 13:43:00","812","Сведения","Microsoft-Windows-Winlogon","Подписчик уведомлений winlogon <TermSrv> закончил обработку события уведомления (1)."
"27.08.2026 13:43:00","811","Сведения","Microsoft-Windows-Winlogon","Подписчик уведомлений winlogon <TermSrv> начал обработку события уведомления (1)."
"27.08.2026 13:43:00","812","Сведения","Microsoft-Windows-Winlogon","Подписчик уведомлений winlogon <Wlansvc> закончил обработку события уведомления (3)."
"27.08.2026 13:43:00","811","Сведения","Microsoft-Windows-Winlogon","Подписчик уведомлений winlogon <Wlansvc> начал обработку события уведомления (3)."
"27.08.2026 13:43:00","812","Сведения","Microsoft-Windows-Winlogon","Подписчик уведомлений winlogon <SessionEnv> закончил обработку события уведомления (3)."
"27.08.2026 13:43:00","811","Сведения","Microsoft-Windows-Winlogon","Подписчик уведомлений winlogon <SessionEnv> начал обработку события уведомления (3)."
"27.08.2026 13:43:00","812","Сведения","Microsoft-Windows-Winlogon","Подписчик уведомлений winlogon <Profiles> закончил обработку события уведомления (3)."
"27.08.2026 13:43:00","811","Сведения","Microsoft-Windows-Winlogon","Подписчик уведомлений winlogon <Profiles> начал обработку события уведомления (3)."
"27.08.2026 13:43:00","812","Сведения","Microsoft-Windows-Winlogon","Подписчик уведомлений winlogon <GPClient> закончил обработку события уведомления (3)."
"27.08.2026 13:43:00","811","Сведения","Microsoft-Windows-Winlogon","Подписчик уведомлений winlogon <GPClient> начал обработку события уведомления (3)."
"27.08.2026 13:43:00","812","Сведения","Microsoft-Windows-Winlogon","Подписчик уведомлений winlogon <TermSrv> закончил обработку события уведомления (3)."
"27.08.2026 13:43:00","811","Сведения","Microsoft-Windows-Winlogon","Подписчик уведомлений winlogon <TermSrv> начал обработку события уведомления (3)."
"27.08.2026 13:43:00","812","Сведения","Microsoft-Windows-Winlogon","Подписчик уведомлений winlogon <Sens> закончил обработку события уведомления (3)."
"27.08.2026 13:43:00","811","Сведения","Microsoft-Windows-Winlogon","Подписчик уведомлений winlogon <Sens> начал обработку события уведомления (3)."
"27.08.2026 13:43:00","812","Сведения","Microsoft-Windows-Winlogon","Подписчик уведомлений winlogon <TermSrv> закончил обработку события уведомления (13)."
"27.08.2026 13:43:00","811","Сведения","Microsoft-Windows-Winlogon","Подписчик уведомлений winlogon <TermSrv> начал обработку события уведомления (13)."
"27.08.2026 13:43:00","812","Сведения","Microsoft-Windows-Winlogon","Подписчик уведомлений winlogon <GPClient> закончил обработку события уведомления (13)."
"27.08.2026 13:43:00","811","Сведения","Microsoft-Windows-Winlogon","Подписчик уведомлений winlogon <GPClient> начал обработку события уведомления (13)."
"27.08.2026 13:43:00","812","Сведения","Microsoft-Windows-Winlogon","Подписчик уведомлений winlogon <GPClient> закончил обработку события уведомления (13)."
"27.08.2026 13:43:00","811","Сведения","Microsoft-Windows-Winlogon","Подписчик уведомлений winlogon <GPClient> начал обработку события уведомления (13)."
"26.08.2026 9:19:30","812","Сведения","Microsoft-Windows-Winlogon","Подписчик уведомлений winlogon <TermSrv> закончил обработку события уведомления (12)."
"26.08.2026 9:19:30","811","Сведения","Microsoft-Windows-Winlogon","Подписчик уведомлений winlogon <TermSrv> начал обработку события уведомления (12)."
"26.08.2026 9:19:30","812","Сведения","Microsoft-Windows-Winlogon","Подписчик уведомлений winlogon <Sens> закончил обработку события уведомления (12)."
"26.08.2026 9:19:30","811","Сведения","Microsoft-Windows-Winlogon","Подписчик уведомлений winlogon <Sens> начал обработку события уведомления (12)."
"26.08.2026 9:19:30","812","Сведения","Microsoft-Windows-Winlogon","Подписчик уведомлений winlogon <GPClient> закончил обработку события уведомления (12)."
"26.08.2026 9:19:30","811","Сведения","Microsoft-Windows-Winlogon","Подписчик уведомлений winlogon <GPClient> начал обработку события уведомления (12)."
"26.08.2026 9:19:30","812","Сведения","Microsoft-Windows-Winlogon","Подписчик уведомлений winlogon <SessionEnv> закончил обработку события уведомления (12)."
"26.08.2026 9:19:30","811","Сведения","Microsoft-Windows-Winlogon","Подписчик уведомлений winlogon <SessionEnv> начал обработку события уведомления (12)."
"26.08.2026 9:19:30","812","Сведения","Microsoft-Windows-Winlogon","Подписчик уведомлений winlogon <Sens> закончил обработку события уведомления (2)."
"26.08.2026 9:19:30","811","Сведения","Microsoft-Windows-Winlogon","Подписчик уведомлений winlogon <Sens> начал обработку события уведомления (2)."
"26.08.2026 9:19:30","812","Сведения","Microsoft-Windows-Winlogon","Подписчик уведомлений winlogon <TermSrv> закончил обработку события уведомления (2)."
"26.08.2026 9:19:30","811","Сведения","Microsoft-Windows-Winlogon","Подписчик уведомлений winlogon <TermSrv> начал обработку события уведомления (2)."
"26.08.2026 9:19:30","812","Сведения","Microsoft-Windows-Winlogon","Подписчик уведомлений winlogon <GPClient> закончил обработку события уведомления (2)."
"26.08.2026 9:19:30","811","Сведения","Microsoft-Windows-Winlogon","Подписчик уведомлений winlogon <GPClient> начал обработку события уведомления (2)."
"26.08.2026 9:19:30","812","Сведения","Microsoft-Windows-Winlogon","Подписчик уведомлений winlogon <Profiles> закончил обработку события уведомления (2)."
"26.08.2026 9:19:00","811","Сведения","Microsoft-Windows-Winlogon","Подписчик уведомлений winlogon <Profiles> начал обработку события уведомления (2)."
"26.08.2026 9:19:00","812","Сведения","Microsoft-Windows-Winlogon","Подписчик уведомлений winlogon <SessionEnv> закончил обработку события уведомления (2)."
"26.08.2026 9:19:00","811","Сведения","Microsoft-Windows-Winlogon","Подписчик уведомлений winlogon <SessionEnv> начал обработку события уведомления (2)."
"26.08.2026 9:19:00","2","Сведения","Microsoft-Windows-Winlogon","Проверка подлинности остановлена. Результат 0"
"26.08.2026 9:19:00","1","Сведения","Microsoft-Windows-Winlogon","Аутентификация начата."
"26.08.2026 9:18:54","812","Сведения","Microsoft-Windows-Winlogon","Подписчик уведомлений winlogon <TermSrv> закончил обработку события уведомления (0)."
"26.08.2026 9:18:54","811","Сведения","Microsoft-Windows-Winlogon","Подписчик уведомлений winlogon <TermSrv> начал обработку события уведомления (0)."
"26.08.2026 9:18:54","812","Сведения","Microsoft-Windows-Winlogon","Подписчик уведомлений winlogon <GPClient> закончил обработку события уведомления (0)."
"26.08.2026 9:18:54","811","Сведения","Microsoft-Windows-Winlogon","Подписчик уведомлений winlogon <GPClient> начал обработку события уведомления (0)."
"26.08.2026 3:00:30","812","Сведения","Microsoft-Windows-Winlogon","Подписчик уведомлений winlogon <TermSrv> закончил обработку события уведомления (1)."
"26.08.2026 3:00:30","811","Сведения","Microsoft-Windows-Winlogon","Подписчик уведомлений winlogon <TermSrv> начал обработку события уведомления (1)."
"26.08.2026 3:00:30","812","Сведения","Microsoft-Windows-Winlogon","Подписчик уведомлений winlogon <Wlansvc> закончил обработку события уведомления (3)."
"26.08.2026 3:00:30","811","Сведения","Microsoft-Windows-Winlogon","Подписчик уведомлений winlogon <Wlansvc> начал обработку события уведомления (3)."
"26.08.2026 3:00:30","812","Сведения","Microsoft-Windows-Winlogon","Подписчик уведомлений winlogon <SessionEnv> закончил обработку события уведомления (3)."
"26.08.2026 3:00:30","811","Сведения","Microsoft-Windows-Winlogon","Подписчик уведомлений winlogon <SessionEnv> начал обработку события уведомления (3)."
"26.08.2026 3:00:30","812","Сведения","Microsoft-Windows-Winlogon","Подписчик уведомлений winlogon <Profiles> закончил обработку события уведомления (3)."
"26.08.2026 3:00:30","811","Сведения","Microsoft-Windows-Winlogon","Подписчик уведомлений winlogon <Profiles> начал обработку события уведомления (3)."
"26.08.2026 3:00:30","812","Сведения","Microsoft-Windows-Winlogon","Подписчик уведомлений winlogon <GPClient> закончил обработку события уведомления (3)."
"26.08.2026 3:00:30","811","Сведения","Microsoft-Windows-Winlogon","Подписчик уведомлений winlogon <GPClient> начал обработку события уведомления (3)."
"26.08.2026 3:00:30","812","Сведения","Microsoft-Windows-Winlogon","Подписчик уведомлений winlogon <TermSrv> закончил обработку события уведомления (3)."
"26.08.2026 3:00:30","811","Сведения","Microsoft-Windows-Winlogon","Подписчик уведомлений winlogon <TermSrv> начал обработку события уведомления (3)."
"26.08.2026 3:00:30","812","Сведения","Microsoft-Windows-Winlogon","Подписчик уведомлений winlogon <Sens> закончил обработку события уведомления (3)."
"26.08.2026 3:00:30","811","Сведения","Microsoft-Windows-Winlogon","Подписчик уведомлений winlogon <Sens> начал обработку события уведомления (3)."
"26.08.2026 3:00:30","812","Сведения","Microsoft-Windows-Winlogon","Подписчик уведомлений winlogon <TermSrv> закончил обработку события уведомления (13)."
"26.08.2026 3:00:30","811","Сведения","Microsoft-Windows-Winlogon","Подписчик уведомлений winlogon <TermSrv> начал обработку события уведомления (13)."
"26.08.2026 3:00:30","812","Сведения","Microsoft-Windows-Winlogon","Подписчик уведомлений winlogon <GPClient> закончил обработку события уведомления (13)."
"26.08.2026 3:00:30","811","Сведения","Microsoft-Windows-Winlogon","Подписчик уведомлений winlogon <GPClient> начал обработку события уведомления (13)."
"26.08.2026 2:57:07","812","Сведения","Microsoft-Windows-Winlogon","Подписчик уведомлений winlogon <TermSrv> закончил обработку события уведомления (5)."
"26.08.2026 2:57:07","811","Сведения","Microsoft-Windows-Winlogon","Подписчик уведомлений winlogon <TermSrv> начал обработку события уведомления (5)."
"26.08.2026 2:57:07","812","Сведения","Microsoft-Windows-Winlogon","Подписчик уведомлений winlogon <Sens> закончил обработку события уведомления (5)."
"26.08.2026 2:57:07","811","Сведения","Microsoft-Windows-Winlogon","Подписчик уведомлений winlogon <Sens> начал обработку события уведомления (5)."
"26.08.2026 2:57:01","812","Сведения","Microsoft-Windows-Winlogon","Подписчик уведомлений winlogon <TermSrv> закончил обработку события уведомления (4)."
"26.08.2026 2:57:01","811","Сведения","Microsoft-Windows-Winlogon","Подписчик уведомлений winlogon <TermSrv> начал обработку события уведомления (4)."
"26.08.2026 2:57:01","812","Сведения","Microsoft-Windows-Winlogon","Подписчик уведомлений winlogon <Sens> закончил обработку события уведомления (4)."
"26.08.2026 2:57:01","811","Сведения","Microsoft-Windows-Winlogon","Подписчик уведомлений winlogon <Sens> начал обработку события уведомления (4)."
"26.08.2026 2:57:01","812","Сведения","Microsoft-Windows-Winlogon","Подписчик уведомлений winlogon <TermSrv> закончил обработку события уведомления (12)."
"26.08.2026 2:57:01","811","Сведения","Microsoft-Windows-Winlogon","Подписчик уведомлений winlogon <TermSrv> начал обработку события уведомления (12)."
"26.08.2026 2:57:01","812","Сведения","Microsoft-Windows-Winlogon","Подписчик уведомлений winlogon <Sens> закончил обработку события уведомления (12)."
"26.08.2026 2:57:01","811","Сведения","Microsoft-Windows-Winlogon","Подписчик уведомлений winlogon <Sens> начал обработку события уведомления (12)."
"26.08.2026 2:57:01","812","Сведения","Microsoft-Windows-Winlogon","Подписчик уведомлений winlogon <GPClient> закончил обработку события уведомления (12)."
"26.08.2026 2:57:01","811","Сведения","Microsoft-Windows-Winlogon","Подписчик уведомлений winlogon <GPClient> начал обработку события уведомления (12)."
"26.08.2026 2:57:01","812","Сведения","Microsoft-Windows-Winlogon","Подписчик уведомлений winlogon <SessionEnv> закончил обработку события уведомления (12)."
"26.08.2026 2:57:01","811","Сведения","Microsoft-Windows-Winlogon","Подписчик уведомлений winlogon <SessionEnv> начал обработку события уведомления (12)."
"26.08.2026 2:57:01","812","Сведения","Microsoft-Windows-Winlogon","Подписчик уведомлений winlogon <Sens> закончил обработку события уведомления (2)."
"26.08.2026 2:57:01","811","Сведения","Microsoft-Windows-Winlogon","Подписчик уведомлений winlogon <Sens> начал обработку события уведомления (2)."
"26.08.2026 2:57:01","812","Сведения","Microsoft-Windows-Winlogon","Подписчик уведомлений winlogon <TermSrv> закончил обработку события уведомления (2)."
"26.08.2026 2:57:01","811","Сведения","Microsoft-Windows-Winlogon","Подписчик уведомлений winlogon <TermSrv> начал обработку события уведомления (2)."
"26.08.2026 2:57:01","812","Сведения","Microsoft-Windows-Winlogon","Подписчик уведомлений winlogon <GPClient> закончил обработку события уведомления (2)."
"26.08.2026 2:57:01","811","Сведения","Microsoft-Windows-Winlogon","Подписчик уведомлений winlogon <GPClient> начал обработку события уведомления (2)."
"26.08.2026 2:57:01","812","Сведения","Microsoft-Windows-Winlogon","Подписчик уведомлений winlogon <Profiles> закончил обработку события уведомления (2)."
"26.08.2026 2:56:30","811","Сведения","Microsoft-Windows-Winlogon","Подписчик уведомлений winlogon <Profiles> начал обработку события уведомления (2)."
"26.08.2026 2:56:30","812","Сведения","Microsoft-Windows-Winlogon","Подписчик уведомлений winlogon <SessionEnv> закончил обработку события уведомления (2)."
"26.08.2026 2:56:30","811","Сведения","Microsoft-Windows-Winlogon","Подписчик уведомлений winlogon <SessionEnv> начал обработку события уведомления (2)."
"26.08.2026 2:56:30","2","Сведения","Microsoft-Windows-Winlogon","Проверка подлинности остановлена. Результат 0"
"26.08.2026 2:56:30","1","Сведения","Microsoft-Windows-Winlogon","Аутентификация начата."
"26.08.2026 2:56:29","812","Сведения","Microsoft-Windows-Winlogon","Подписчик уведомлений winlogon <TermSrv> закончил обработку события уведомления (0)."
"26.08.2026 2:56:29","811","Сведения","Microsoft-Windows-Winlogon","Подписчик уведомлений winlogon <TermSrv> начал обработку события уведомления (0)."
"26.08.2026 2:56:29","812","Сведения","Microsoft-Windows-Winlogon","Подписчик уведомлений winlogon <GPClient> закончил обработку события уведомления (0)."
"26.08.2026 2:56:29","811","Сведения","Microsoft-Windows-Winlogon","Подписчик уведомлений winlogon <GPClient> начал обработку события уведомления (0)."
"26.08.2026 2:55:24","812","Сведения","Microsoft-Windows-Winlogon","Подписчик уведомлений winlogon <TermSrv> закончил обработку события уведомления (1)."
"26.08.2026 2:55:24","811","Сведения","Microsoft-Windows-Winlogon","Подписчик уведомлений winlogon <TermSrv> начал обработку события уведомления (1)."
"26.08.2026 2:55:24","812","Сведения","Microsoft-Windows-Winlogon","Подписчик уведомлений winlogon <Wlansvc> закончил обработку события уведомления (3)."
"26.08.2026 2:55:24","811","Сведения","Microsoft-Windows-Winlogon","Подписчик уведомлений winlogon <Wlansvc> начал обработку события уведомления (3)."
"26.08.2026 2:55:24","812","Сведения","Microsoft-Windows-Winlogon","Подписчик уведомлений winlogon <SessionEnv> закончил обработку события уведомления (3)."
"26.08.2026 2:55:24","811","Сведения","Microsoft-Windows-Winlogon","Подписчик уведомлений winlogon <SessionEnv> начал обработку события уведомления (3)."
"26.08.2026 2:55:24","812","Сведения","Microsoft-Windows-Winlogon","Подписчик уведомлений winlogon <Profiles> закончил обработку события уведомления (3)."
"26.08.2026 2:55:24","811","Сведения","Microsoft-Windows-Winlogon","Подписчик уведомлений winlogon <Profiles> начал обработку события уведомления (3)."
"26.08.2026 2:55:24","812","Сведения","Microsoft-Windows-Winlogon","Подписчик уведомлений winlogon <GPClient> закончил обработку события уведомления (3)."
"26.08.2026 2:55:24","811","Сведения","Microsoft-Windows-Winlogon","Подписчик уведомлений winlogon <GPClient> начал обработку события уведомления (3)."
"26.08.2026 2:55:24","812","Сведения","Microsoft-Windows-Winlogon","Подписчик уведомлений winlogon <TermSrv> закончил обработку события уведомления (3)."
"26.08.2026 2:55:24","811","Сведения","Microsoft-Windows-Winlogon","Подписчик уведомлений winlogon <TermSrv> начал обработку события уведомления (3)."
"26.08.2026 2:55:24","812","Сведения","Microsoft-Windows-Winlogon","Подписчик уведомлений winlogon <Sens> закончил обработку события уведомления (3)."
"26.08.2026 2:55:24","811","Сведения","Microsoft-Windows-Winlogon","Подписчик уведомлений winlogon <Sens> начал обработку события уведомления (3)."
"26.08.2026 2:55:24","812","Сведения","Microsoft-Windows-Winlogon","Подписчик уведомлений winlogon <TermSrv> закончил обработку события уведомления (13)."
"26.08.2026 2:55:24","811","Сведения","Microsoft-Windows-Winlogon","Подписчик уведомлений winlogon <TermSrv> начал обработку события уведомления (13)."
"26.08.2026 2:55:24","812","Сведения","Microsoft-Windows-Winlogon","Подписчик уведомлений winlogon <GPClient> закончил обработку события уведомления (13)."
"26.08.2026 2:55:24","811","Сведения","Microsoft-Windows-Winlogon","Подписчик уведомлений winlogon <GPClient> начал обработку события уведомления (13)."
"26.08.2026 2:55:24","812","Сведения","Microsoft-Windows-Winlogon","Подписчик уведомлений winlogon <GPClient> закончил обработку события уведомления (13)."
"26.08.2026 2:55:24","811","Сведения","Microsoft-Windows-Winlogon","Подписчик уведомлений winlogon <GPClient> начал обработку события уведомления (13)."
"25.08.2026 17:54:23","812","Сведения","Microsoft-Windows-Winlogon","Подписчик уведомлений winlogon <TermSrv> закончил обработку события уведомления (5)."
"25.08.2026 17:54:23","811","Сведения","Microsoft-Windows-Winlogon","Подписчик уведомлений winlogon <TermSrv> начал обработку события уведомления (5)."
"25.08.2026 17:54:23","812","Сведения","Microsoft-Windows-Winlogon","Подписчик уведомлений winlogon <Sens> закончил обработку события уведомления (5)."
"25.08.2026 17:54:23","811","Сведения","Microsoft-Windows-Winlogon","Подписчик уведомлений winlogon <Sens> начал обработку события уведомления (5)."
"25.08.2026 17:54:18","812","Сведения","Microsoft-Windows-Winlogon","Подписчик уведомлений winlogon <TermSrv> закончил обработку события уведомления (4)."
"25.08.2026 17:54:18","811","Сведения","Microsoft-Windows-Winlogon","Подписчик уведомлений winlogon <TermSrv> начал обработку события уведомления (4)."
"25.08.2026 17:54:18","812","Сведения","Microsoft-Windows-Winlogon","Подписчик уведомлений winlogon <Sens> закончил обработку события уведомления (4)."
"25.08.2026 17:54:18","811","Сведения","Microsoft-Windows-Winlogon","Подписчик уведомлений winlogon <Sens> начал обработку события уведомления (4)."
"25.08.2026 17:54:17","812","Сведения","Microsoft-Windows-Winlogon","Подписчик уведомлений winlogon <TermSrv> закончил обработку события уведомления (12)."
"25.08.2026 17:54:17","811","Сведения","Microsoft-Windows-Winlogon","Подписчик уведомлений winlogon <TermSrv> начал обработку события уведомления (12)."
"25.08.2026 17:54:17","812","Сведения","Microsoft-Windows-Winlogon","Подписчик уведомлений winlogon <Sens> закончил обработку события уведомления (12)."
"25.08.2026 17:54:17","811","Сведения","Microsoft-Windows-Winlogon","Подписчик уведомлений winlogon <Sens> начал обработку события уведомления (12)."
"25.08.2026 17:54:17","812","Сведения","Microsoft-Windows-Winlogon","Подписчик уведомлений winlogon <GPClient> закончил обработку события уведомления (12)."
"25.08.2026 17:54:17","811","Сведения","Microsoft-Windows-Winlogon","Подписчик уведомлений winlogon <GPClient> начал обработку события уведомления (12)."
"25.08.2026 17:54:17","812","Сведения","Microsoft-Windows-Winlogon","Подписчик уведомлений winlogon <SessionEnv> закончил обработку события уведомления (12)."
"25.08.2026 17:54:17","811","Сведения","Microsoft-Windows-Winlogon","Подписчик уведомлений winlogon <SessionEnv> начал обработку события уведомления (12)."
"25.08.2026 17:54:17","812","Сведения","Microsoft-Windows-Winlogon","Подписчик уведомлений winlogon <Sens> закончил обработку события уведомления (2)."
"25.08.2026 17:54:17","811","Сведения","Microsoft-Windows-Winlogon","Подписчик уведомлений winlogon <Sens> начал обработку события уведомления (2)."
"25.08.2026 17:54:17","812","Сведения","Microsoft-Windows-Winlogon","Подписчик уведомлений winlogon <TermSrv> закончил обработку события уведомления (2)."
"25.08.2026 17:54:17","811","Сведения","Microsoft-Windows-Winlogon","Подписчик уведомлений winlogon <TermSrv> начал обработку события уведомления (2)."
"25.08.2026 17:54:17","812","Сведения","Microsoft-Windows-Winlogon","Подписчик уведомлений winlogon <GPClient> закончил обработку события уведомления (2)."
"25.08.2026 17:54:17","811","Сведения","Microsoft-Windows-Winlogon","Подписчик уведомлений winlogon <GPClient> начал обработку события уведомления (2)."
"25.08.2026 17:54:17","812","Сведения","Microsoft-Windows-Winlogon","Подписчик уведомлений winlogon <Profiles> закончил обработку события уведомления (2)."
"25.08.2026 17:53:46","811","Сведения","Microsoft-Windows-Winlogon","Подписчик уведомлений winlogon <Profiles> начал обработку события уведомления (2)."
"25.08.2026 17:53:46","812","Сведения","Microsoft-Windows-Winlogon","Подписчик уведомлений winlogon <SessionEnv> закончил обработку события уведомления (2)."
"25.08.2026 17:53:46","811","Сведения","Microsoft-Windows-Winlogon","Подписчик уведомлений winlogon <SessionEnv> начал обработку события уведомления (2)."
"25.08.2026 17:53:46","2","Сведения","Microsoft-Windows-Winlogon","Проверка подлинности остановлена. Результат 0"
"25.08.2026 17:53:46","1","Сведения","Microsoft-Windows-Winlogon","Аутентификация начата."
"25.08.2026 17:53:45","812","Сведения","Microsoft-Windows-Winlogon","Подписчик уведомлений winlogon <TermSrv> закончил обработку события уведомления (0)."
"25.08.2026 17:53:45","811","Сведения","Microsoft-Windows-Winlogon","Подписчик уведомлений winlogon <TermSrv> начал обработку события уведомления (0)."
"25.08.2026 17:53:45","812","Сведения","Microsoft-Windows-Winlogon","Подписчик уведомлений winlogon <GPClient> закончил обработку события уведомления (0)."
"25.08.2026 17:53:45","811","Сведения","Microsoft-Windows-Winlogon","Подписчик уведомлений winlogon <GPClient> начал обработку события уведомления (0)."
"25.08.2026 17:52:31","812","Сведения","Microsoft-Windows-Winlogon","Подписчик уведомлений winlogon <TermSrv> закончил обработку события уведомления (1)."
"25.08.2026 17:52:31","811","Сведения","Microsoft-Windows-Winlogon","Подписчик уведомлений winlogon <TermSrv> начал обработку события уведомления (1)."
"25.08.2026 17:52:31","812","Сведения","Microsoft-Windows-Winlogon","Подписчик уведомлений winlogon <Wlansvc> закончил обработку события уведомления (3)."
"25.08.2026 17:52:31","811","Сведения","Microsoft-Windows-Winlogon","Подписчик уведомлений winlogon <Wlansvc> начал обработку события уведомления (3)."
"25.08.2026 17:52:31","812","Сведения","Microsoft-Windows-Winlogon","Подписчик уведомлений winlogon <SessionEnv> закончил обработку события уведомления (3)."
"25.08.2026 17:52:31","811","Сведения","Microsoft-Windows-Winlogon","Подписчик уведомлений winlogon <SessionEnv> начал обработку события уведомления (3)."
"25.08.2026 17:52:31","812","Сведения","Microsoft-Windows-Winlogon","Подписчик уведомлений winlogon <Profiles> закончил обработку события уведомления (3)."
"25.08.2026 17:52:31","811","Сведения","Microsoft-Windows-Winlogon","Подписчик уведомлений winlogon <Profiles> начал обработку события уведомления (3)."
"25.08.2026 17:52:31","812","Сведения","Microsoft-Windows-Winlogon","Подписчик уведомлений winlogon <GPClient> закончил обработку события уведомления (3)."
"25.08.2026 17:52:31","811","Сведения","Microsoft-Windows-Winlogon","Подписчик уведомлений winlogon <GPClient> начал обработку события уведомления (3)."
"25.08.2026 17:52:31","812","Сведения","Microsoft-Windows-Winlogon","Подписчик уведомлений winlogon <TermSrv> закончил обработку события уведомления (3)."
"25.08.2026 17:52:31","811","Сведения","Microsoft-Windows-Winlogon","Подписчик уведомлений winlogon <TermSrv> начал обработку события уведомления (3)."
"25.08.2026 17:52:31","812","Сведения","Microsoft-Windows-Winlogon","Подписчик уведомлений winlogon <Sens> закончил обработку события уведомления (3)."
"25.08.2026 17:52:31","811","Сведения","Microsoft-Windows-Winlogon","Подписчик уведомлений winlogon <Sens> начал обработку события уведомления (3)."
"25.08.2026 17:52:31","812","Сведения","Microsoft-Windows-Winlogon","Подписчик уведомлений winlogon <TermSrv> закончил обработку события уведомления (13)."
"25.08.2026 17:52:31","811","Сведения","Microsoft-Windows-Winlogon","Подписчик уведомлений winlogon <TermSrv> начал обработку события уведомления (13)."
"25.08.2026 17:52:31","812","Сведения","Microsoft-Windows-Winlogon","Подписчик уведомлений winlogon <GPClient> закончил обработку события уведомления (13)."
"25.08.2026 17:52:31","811","Сведения","Microsoft-Windows-Winlogon","Подписчик уведомлений winlogon <GPClient> начал обработку события уведомления (13)."
"25.08.2026 17:52:31","812","Сведения","Microsoft-Windows-Winlogon","Подписчик уведомлений winlogon <GPClient> закончил обработку события уведомления (13)."
"25.08.2026 17:52:31","811","Сведения","Microsoft-Windows-Winlogon","Подписчик уведомлений winlogon <GPClient> начал обработку события уведомления (13)."
"23.08.2026 16:34:16","812","Сведения","Microsoft-Windows-Winlogon","Подписчик уведомлений winlogon <TermSrv> закончил обработку события уведомления (5)."
"23.08.2026 16:34:16","811","Сведения","Microsoft-Windows-Winlogon","Подписчик уведомлений winlogon <TermSrv> начал обработку события уведомления (5)."
"23.08.2026 16:34:16","812","Сведения","Microsoft-Windows-Winlogon","Подписчик уведомлений winlogon <Sens> закончил обработку события уведомления (5)."
"23.08.2026 16:34:16","811","Сведения","Microsoft-Windows-Winlogon","Подписчик уведомлений winlogon <Sens> начал обработку события уведомления (5)."
"23.08.2026 12:33:37","812","Сведения","Microsoft-Windows-Winlogon","Подписчик уведомлений winlogon <TermSrv> закончил обработку события уведомления (4)."
"23.08.2026 12:33:37","811","Сведения","Microsoft-Windows-Winlogon","Подписчик уведомлений winlogon <TermSrv> начал обработку события уведомления (4)."
"23.08.2026 12:33:37","812","Сведения","Microsoft-Windows-Winlogon","Подписчик уведомлений winlogon <Sens> закончил обработку события уведомления (4)."
"23.08.2026 12:33:37","811","Сведения","Microsoft-Windows-Winlogon","Подписчик уведомлений winlogon <Sens> начал обработку события уведомления (4)."
"23.08.2026 12:33:37","812","Сведения","Microsoft-Windows-Winlogon","Подписчик уведомлений winlogon <TermSrv> закончил обработку события уведомления (12)."
"23.08.2026 12:33:37","811","Сведения","Microsoft-Windows-Winlogon","Подписчик уведомлений winlogon <TermSrv> начал обработку события уведомления (12)."
"23.08.2026 12:33:37","812","Сведения","Microsoft-Windows-Winlogon","Подписчик уведомлений winlogon <Sens> закончил обработку события уведомления (12)."
"23.08.2026 12:33:37","811","Сведения","Microsoft-Windows-Winlogon","Подписчик уведомлений winlogon <Sens> начал обработку события уведомления (12)."
"23.08.2026 12:33:37","812","Сведения","Microsoft-Windows-Winlogon","Подписчик уведомлений winlogon <GPClient> закончил обработку события уведомления (12)."
"23.08.2026 12:33:37","811","Сведения","Microsoft-Windows-Winlogon","Подписчик уведомлений winlogon <GPClient> начал обработку события уведомления (12)."
"23.08.2026 12:33:37","812","Сведения","Microsoft-Windows-Winlogon","Подписчик уведомлений winlogon <SessionEnv> закончил обработку события уведомления (12)."
"23.08.2026 12:33:37","811","Сведения","Microsoft-Windows-Winlogon","Подписчик уведомлений winlogon <SessionEnv> начал обработку события уведомления (12)."
"23.08.2026 12:33:37","812","Сведения","Microsoft-Windows-Winlogon","Подписчик уведомлений winlogon <Sens> закончил обработку события уведомления (2)."
"23.08.2026 12:33:37","811","Сведения","Microsoft-Windows-Winlogon","Подписчик уведомлений winlogon <Sens> начал обработку события уведомления (2)."
"23.08.2026 12:33:37","812","Сведения","Microsoft-Windows-Winlogon","Подписчик уведомлений winlogon <TermSrv> закончил обработку события уведомления (2)."
"23.08.2026 12:33:37","811","Сведения","Microsoft-Windows-Winlogon","Подписчик уведомлений winlogon <TermSrv> начал обработку события уведомления (2)."
"23.08.2026 12:33:37","812","Сведения","Microsoft-Windows-Winlogon","Подписчик уведомлений winlogon <GPClient> закончил обработку события уведомления (2)."
"23.08.2026 12:33:37","811","Сведения","Microsoft-Windows-Winlogon","Подписчик уведомлений winlogon <GPClient> начал обработку события уведомления (2)."
"23.08.2026 12:33:37","812","Сведения","Microsoft-Windows-Winlogon","Подписчик уведомлений winlogon <Profiles> закончил обработку события уведомления (2)."
"23.08.2026 12:33:06","811","Сведения","Microsoft-Windows-Winlogon","Подписчик уведомлений winlogon <Profiles> начал обработку события уведомления (2)."
"23.08.2026 12:33:06","812","Сведения","Microsoft-Windows-Winlogon","Подписчик уведомлений winlogon <SessionEnv> закончил обработку события уведомления (2)."
"23.08.2026 12:33:06","811","Сведения","Microsoft-Windows-Winlogon","Подписчик уведомлений winlogon <SessionEnv> начал обработку события уведомления (2)."
"23.08.2026 12:33:06","2","Сведения","Microsoft-Windows-Winlogon","Проверка подлинности остановлена. Результат 0"
"23.08.2026 12:33:06","1","Сведения","Microsoft-Windows-Winlogon","Аутентификация начата."
"23.08.2026 12:33:05","812","Сведения","Microsoft-Windows-Winlogon","Подписчик уведомлений winlogon <TermSrv> закончил обработку события уведомления (0)."
"23.08.2026 12:33:05","811","Сведения","Microsoft-Windows-Winlogon","Подписчик уведомлений winlogon <TermSrv> начал обработку события уведомления (0)."
"23.08.2026 12:33:05","812","Сведения","Microsoft-Windows-Winlogon","Подписчик уведомлений winlogon <GPClient> закончил обработку события уведомления (0)."
"23.08.2026 12:33:05","811","Сведения","Microsoft-Windows-Winlogon","Подписчик уведомлений winlogon <GPClient> начал обработку события уведомления (0)."
"23.08.2026 12:31:29","812","Сведения","Microsoft-Windows-Winlogon","Подписчик уведомлений winlogon <TermSrv> закончил обработку события уведомления (1)."
"23.08.2026 12:31:29","811","Сведения","Microsoft-Windows-Winlogon","Подписчик уведомлений winlogon <TermSrv> начал обработку события уведомления (1)."
"23.08.2026 12:31:29","812","Сведения","Microsoft-Windows-Winlogon","Подписчик уведомлений winlogon <Wlansvc> закончил обработку события уведомления (3)."
"23.08.2026 12:31:29","811","Сведения","Microsoft-Windows-Winlogon","Подписчик уведомлений winlogon <Wlansvc> начал обработку события уведомления (3)."
"23.08.2026 12:31:29","812","Сведения","Microsoft-Windows-Winlogon","Подписчик уведомлений winlogon <SessionEnv> закончил обработку события уведомления (3)."
"23.08.2026 12:31:29","811","Сведения","Microsoft-Windows-Winlogon","Подписчик уведомлений winlogon <SessionEnv> начал обработку события уведомления (3)."
"23.08.2026 12:31:29","812","Сведения","Microsoft-Windows-Winlogon","Подписчик уведомлений winlogon <Profiles> закончил обработку события уведомления (3)."
"23.08.2026 12:31:29","811","Сведения","Microsoft-Windows-Winlogon","Подписчик уведомлений winlogon <Profiles> начал обработку события уведомления (3)."
"23.08.2026 12:31:29","812","Сведения","Microsoft-Windows-Winlogon","Подписчик уведомлений winlogon <GPClient> закончил обработку события уведомления (3)."
"23.08.2026 12:31:29","811","Сведения","Microsoft-Windows-Winlogon","Подписчик уведомлений winlogon <GPClient> начал обработку события уведомления (3)."
"23.08.2026 12:31:29","812","Сведения","Microsoft-Windows-Winlogon","Подписчик уведомлений winlogon <TermSrv> закончил обработку события уведомления (3)."
"23.08.2026 12:31:29","811","Сведения","Microsoft-Windows-Winlogon","Подписчик уведомлений winlogon <TermSrv> начал обработку события уведомления (3)."
"23.08.2026 12:31:29","812","Сведения","Microsoft-Windows-Winlogon","Подписчик уведомлений winlogon <Sens> закончил обработку события уведомления (3)."
"23.08.2026 12:31:29","811","Сведения","Microsoft-Windows-Winlogon","Подписчик уведомлений winlogon <Sens> начал обработку события уведомления (3)."
"23.08.2026 12:31:29","812","Сведения","Microsoft-Windows-Winlogon","Подписчик уведомлений winlogon <TermSrv> закончил обработку события уведомления (13)."
"23.08.2026 12:31:29","811","Сведения","Microsoft-Windows-Winlogon","Подписчик уведомлений winlogon <TermSrv> начал обработку события уведомления (13)."
"23.08.2026 12:31:29","812","Сведения","Microsoft-Windows-Winlogon","Подписчик уведомлений winlogon <GPClient> закончил обработку события уведомления (13)."
"23.08.2026 12:31:29","811","Сведения","Microsoft-Windows-Winlogon","Подписчик уведомлений winlogon <GPClient> начал обработку события уведомления (13)."
"23.08.2026 12:31:29","812","Сведения","Microsoft-Windows-Winlogon","Подписчик уведомлений winlogon <GPClient> закончил обработку события уведомления (13)."
"23.08.2026 12:31:29","811","Сведения","Microsoft-Windows-Winlogon","Подписчик уведомлений winlogon <GPClient> начал обработку события уведомления (13)."
"15.08.2026 22:04:02","812","Сведения","Microsoft-Windows-Winlogon","Подписчик уведомлений winlogon <TermSrv> закончил обработку события уведомления (5)."
"15.08.2026 22:04:02","811","Сведения","Microsoft-Windows-Winlogon","Подписчик уведомлений winlogon <TermSrv> начал обработку события уведомления (5)."
"15.08.2026 22:04:02","812","Сведения","Microsoft-Windows-Winlogon","Подписчик уведомлений winlogon <Sens> закончил обработку события уведомления (5)."
"15.08.2026 22:04:02","811","Сведения","Microsoft-Windows-Winlogon","Подписчик уведомлений winlogon <Sens> начал обработку события уведомления (5)."
"15.08.2026 22:03:44","812","Сведения","Microsoft-Windows-Winlogon","Подписчик уведомлений winlogon <TermSrv> закончил обработку события уведомления (4)."
"15.08.2026 22:03:44","811","Сведения","Microsoft-Windows-Winlogon","Подписчик уведомлений winlogon <TermSrv> начал обработку события уведомления (4)."
"15.08.2026 22:03:44","812","Сведения","Microsoft-Windows-Winlogon","Подписчик уведомлений winlogon <Sens> закончил обработку события уведомления (4)."
"15.08.2026 22:03:44","811","Сведения","Microsoft-Windows-Winlogon","Подписчик уведомлений winlogon <Sens> начал обработку события уведомления (4)."
"15.08.2026 22:03:44","812","Сведения","Microsoft-Windows-Winlogon","Подписчик уведомлений winlogon <TermSrv> закончил обработку события уведомления (12)."
"15.08.2026 22:03:44","811","Сведения","Microsoft-Windows-Winlogon","Подписчик уведомлений winlogon <TermSrv> начал обработку события уведомления (12)."
"15.08.2026 22:03:44","812","Сведения","Microsoft-Windows-Winlogon","Подписчик уведомлений winlogon <Sens> закончил обработку события уведомления (12)."
"15.08.2026 22:03:44","811","Сведения","Microsoft-Windows-Winlogon","Подписчик уведомлений winlogon <Sens> начал обработку события уведомления (12)."
"15.08.2026 22:03:44","812","Сведения","Microsoft-Windows-Winlogon","Подписчик уведомлений winlogon <GPClient> закончил обработку события уведомления (12)."
"15.08.2026 22:03:44","811","Сведения","Microsoft-Windows-Winlogon","Подписчик уведомлений winlogon <GPClient> начал обработку события уведомления (12)."
"15.08.2026 22:03:44","812","Сведения","Microsoft-Windows-Winlogon","Подписчик уведомлений winlogon <SessionEnv> закончил обработку события уведомления (12)."
"15.08.2026 22:03:44","811","Сведения","Microsoft-Windows-Winlogon","Подписчик уведомлений winlogon <SessionEnv> начал обработку события уведомления (12)."
"15.08.2026 22:03:44","812","Сведения","Microsoft-Windows-Winlogon","Подписчик уведомлений winlogon <Sens> закончил обработку события уведомления (2)."
"15.08.2026 22:03:44","811","Сведения","Microsoft-Windows-Winlogon","Подписчик уведомлений winlogon <Sens> начал обработку события уведомления (2)."
"15.08.2026 22:03:44","812","Сведения","Microsoft-Windows-Winlogon","Подписчик уведомлений winlogon <TermSrv> закончил обработку события уведомления (2)."
"15.08.2026 22:03:44","811","Сведения","Microsoft-Windows-Winlogon","Подписчик уведомлений winlogon <TermSrv> начал обработку события уведомления (2)."
"15.08.2026 22:03:44","812","Сведения","Microsoft-Windows-Winlogon","Подписчик уведомлений winlogon <GPClient> закончил обработку события уведомления (2)."
"15.08.2026 22:03:44","811","Сведения","Microsoft-Windows-Winlogon","Подписчик уведомлений winlogon <GPClient> начал обработку события уведомления (2)."
"15.08.2026 22:03:44","812","Сведения","Microsoft-Windows-Winlogon","Подписчик уведомлений winlogon <Profiles> закончил обработку события уведомления (2)."
"15.08.2026 22:03:13","811","Сведения","Microsoft-Windows-Winlogon","Подписчик уведомлений winlogon <Profiles> начал обработку события уведомления (2)."
"15.08.2026 22:03:13","812","Сведения","Microsoft-Windows-Winlogon","Подписчик уведомлений winlogon <SessionEnv> закончил обработку события уведомления (2)."
"15.08.2026 22:03:13","811","Сведения","Microsoft-Windows-Winlogon","Подписчик уведомлений winlogon <SessionEnv> начал обработку события уведомления (2)."
"15.08.2026 22:03:12","2","Сведения","Microsoft-Windows-Winlogon","Проверка подлинности остановлена. Результат 0"
"15.08.2026 22:03:12","1","Сведения","Microsoft-Windows-Winlogon","Аутентификация начата."
"15.08.2026 22:03:12","812","Сведения","Microsoft-Windows-Winlogon","Подписчик уведомлений winlogon <TermSrv> закончил обработку события уведомления (0)."
"15.08.2026 22:03:12","811","Сведения","Microsoft-Windows-Winlogon","Подписчик уведомлений winlogon <TermSrv> начал обработку события уведомления (0)."
"15.08.2026 22:03:12","812","Сведения","Microsoft-Windows-Winlogon","Подписчик уведомлений winlogon <GPClient> закончил обработку события уведомления (0)."
"15.08.2026 22:03:12","811","Сведения","Microsoft-Windows-Winlogon","Подписчик уведомлений winlogon <GPClient> начал обработку события уведомления (0)."
"15.08.2026 22:02:03","812","Сведения","Microsoft-Windows-Winlogon","Подписчик уведомлений winlogon <TermSrv> закончил обработку события уведомления (1)."
"15.08.2026 22:02:03","811","Сведения","Microsoft-Windows-Winlogon","Подписчик уведомлений winlogon <TermSrv> начал обработку события уведомления (1)."
"15.08.2026 22:02:03","812","Сведения","Microsoft-Windows-Winlogon","Подписчик уведомлений winlogon <Wlansvc> закончил обработку события уведомления (3)."
"15.08.2026 22:02:03","811","Сведения","Microsoft-Windows-Winlogon","Подписчик уведомлений winlogon <Wlansvc> начал обработку события уведомления (3)."
"15.08.2026 22:02:03","812","Сведения","Microsoft-Windows-Winlogon","Подписчик уведомлений winlogon <SessionEnv> закончил обработку события уведомления (3)."
"15.08.2026 22:02:03","811","Сведения","Microsoft-Windows-Winlogon","Подписчик уведомлений winlogon <SessionEnv> начал обработку события уведомления (3)."
"15.08.2026 22:02:03","812","Сведения","Microsoft-Windows-Winlogon","Подписчик уведомлений winlogon <Profiles> закончил обработку события уведомления (3)."
"15.08.2026 22:02:03","811","Сведения","Microsoft-Windows-Winlogon","Подписчик уведомлений winlogon <Profiles> начал обработку события уведомления (3)."
"15.08.2026 22:02:03","812","Сведения","Microsoft-Windows-Winlogon","Подписчик уведомлений winlogon <GPClient> закончил обработку события уведомления (3)."
"15.08.2026 22:02:03","811","Сведения","Microsoft-Windows-Winlogon","Подписчик уведомлений winlogon <GPClient> начал обработку события уведомления (3)."
"15.08.2026 22:02:03","812","Сведения","Microsoft-Windows-Winlogon","Подписчик уведомлений winlogon <TermSrv> закончил обработку события уведомления (3)."
"15.08.2026 22:02:03","811","Сведения","Microsoft-Windows-Winlogon","Подписчик уведомлений winlogon <TermSrv> начал обработку события уведомления (3)."
"15.08.2026 22:02:03","812","Сведения","Microsoft-Windows-Winlogon","Подписчик уведомлений winlogon <Sens> закончил обработку события уведомления (3)."
"15.08.2026 22:02:03","811","Сведения","Microsoft-Windows-Winlogon","Подписчик уведомлений winlogon <Sens> начал обработку события уведомления (3)."
"15.08.2026 22:02:03","812","Сведения","Microsoft-Windows-Winlogon","Подписчик уведомлений winlogon <TermSrv> закончил обработку события уведомления (13)."
"15.08.2026 22:02:03","811","Сведения","Microsoft-Windows-Winlogon","Подписчик уведомлений winlogon <TermSrv> начал обработку события уведомления (13)."
"15.08.2026 22:02:03","812","Сведения","Microsoft-Windows-Winlogon","Подписчик уведомлений winlogon <GPClient> закончил обработку события уведомления (13)."
"15.08.2026 22:02:03","811","Сведения","Microsoft-Windows-Winlogon","Подписчик уведомлений winlogon <GPClient> начал обработку события уведомления (13)."
"15.08.2026 22:02:03","812","Сведения","Microsoft-Windows-Winlogon","Подписчик уведомлений winlogon <GPClient> закончил обработку события уведомления (13)."
"15.08.2026 22:02:03","811","Сведения","Microsoft-Windows-Winlogon","Подписчик уведомлений winlogon <GPClient> начал обработку события уведомления (13)."
"13.08.2026 23:57:39","812","Сведения","Microsoft-Windows-Winlogon","Подписчик уведомлений winlogon <TermSrv> закончил обработку события уведомления (5)."
"13.08.2026 23:57:39","811","Сведения","Microsoft-Windows-Winlogon","Подписчик уведомлений winlogon <TermSrv> начал обработку события уведомления (5)."
"13.08.2026 23:57:39","812","Сведения","Microsoft-Windows-Winlogon","Подписчик уведомлений winlogon <Sens> закончил обработку события уведомления (5)."
"13.08.2026 23:57:39","811","Сведения","Microsoft-Windows-Winlogon","Подписчик уведомлений winlogon <Sens> начал обработку события уведомления (5)."
"13.08.2026 23:57:07","812","Сведения","Microsoft-Windows-Winlogon","Подписчик уведомлений winlogon <TermSrv> закончил обработку события уведомления (4)."
"13.08.2026 23:57:07","811","Сведения","Microsoft-Windows-Winlogon","Подписчик уведомлений winlogon <TermSrv> начал обработку события уведомления (4)."
"13.08.2026 23:57:07","812","Сведения","Microsoft-Windows-Winlogon","Подписчик уведомлений winlogon <Sens> закончил обработку события уведомления (4)."
"13.08.2026 23:57:07","811","Сведения","Microsoft-Windows-Winlogon","Подписчик уведомлений winlogon <Sens> начал обработку события уведомления (4)."
"13.08.2026 23:57:07","812","Сведения","Microsoft-Windows-Winlogon","Подписчик уведомлений winlogon <TermSrv> закончил обработку события уведомления (12)."
"13.08.2026 23:57:07","811","Сведения","Microsoft-Windows-Winlogon","Подписчик уведомлений winlogon <TermSrv> начал обработку события уведомления (12)."
"13.08.2026 23:57:07","812","Сведения","Microsoft-Windows-Winlogon","Подписчик уведомлений winlogon <Sens> закончил обработку события уведомления (12)."
"13.08.2026 23:57:07","811","Сведения","Microsoft-Windows-Winlogon","Подписчик уведомлений winlogon <Sens> начал обработку события уведомления (12)."
"13.08.2026 23:57:07","812","Сведения","Microsoft-Windows-Winlogon","Подписчик уведомлений winlogon <GPClient> закончил обработку события уведомления (12)."
"13.08.2026 23:57:07","811","Сведения","Microsoft-Windows-Winlogon","Подписчик уведомлений winlogon <GPClient> начал обработку события уведомления (12)."
"13.08.2026 23:57:07","812","Сведения","Microsoft-Windows-Winlogon","Подписчик уведомлений winlogon <SessionEnv> закончил обработку события уведомления (12)."
"13.08.2026 23:57:07","811","Сведения","Microsoft-Windows-Winlogon","Подписчик уведомлений winlogon <SessionEnv> начал обработку события уведомления (12)."
"13.08.2026 23:57:07","812","Сведения","Microsoft-Windows-Winlogon","Подписчик уведомлений winlogon <Sens> закончил обработку события уведомления (2)."
"13.08.2026 23:57:07","811","Сведения","Microsoft-Windows-Winlogon","Подписчик уведомлений winlogon <Sens> начал обработку события уведомления (2)."
"13.08.2026 23:57:07","812","Сведения","Microsoft-Windows-Winlogon","Подписчик уведомлений winlogon <TermSrv> закончил обработку события уведомления (2)."
"13.08.2026 23:57:07","811","Сведения","Microsoft-Windows-Winlogon","Подписчик уведомлений winlogon <TermSrv> начал обработку события уведомления (2)."
"13.08.2026 23:57:07","812","Сведения","Microsoft-Windows-Winlogon","Подписчик уведомлений winlogon <GPClient> закончил обработку события уведомления (2)."
"13.08.2026 23:57:07","811","Сведения","Microsoft-Windows-Winlogon","Подписчик уведомлений winlogon <GPClient> начал обработку события уведомления (2)."
"13.08.2026 23:57:07","812","Сведения","Microsoft-Windows-Winlogon","Подписчик уведомлений winlogon <Profiles> закончил обработку события уведомления (2)."
"13.08.2026 23:56:39","811","Сведения","Microsoft-Windows-Winlogon","Подписчик уведомлений winlogon <Profiles> начал обработку события уведомления (2)."
"13.08.2026 23:56:39","812","Сведения","Microsoft-Windows-Winlogon","Подписчик уведомлений winlogon <SessionEnv> закончил обработку события уведомления (2)."
"13.08.2026 23:56:39","811","Сведения","Microsoft-Windows-Winlogon","Подписчик уведомлений winlogon <SessionEnv> начал обработку события уведомления (2)."
"13.08.2026 23:56:37","2","Сведения","Microsoft-Windows-Winlogon","Проверка подлинности остановлена. Результат 0"
"13.08.2026 23:56:37","1","Сведения","Microsoft-Windows-Winlogon","Аутентификация начата."
"13.08.2026 23:56:37","812","Сведения","Microsoft-Windows-Winlogon","Подписчик уведомлений winlogon <TermSrv> закончил обработку события уведомления (0)."
"13.08.2026 23:56:37","811","Сведения","Microsoft-Windows-Winlogon","Подписчик уведомлений winlogon <TermSrv> начал обработку события уведомления (0)."
"13.08.2026 23:56:37","812","Сведения","Microsoft-Windows-Winlogon","Подписчик уведомлений winlogon <GPClient> закончил обработку события уведомления (0)."
"13.08.2026 23:56:37","811","Сведения","Microsoft-Windows-Winlogon","Подписчик уведомлений winlogon <GPClient> начал обработку события уведомления (0)."
"13.08.2026 23:55:36","812","Сведения","Microsoft-Windows-Winlogon","Подписчик уведомлений winlogon <TermSrv> закончил обработку события уведомления (1)."
"13.08.2026 23:55:36","811","Сведения","Microsoft-Windows-Winlogon","Подписчик уведомлений winlogon <TermSrv> начал обработку события уведомления (1)."
"13.08.2026 23:55:36","812","Сведения","Microsoft-Windows-Winlogon","Подписчик уведомлений winlogon <Wlansvc> закончил обработку события уведомления (3)."
"13.08.2026 23:55:36","811","Сведения","Microsoft-Windows-Winlogon","Подписчик уведомлений winlogon <Wlansvc> начал обработку события уведомления (3)."
"13.08.2026 23:55:36","812","Сведения","Microsoft-Windows-Winlogon","Подписчик уведомлений winlogon <SessionEnv> закончил обработку события уведомления (3)."
"13.08.2026 23:55:36","811","Сведения","Microsoft-Windows-Winlogon","Подписчик уведомлений winlogon <SessionEnv> начал обработку события уведомления (3)."
"13.08.2026 23:55:36","812","Сведения","Microsoft-Windows-Winlogon","Подписчик уведомлений winlogon <Profiles> закончил обработку события уведомления (3)."
"13.08.2026 23:55:36","811","Сведения","Microsoft-Windows-Winlogon","Подписчик уведомлений winlogon <Profiles> начал обработку события уведомления (3)."
"13.08.2026 23:55:36","812","Сведения","Microsoft-Windows-Winlogon","Подписчик уведомлений winlogon <GPClient> закончил обработку события уведомления (3)."
"13.08.2026 23:55:36","811","Сведения","Microsoft-Windows-Winlogon","Подписчик уведомлений winlogon <GPClient> начал обработку события уведомления (3)."
"13.08.2026 23:55:36","812","Сведения","Microsoft-Windows-Winlogon","Подписчик уведомлений winlogon <TermSrv> закончил обработку события уведомления (3)."
"13.08.2026 23:55:36","811","Сведения","Microsoft-Windows-Winlogon","Подписчик уведомлений winlogon <TermSrv> начал обработку события уведомления (3)."
"13.08.2026 23:55:36","812","Сведения","Microsoft-Windows-Winlogon","Подписчик уведомлений winlogon <Sens> закончил обработку события уведомления (3)."
"13.08.2026 23:55:36","811","Сведения","Microsoft-Windows-Winlogon","Подписчик уведомлений winlogon <Sens> начал обработку события уведомления (3)."
"13.08.2026 23:55:36","812","Сведения","Microsoft-Windows-Winlogon","Подписчик уведомлений winlogon <TermSrv> закончил обработку события уведомления (13)."
"13.08.2026 23:55:36","811","Сведения","Microsoft-Windows-Winlogon","Подписчик уведомлений winlogon <TermSrv> начал обработку события уведомления (13)."
"13.08.2026 23:55:36","812","Сведения","Microsoft-Windows-Winlogon","Подписчик уведомлений winlogon <GPClient> закончил обработку события уведомления (13)."
"13.08.2026 23:55:36","811","Сведения","Microsoft-Windows-Winlogon","Подписчик уведомлений winlogon <GPClient> начал обработку события уведомления (13)."
"13.08.2026 23:55:36","812","Сведения","Microsoft-Windows-Winlogon","Подписчик уведомлений winlogon <GPClient> закончил обработку события уведомления (13)."
"13.08.2026 23:55:36","811","Сведения","Microsoft-Windows-Winlogon","Подписчик уведомлений winlogon <GPClient> начал обработку события уведомления (13)."
"10.08.2026 3:41:15","812","Сведения","Microsoft-Windows-Winlogon","Подписчик уведомлений winlogon <TermSrv> закончил обработку события уведомления (12)."
"10.08.2026 3:41:15","811","Сведения","Microsoft-Windows-Winlogon","Подписчик уведомлений winlogon <TermSrv> начал обработку события уведомления (12)."
"10.08.2026 3:41:15","812","Сведения","Microsoft-Windows-Winlogon","Подписчик уведомлений winlogon <Sens> закончил обработку события уведомления (12)."
"10.08.2026 3:41:15","811","Сведения","Microsoft-Windows-Winlogon","Подписчик уведомлений winlogon <Sens> начал обработку события уведомления (12)."
"10.08.2026 3:41:15","812","Сведения","Microsoft-Windows-Winlogon","Подписчик уведомлений winlogon <GPClient> закончил обработку события уведомления (12)."
"10.08.2026 3:41:15","811","Сведения","Microsoft-Windows-Winlogon","Подписчик уведомлений winlogon <GPClient> начал обработку события уведомления (12)."
"10.08.2026 3:41:15","812","Сведения","Microsoft-Windows-Winlogon","Подписчик уведомлений winlogon <SessionEnv> закончил обработку события уведомления (12)."
"10.08.2026 3:41:15","811","Сведения","Microsoft-Windows-Winlogon","Подписчик уведомлений winlogon <SessionEnv> начал обработку события уведомления (12)."
"10.08.2026 3:41:15","812","Сведения","Microsoft-Windows-Winlogon","Подписчик уведомлений winlogon <Sens> закончил обработку события уведомления (2)."
"10.08.2026 3:41:15","811","Сведения","Microsoft-Windows-Winlogon","Подписчик уведомлений winlogon <Sens> начал обработку события уведомления (2)."
"10.08.2026 3:41:15","812","Сведения","Microsoft-Windows-Winlogon","Подписчик уведомлений winlogon <TermSrv> закончил обработку события уведомления (2)."
"10.08.2026 3:41:15","811","Сведения","Microsoft-Windows-Winlogon","Подписчик уведомлений winlogon <TermSrv> начал обработку события уведомления (2)."
"10.08.2026 3:41:15","812","Сведения","Microsoft-Windows-Winlogon","Подписчик уведомлений winlogon <GPClient> закончил обработку события уведомления (2)."
"10.08.2026 3:41:15","811","Сведения","Microsoft-Windows-Winlogon","Подписчик уведомлений winlogon <GPClient> начал обработку события уведомления (2)."
"10.08.2026 3:41:15","812","Сведения","Microsoft-Windows-Winlogon","Подписчик уведомлений winlogon <Profiles> закончил обработку события уведомления (2)."
"10.08.2026 3:40:48","811","Сведения","Microsoft-Windows-Winlogon","Подписчик уведомлений winlogon <Profiles> начал обработку события уведомления (2)."
"10.08.2026 3:40:48","812","Сведения","Microsoft-Windows-Winlogon","Подписчик уведомлений winlogon <SessionEnv> закончил обработку события уведомления (2)."
"10.08.2026 3:40:48","811","Сведения","Microsoft-Windows-Winlogon","Подписчик уведомлений winlogon <SessionEnv> начал обработку события уведомления (2)."
"10.08.2026 3:40:48","2","Сведения","Microsoft-Windows-Winlogon","Проверка подлинности остановлена. Результат 0"
"10.08.2026 3:40:48","1","Сведения","Microsoft-Windows-Winlogon","Аутентификация начата."
"10.08.2026 3:40:38","812","Сведения","Microsoft-Windows-Winlogon","Подписчик уведомлений winlogon <TermSrv> закончил обработку события уведомления (0)."
"10.08.2026 3:40:38","811","Сведения","Microsoft-Windows-Winlogon","Подписчик уведомлений winlogon <TermSrv> начал обработку события уведомления (0)."
"10.08.2026 3:40:38","812","Сведения","Microsoft-Windows-Winlogon","Подписчик уведомлений winlogon <GPClient> закончил обработку события уведомления (0)."
"10.08.2026 3:40:38","811","Сведения","Microsoft-Windows-Winlogon","Подписчик уведомлений winlogon <GPClient> начал обработку события уведомления (0)."
"09.08.2026 20:26:36","812","Сведения","Microsoft-Windows-Winlogon","Подписчик уведомлений winlogon <TermSrv> закончил обработку события уведомления (12)."
"09.08.2026 20:26:36","811","Сведения","Microsoft-Windows-Winlogon","Подписчик уведомлений winlogon <TermSrv> начал обработку события уведомления (12)."
"09.08.2026 20:26:36","812","Сведения","Microsoft-Windows-Winlogon","Подписчик уведомлений winlogon <Sens> закончил обработку события уведомления (12)."
"09.08.2026 20:26:36","811","Сведения","Microsoft-Windows-Winlogon","Подписчик уведомлений winlogon <Sens> начал обработку события уведомления (12)."
"09.08.2026 20:26:36","812","Сведения","Microsoft-Windows-Winlogon","Подписчик уведомлений winlogon <GPClient> закончил обработку события уведомления (12)."
"09.08.2026 20:26:36","811","Сведения","Microsoft-Windows-Winlogon","Подписчик уведомлений winlogon <GPClient> начал обработку события уведомления (12)."
"09.08.2026 20:26:36","812","Сведения","Microsoft-Windows-Winlogon","Подписчик уведомлений winlogon <SessionEnv> закончил обработку события уведомления (12)."
"09.08.2026 20:26:36","811","Сведения","Microsoft-Windows-Winlogon","Подписчик уведомлений winlogon <SessionEnv> начал обработку события уведомления (12)."
"09.08.2026 20:26:36","812","Сведения","Microsoft-Windows-Winlogon","Подписчик уведомлений winlogon <Sens> закончил обработку события уведомления (2)."
"09.08.2026 20:26:36","811","Сведения","Microsoft-Windows-Winlogon","Подписчик уведомлений winlogon <Sens> начал обработку события уведомления (2)."
"09.08.2026 20:26:36","812","Сведения","Microsoft-Windows-Winlogon","Подписчик уведомлений winlogon <TermSrv> закончил обработку события уведомления (2)."
"09.08.2026 20:26:35","811","Сведения","Microsoft-Windows-Winlogon","Подписчик уведомлений winlogon <TermSrv> начал обработку события уведомления (2)."
"09.08.2026 20:26:35","812","Сведения","Microsoft-Windows-Winlogon","Подписчик уведомлений winlogon <GPClient> закончил обработку события уведомления (2)."
"09.08.2026 20:26:35","811","Сведения","Microsoft-Windows-Winlogon","Подписчик уведомлений winlogon <GPClient> начал обработку события уведомления (2)."
"09.08.2026 20:26:35","812","Сведения","Microsoft-Windows-Winlogon","Подписчик уведомлений winlogon <Profiles> закончил обработку события уведомления (2)."
"09.08.2026 20:26:09","811","Сведения","Microsoft-Windows-Winlogon","Подписчик уведомлений winlogon <Profiles> начал обработку события уведомления (2)."
"09.08.2026 20:26:09","812","Сведения","Microsoft-Windows-Winlogon","Подписчик уведомлений winlogon <SessionEnv> закончил обработку события уведомления (2)."
"09.08.2026 20:26:09","811","Сведения","Microsoft-Windows-Winlogon","Подписчик уведомлений winlogon <SessionEnv> начал обработку события уведомления (2)."
"09.08.2026 20:26:09","2","Сведения","Microsoft-Windows-Winlogon","Проверка подлинности остановлена. Результат 0"
"09.08.2026 20:26:09","1","Сведения","Microsoft-Windows-Winlogon","Аутентификация начата."
"09.08.2026 20:26:03","812","Сведения","Microsoft-Windows-Winlogon","Подписчик уведомлений winlogon <TermSrv> закончил обработку события уведомления (0)."
"09.08.2026 20:26:03","811","Сведения","Microsoft-Windows-Winlogon","Подписчик уведомлений winlogon <TermSrv> начал обработку события уведомления (0)."
"09.08.2026 20:26:03","812","Сведения","Microsoft-Windows-Winlogon","Подписчик уведомлений winlogon <GPClient> закончил обработку события уведомления (0)."
"09.08.2026 20:26:03","811","Сведения","Microsoft-Windows-Winlogon","Подписчик уведомлений winlogon <GPClient> начал обработку события уведомления (0)."
"09.08.2026 6:53:19","812","Сведения","Microsoft-Windows-Winlogon","Подписчик уведомлений winlogon <TermSrv> закончил обработку события уведомления (1)."
"09.08.2026 6:53:19","811","Сведения","Microsoft-Windows-Winlogon","Подписчик уведомлений winlogon <TermSrv> начал обработку события уведомления (1)."
"09.08.2026 6:53:19","812","Сведения","Microsoft-Windows-Winlogon","Подписчик уведомлений winlogon <Wlansvc> закончил обработку события уведомления (3)."
"09.08.2026 6:53:19","811","Сведения","Microsoft-Windows-Winlogon","Подписчик уведомлений winlogon <Wlansvc> начал обработку события уведомления (3)."
"09.08.2026 6:53:19","812","Сведения","Microsoft-Windows-Winlogon","Подписчик уведомлений winlogon <SessionEnv> закончил обработку события уведомления (3)."
"09.08.2026 6:53:19","811","Сведения","Microsoft-Windows-Winlogon","Подписчик уведомлений winlogon <SessionEnv> начал обработку события уведомления (3)."
"09.08.2026 6:53:19","812","Сведения","Microsoft-Windows-Winlogon","Подписчик уведомлений winlogon <Profiles> закончил обработку события уведомления (3)."
"09.08.2026 6:53:19","811","Сведения","Microsoft-Windows-Winlogon","Подписчик уведомлений winlogon <Profiles> начал обработку события уведомления (3)."
"09.08.2026 6:53:19","812","Сведения","Microsoft-Windows-Winlogon","Подписчик уведомлений winlogon <GPClient> закончил обработку события уведомления (3)."
"09.08.2026 6:53:19","811","Сведения","Microsoft-Windows-Winlogon","Подписчик уведомлений winlogon <GPClient> начал обработку события уведомления (3)."
"09.08.2026 6:53:19","812","Сведения","Microsoft-Windows-Winlogon","Подписчик уведомлений winlogon <TermSrv> закончил обработку события уведомления (3)."
"09.08.2026 6:53:19","811","Сведения","Microsoft-Windows-Winlogon","Подписчик уведомлений winlogon <TermSrv> начал обработку события уведомления (3)."
"09.08.2026 6:53:19","812","Сведения","Microsoft-Windows-Winlogon","Подписчик уведомлений winlogon <Sens> закончил обработку события уведомления (3)."
"09.08.2026 6:53:19","811","Сведения","Microsoft-Windows-Winlogon","Подписчик уведомлений winlogon <Sens> начал обработку события уведомления (3)."
"09.08.2026 6:53:19","812","Сведения","Microsoft-Windows-Winlogon","Подписчик уведомлений winlogon <TermSrv> закончил обработку события уведомления (13)."
"09.08.2026 6:53:19","811","Сведения","Microsoft-Windows-Winlogon","Подписчик уведомлений winlogon <TermSrv> начал обработку события уведомления (13)."
"09.08.2026 6:53:19","812","Сведения","Microsoft-Windows-Winlogon","Подписчик уведомлений winlogon <GPClient> закончил обработку события уведомления (13)."
"09.08.2026 6:53:19","811","Сведения","Microsoft-Windows-Winlogon","Подписчик уведомлений winlogon <GPClient> начал обработку события уведомления (13)."
"09.08.2026 6:53:19","812","Сведения","Microsoft-Windows-Winlogon","Подписчик уведомлений winlogon <GPClient> закончил обработку события уведомления (13)."
"09.08.2026 6:53:19","811","Сведения","Microsoft-Windows-Winlogon","Подписчик уведомлений winlogon <GPClient> начал обработку события уведомления (13)."
"09.08.2026 0:49:45","812","Сведения","Microsoft-Windows-Winlogon","Подписчик уведомлений winlogon <TermSrv> закончил обработку события уведомления (5)."
"09.08.2026 0:49:45","811","Сведения","Microsoft-Windows-Winlogon","Подписчик уведомлений winlogon <TermSrv> начал обработку события уведомления (5)."
"09.08.2026 0:49:45","812","Сведения","Microsoft-Windows-Winlogon","Подписчик уведомлений winlogon <Sens> закончил обработку события уведомления (5)."
"09.08.2026 0:49:45","811","Сведения","Microsoft-Windows-Winlogon","Подписчик уведомлений winlogon <Sens> начал обработку события уведомления (5)."
"09.08.2026 0:49:39","812","Сведения","Microsoft-Windows-Winlogon","Подписчик уведомлений winlogon <TermSrv> закончил обработку события уведомления (4)."
"09.08.2026 0:49:39","811","Сведения","Microsoft-Windows-Winlogon","Подписчик уведомлений winlogon <TermSrv> начал обработку события уведомления (4)."
"09.08.2026 0:49:39","812","Сведения","Microsoft-Windows-Winlogon","Подписчик уведомлений winlogon <Sens> закончил обработку события уведомления (4)."
"09.08.2026 0:49:39","811","Сведения","Microsoft-Windows-Winlogon","Подписчик уведомлений winlogon <Sens> начал обработку события уведомления (4)."
"09.08.2026 0:49:39","812","Сведения","Microsoft-Windows-Winlogon","Подписчик уведомлений winlogon <TermSrv> закончил обработку события уведомления (12)."
"09.08.2026 0:49:39","811","Сведения","Microsoft-Windows-Winlogon","Подписчик уведомлений winlogon <TermSrv> начал обработку события уведомления (12)."
"09.08.2026 0:49:39","812","Сведения","Microsoft-Windows-Winlogon","Подписчик уведомлений winlogon <Sens> закончил обработку события уведомления (12)."
"09.08.2026 0:49:39","811","Сведения","Microsoft-Windows-Winlogon","Подписчик уведомлений winlogon <Sens> начал обработку события уведомления (12)."
"09.08.2026 0:49:39","812","Сведения","Microsoft-Windows-Winlogon","Подписчик уведомлений winlogon <GPClient> закончил обработку события уведомления (12)."
"09.08.2026 0:49:39","811","Сведения","Microsoft-Windows-Winlogon","Подписчик уведомлений winlogon <GPClient> начал обработку события уведомления (12)."
"09.08.2026 0:49:39","812","Сведения","Microsoft-Windows-Winlogon","Подписчик уведомлений winlogon <SessionEnv> закончил обработку события уведомления (12)."
"09.08.2026 0:49:39","811","Сведения","Microsoft-Windows-Winlogon","Подписчик уведомлений winlogon <SessionEnv> начал обработку события уведомления (12)."
"09.08.2026 0:49:39","812","Сведения","Microsoft-Windows-Winlogon","Подписчик уведомлений winlogon <Sens> закончил обработку события уведомления (2)."
"09.08.2026 0:49:39","811","Сведения","Microsoft-Windows-Winlogon","Подписчик уведомлений winlogon <Sens> начал обработку события уведомления (2)."
"09.08.2026 0:49:39","812","Сведения","Microsoft-Windows-Winlogon","Подписчик уведомлений winlogon <TermSrv> закончил обработку события уведомления (2)."
"09.08.2026 0:49:39","811","Сведения","Microsoft-Windows-Winlogon","Подписчик уведомлений winlogon <TermSrv> начал обработку события уведомления (2)."
"09.08.2026 0:49:39","812","Сведения","Microsoft-Windows-Winlogon","Подписчик уведомлений winlogon <GPClient> закончил обработку события уведомления (2)."
"09.08.2026 0:49:39","811","Сведения","Microsoft-Windows-Winlogon","Подписчик уведомлений winlogon <GPClient> начал обработку события уведомления (2)."
"09.08.2026 0:49:39","812","Сведения","Microsoft-Windows-Winlogon","Подписчик уведомлений winlogon <Profiles> закончил обработку события уведомления (2)."
"09.08.2026 0:49:12","811","Сведения","Microsoft-Windows-Winlogon","Подписчик уведомлений winlogon <Profiles> начал обработку события уведомления (2)."
"09.08.2026 0:49:12","812","Сведения","Microsoft-Windows-Winlogon","Подписчик уведомлений winlogon <SessionEnv> закончил обработку события уведомления (2)."
"09.08.2026 0:49:12","811","Сведения","Microsoft-Windows-Winlogon","Подписчик уведомлений winlogon <SessionEnv> начал обработку события уведомления (2)."
"09.08.2026 0:49:10","2","Сведения","Microsoft-Windows-Winlogon","Проверка подлинности остановлена. Результат 0"
"09.08.2026 0:49:10","1","Сведения","Microsoft-Windows-Winlogon","Аутентификация начата."
"09.08.2026 0:49:10","812","Сведения","Microsoft-Windows-Winlogon","Подписчик уведомлений winlogon <TermSrv> закончил обработку события уведомления (0)."
"09.08.2026 0:49:10","811","Сведения","Microsoft-Windows-Winlogon","Подписчик уведомлений winlogon <TermSrv> начал обработку события уведомления (0)."
"09.08.2026 0:49:10","812","Сведения","Microsoft-Windows-Winlogon","Подписчик уведомлений winlogon <GPClient> закончил обработку события уведомления (0)."
"09.08.2026 0:49:10","811","Сведения","Microsoft-Windows-Winlogon","Подписчик уведомлений winlogon <GPClient> начал обработку события уведомления (0)."
"09.08.2026 0:48:18","812","Сведения","Microsoft-Windows-Winlogon","Подписчик уведомлений winlogon <TermSrv> закончил обработку события уведомления (1)."
"09.08.2026 0:48:18","811","Сведения","Microsoft-Windows-Winlogon","Подписчик уведомлений winlogon <TermSrv> начал обработку события уведомления (1)."
"09.08.2026 0:48:18","812","Сведения","Microsoft-Windows-Winlogon","Подписчик уведомлений winlogon <Wlansvc> закончил обработку события уведомления (3)."
"09.08.2026 0:48:18","811","Сведения","Microsoft-Windows-Winlogon","Подписчик уведомлений winlogon <Wlansvc> начал обработку события уведомления (3)."
"09.08.2026 0:48:18","812","Сведения","Microsoft-Windows-Winlogon","Подписчик уведомлений winlogon <SessionEnv> закончил обработку события уведомления (3)."
"09.08.2026 0:48:18","811","Сведения","Microsoft-Windows-Winlogon","Подписчик уведомлений winlogon <SessionEnv> начал обработку события уведомления (3)."
"09.08.2026 0:48:18","812","Сведения","Microsoft-Windows-Winlogon","Подписчик уведомлений winlogon <Profiles> закончил обработку события уведомления (3)."
"09.08.2026 0:48:18","811","Сведения","Microsoft-Windows-Winlogon","Подписчик уведомлений winlogon <Profiles> начал обработку события уведомления (3)."
"09.08.2026 0:48:18","812","Сведения","Microsoft-Windows-Winlogon","Подписчик уведомлений winlogon <GPClient> закончил обработку события уведомления (3)."
"09.08.2026 0:48:18","811","Сведения","Microsoft-Windows-Winlogon","Подписчик уведомлений winlogon <GPClient> начал обработку события уведомления (3)."
"09.08.2026 0:48:18","812","Сведения","Microsoft-Windows-Winlogon","Подписчик уведомлений winlogon <TermSrv> закончил обработку события уведомления (3)."
"09.08.2026 0:48:18","811","Сведения","Microsoft-Windows-Winlogon","Подписчик уведомлений winlogon <TermSrv> начал обработку события уведомления (3)."
"09.08.2026 0:48:18","812","Сведения","Microsoft-Windows-Winlogon","Подписчик уведомлений winlogon <Sens> закончил обработку события уведомления (3)."
"09.08.2026 0:48:18","811","Сведения","Microsoft-Windows-Winlogon","Подписчик уведомлений winlogon <Sens> начал обработку события уведомления (3)."
"09.08.2026 0:48:18","812","Сведения","Microsoft-Windows-Winlogon","Подписчик уведомлений winlogon <TermSrv> закончил обработку события уведомления (13)."
"09.08.2026 0:48:18","811","Сведения","Microsoft-Windows-Winlogon","Подписчик уведомлений winlogon <TermSrv> начал обработку события уведомления (13)."
"09.08.2026 0:48:18","812","Сведения","Microsoft-Windows-Winlogon","Подписчик уведомлений winlogon <GPClient> закончил обработку события уведомления (13)."
"09.08.2026 0:48:18","811","Сведения","Microsoft-Windows-Winlogon","Подписчик уведомлений winlogon <GPClient> начал обработку события уведомления (13)."
"09.08.2026 0:48:18","812","Сведения","Microsoft-Windows-Winlogon","Подписчик уведомлений winlogon <GPClient> закончил обработку события уведомления (13)."
"09.08.2026 0:48:18","811","Сведения","Microsoft-Windows-Winlogon","Подписчик уведомлений winlogon <GPClient> начал обработку события уведомления (13)."
"08.08.2026 19:57:19","812","Сведения","Microsoft-Windows-Winlogon","Подписчик уведомлений winlogon <TermSrv> закончил обработку события уведомления (12)."
"08.08.2026 19:57:19","811","Сведения","Microsoft-Windows-Winlogon","Подписчик уведомлений winlogon <TermSrv> начал обработку события уведомления (12)."
"08.08.2026 19:57:19","812","Сведения","Microsoft-Windows-Winlogon","Подписчик уведомлений winlogon <Sens> закончил обработку события уведомления (12)."
"08.08.2026 19:57:19","811","Сведения","Microsoft-Windows-Winlogon","Подписчик уведомлений winlogon <Sens> начал обработку события уведомления (12)."
"08.08.2026 19:57:19","812","Сведения","Microsoft-Windows-Winlogon","Подписчик уведомлений winlogon <GPClient> закончил обработку события уведомления (12)."
"08.08.2026 19:57:19","811","Сведения","Microsoft-Windows-Winlogon","Подписчик уведомлений winlogon <GPClient> начал обработку события уведомления (12)."
"08.08.2026 19:57:19","812","Сведения","Microsoft-Windows-Winlogon","Подписчик уведомлений winlogon <SessionEnv> закончил обработку события уведомления (12)."
"08.08.2026 19:57:19","811","Сведения","Microsoft-Windows-Winlogon","Подписчик уведомлений winlogon <SessionEnv> начал обработку события уведомления (12)."
"08.08.2026 19:57:19","812","Сведения","Microsoft-Windows-Winlogon","Подписчик уведомлений winlogon <Sens> закончил обработку события уведомления (2)."
"08.08.2026 19:57:19","811","Сведения","Microsoft-Windows-Winlogon","Подписчик уведомлений winlogon <Sens> начал обработку события уведомления (2)."
"08.08.2026 19:57:19","812","Сведения","Microsoft-Windows-Winlogon","Подписчик уведомлений winlogon <TermSrv> закончил обработку события уведомления (2)."
"08.08.2026 19:57:19","811","Сведения","Microsoft-Windows-Winlogon","Подписчик уведомлений winlogon <TermSrv> начал обработку события уведомления (2)."
"08.08.2026 19:57:19","812","Сведения","Microsoft-Windows-Winlogon","Подписчик уведомлений winlogon <GPClient> закончил обработку события уведомления (2)."
"08.08.2026 19:57:19","811","Сведения","Microsoft-Windows-Winlogon","Подписчик уведомлений winlogon <GPClient> начал обработку события уведомления (2)."
"08.08.2026 19:57:19","812","Сведения","Microsoft-Windows-Winlogon","Подписчик уведомлений winlogon <Profiles> закончил обработку события уведомления (2)."
"08.08.2026 19:56:52","811","Сведения","Microsoft-Windows-Winlogon","Подписчик уведомлений winlogon <Profiles> начал обработку события уведомления (2)."
"08.08.2026 19:56:52","812","Сведения","Microsoft-Windows-Winlogon","Подписчик уведомлений winlogon <SessionEnv> закончил обработку события уведомления (2)."
"08.08.2026 19:56:52","811","Сведения","Microsoft-Windows-Winlogon","Подписчик уведомлений winlogon <SessionEnv> начал обработку события уведомления (2)."
"08.08.2026 19:56:52","2","Сведения","Microsoft-Windows-Winlogon","Проверка подлинности остановлена. Результат 0"
"08.08.2026 19:56:52","1","Сведения","Microsoft-Windows-Winlogon","Аутентификация начата."
"08.08.2026 19:56:43","812","Сведения","Microsoft-Windows-Winlogon","Подписчик уведомлений winlogon <TermSrv> закончил обработку события уведомления (0)."
"08.08.2026 19:56:43","811","Сведения","Microsoft-Windows-Winlogon","Подписчик уведомлений winlogon <TermSrv> начал обработку события уведомления (0)."
"08.08.2026 19:56:43","812","Сведения","Microsoft-Windows-Winlogon","Подписчик уведомлений winlogon <GPClient> закончил обработку события уведомления (0)."
"08.08.2026 19:56:43","811","Сведения","Microsoft-Windows-Winlogon","Подписчик уведомлений winlogon <GPClient> начал обработку события уведомления (0)."
"08.08.2026 15:30:27","812","Сведения","Microsoft-Windows-Winlogon","Подписчик уведомлений winlogon <TermSrv> закончил обработку события уведомления (12)."
"08.08.2026 15:30:27","811","Сведения","Microsoft-Windows-Winlogon","Подписчик уведомлений winlogon <TermSrv> начал обработку события уведомления (12)."
"08.08.2026 15:30:27","812","Сведения","Microsoft-Windows-Winlogon","Подписчик уведомлений winlogon <Sens> закончил обработку события уведомления (12)."
"08.08.2026 15:30:27","811","Сведения","Microsoft-Windows-Winlogon","Подписчик уведомлений winlogon <Sens> начал обработку события уведомления (12)."
"08.08.2026 15:30:27","812","Сведения","Microsoft-Windows-Winlogon","Подписчик уведомлений winlogon <GPClient> закончил обработку события уведомления (12)."
"08.08.2026 15:30:27","811","Сведения","Microsoft-Windows-Winlogon","Подписчик уведомлений winlogon <GPClient> начал обработку события уведомления (12)."
"08.08.2026 15:30:27","812","Сведения","Microsoft-Windows-Winlogon","Подписчик уведомлений winlogon <SessionEnv> закончил обработку события уведомления (12)."
"08.08.2026 15:30:27","811","Сведения","Microsoft-Windows-Winlogon","Подписчик уведомлений winlogon <SessionEnv> начал обработку события уведомления (12)."
"08.08.2026 15:30:27","812","Сведения","Microsoft-Windows-Winlogon","Подписчик уведомлений winlogon <Sens> закончил обработку события уведомления (2)."
"08.08.2026 15:30:27","811","Сведения","Microsoft-Windows-Winlogon","Подписчик уведомлений winlogon <Sens> начал обработку события уведомления (2)."
"08.08.2026 15:30:27","812","Сведения","Microsoft-Windows-Winlogon","Подписчик уведомлений winlogon <TermSrv> закончил обработку события уведомления (2)."
"08.08.2026 15:30:27","811","Сведения","Microsoft-Windows-Winlogon","Подписчик уведомлений winlogon <TermSrv> начал обработку события уведомления (2)."
"08.08.2026 15:30:27","812","Сведения","Microsoft-Windows-Winlogon","Подписчик уведомлений winlogon <GPClient> закончил обработку события уведомления (2)."
"08.08.2026 15:30:27","811","Сведения","Microsoft-Windows-Winlogon","Подписчик уведомлений winlogon <GPClient> начал обработку события уведомления (2)."
"08.08.2026 15:30:27","812","Сведения","Microsoft-Windows-Winlogon","Подписчик уведомлений winlogon <GPClient> закончил обработку события уведомления (2)."
"08.08.2026 15:30:27","811","Сведения","Microsoft-Windows-Winlogon","Подписчик уведомлений winlogon <GPClient> начал обработку события уведомления (2)."
"08.08.2026 15:30:27","812","Сведения","Microsoft-Windows-Winlogon","Подписчик уведомлений winlogon <Profiles> закончил обработку события уведомления (2)."
"08.08.2026 15:30:01","811","Сведения","Microsoft-Windows-Winlogon","Подписчик уведомлений winlogon <Profiles> начал обработку события уведомления (2)."
"08.08.2026 15:30:01","812","Сведения","Microsoft-Windows-Winlogon","Подписчик уведомлений winlogon <SessionEnv> закончил обработку события уведомления (2)."
"08.08.2026 15:30:01","811","Сведения","Microsoft-Windows-Winlogon","Подписчик уведомлений winlogon <SessionEnv> начал обработку события уведомления (2)."
"08.08.2026 15:30:01","2","Сведения","Microsoft-Windows-Winlogon","Проверка подлинности остановлена. Результат 0"
"08.08.2026 15:30:01","1","Сведения","Microsoft-Windows-Winlogon","Аутентификация начата."
"08.08.2026 13:28:19","812","Сведения","Microsoft-Windows-Winlogon","Подписчик уведомлений winlogon <TermSrv> закончил обработку события уведомления (0)."
"08.08.2026 13:28:19","811","Сведения","Microsoft-Windows-Winlogon","Подписчик уведомлений winlogon <TermSrv> начал обработку события уведомления (0)."
"08.08.2026 13:28:19","812","Сведения","Microsoft-Windows-Winlogon","Подписчик уведомлений winlogon <GPClient> закончил обработку события уведомления (0)."
"08.08.2026 13:28:19","811","Сведения","Microsoft-Windows-Winlogon","Подписчик уведомлений winlogon <GPClient> начал обработку события уведомления (0)."
"04.08.2026 11:03:20","812","Сведения","Microsoft-Windows-Winlogon","Подписчик уведомлений winlogon <TermSrv> закончил обработку события уведомления (5)."
"04.08.2026 11:03:20","811","Сведения","Microsoft-Windows-Winlogon","Подписчик уведомлений winlogon <TermSrv> начал обработку события уведомления (5)."
"04.08.2026 11:03:20","812","Сведения","Microsoft-Windows-Winlogon","Подписчик уведомлений winlogon <Sens> закончил обработку события уведомления (5)."
"04.08.2026 11:03:20","811","Сведения","Microsoft-Windows-Winlogon","Подписчик уведомлений winlogon <Sens> начал обработку события уведомления (5)."
"04.08.2026 11:03:14","812","Сведения","Microsoft-Windows-Winlogon","Подписчик уведомлений winlogon <TermSrv> закончил обработку события уведомления (4)."
"04.08.2026 11:03:14","811","Сведения","Microsoft-Windows-Winlogon","Подписчик уведомлений winlogon <TermSrv> начал обработку события уведомления (4)."
"04.08.2026 11:03:14","812","Сведения","Microsoft-Windows-Winlogon","Подписчик уведомлений winlogon <Sens> закончил обработку события уведомления (4)."
"04.08.2026 11:03:14","811","Сведения","Microsoft-Windows-Winlogon","Подписчик уведомлений winlogon <Sens> начал обработку события уведомления (4)."
"04.08.2026 11:03:14","812","Сведения","Microsoft-Windows-Winlogon","Подписчик уведомлений winlogon <TermSrv> закончил обработку события уведомления (12)."
"04.08.2026 11:03:14","811","Сведения","Microsoft-Windows-Winlogon","Подписчик уведомлений winlogon <TermSrv> начал обработку события уведомления (12)."
"04.08.2026 11:03:14","812","Сведения","Microsoft-Windows-Winlogon","Подписчик уведомлений winlogon <Sens> закончил обработку события уведомления (12)."
"04.08.2026 11:03:14","811","Сведения","Microsoft-Windows-Winlogon","Подписчик уведомлений winlogon <Sens> начал обработку события уведомления (12)."
"04.08.2026 11:03:14","812","Сведения","Microsoft-Windows-Winlogon","Подписчик уведомлений winlogon <GPClient> закончил обработку события уведомления (12)."
"04.08.2026 11:03:14","811","Сведения","Microsoft-Windows-Winlogon","Подписчик уведомлений winlogon <GPClient> начал обработку события уведомления (12)."
"04.08.2026 11:03:14","812","Сведения","Microsoft-Windows-Winlogon","Подписчик уведомлений winlogon <SessionEnv> закончил обработку события уведомления (12)."
"04.08.2026 11:03:14","811","Сведения","Microsoft-Windows-Winlogon","Подписчик уведомлений winlogon <SessionEnv> начал обработку события уведомления (12)."
"04.08.2026 11:03:14","812","Сведения","Microsoft-Windows-Winlogon","Подписчик уведомлений winlogon <Sens> закончил обработку события уведомления (2)."
"04.08.2026 11:03:14","811","Сведения","Microsoft-Windows-Winlogon","Подписчик уведомлений winlogon <Sens> начал обработку события уведомления (2)."
"04.08.2026 11:03:14","812","Сведения","Microsoft-Windows-Winlogon","Подписчик уведомлений winlogon <TermSrv> закончил обработку события уведомления (2)."
"04.08.2026 11:03:14","811","Сведения","Microsoft-Windows-Winlogon","Подписчик уведомлений winlogon <TermSrv> начал обработку события уведомления (2)."
"04.08.2026 11:03:14","812","Сведения","Microsoft-Windows-Winlogon","Подписчик уведомлений winlogon <GPClient> закончил обработку события уведомления (2)."
"04.08.2026 11:03:14","811","Сведения","Microsoft-Windows-Winlogon","Подписчик уведомлений winlogon <GPClient> начал обработку события уведомления (2)."
"04.08.2026 11:03:14","812","Сведения","Microsoft-Windows-Winlogon","Подписчик уведомлений winlogon <Profiles> закончил обработку события уведомления (2)."
"04.08.2026 11:02:47","811","Сведения","Microsoft-Windows-Winlogon","Подписчик уведомлений winlogon <Profiles> начал обработку события уведомления (2)."
"04.08.2026 11:02:47","812","Сведения","Microsoft-Windows-Winlogon","Подписчик уведомлений winlogon <SessionEnv> закончил обработку события уведомления (2)."
"04.08.2026 11:02:47","811","Сведения","Microsoft-Windows-Winlogon","Подписчик уведомлений winlogon <SessionEnv> начал обработку события уведомления (2)."
"04.08.2026 11:02:47","2","Сведения","Microsoft-Windows-Winlogon","Проверка подлинности остановлена. Результат 0"
"04.08.2026 11:02:47","1","Сведения","Microsoft-Windows-Winlogon","Аутентификация начата."
"04.08.2026 11:02:46","812","Сведения","Microsoft-Windows-Winlogon","Подписчик уведомлений winlogon <TermSrv> закончил обработку события уведомления (0)."
"04.08.2026 11:02:46","811","Сведения","Microsoft-Windows-Winlogon","Подписчик уведомлений winlogon <TermSrv> начал обработку события уведомления (0)."
"04.08.2026 11:02:46","812","Сведения","Microsoft-Windows-Winlogon","Подписчик уведомлений winlogon <GPClient> закончил обработку события уведомления (0)."
"04.08.2026 11:02:46","811","Сведения","Microsoft-Windows-Winlogon","Подписчик уведомлений winlogon <GPClient> начал обработку события уведомления (0)."
"04.08.2026 11:01:37","812","Сведения","Microsoft-Windows-Winlogon","Подписчик уведомлений winlogon <TermSrv> закончил обработку события уведомления (1)."
"04.08.2026 11:01:37","811","Сведения","Microsoft-Windows-Winlogon","Подписчик уведомлений winlogon <TermSrv> начал обработку события уведомления (1)."
"04.08.2026 11:01:37","812","Сведения","Microsoft-Windows-Winlogon","Подписчик уведомлений winlogon <Wlansvc> закончил обработку события уведомления (3)."
"04.08.2026 11:01:37","811","Сведения","Microsoft-Windows-Winlogon","Подписчик уведомлений winlogon <Wlansvc> начал обработку события уведомления (3)."
"04.08.2026 11:01:37","812","Сведения","Microsoft-Windows-Winlogon","Подписчик уведомлений winlogon <SessionEnv> закончил обработку события уведомления (3)."
"04.08.2026 11:01:37","811","Сведения","Microsoft-Windows-Winlogon","Подписчик уведомлений winlogon <SessionEnv> начал обработку события уведомления (3)."
"04.08.2026 11:01:37","812","Сведения","Microsoft-Windows-Winlogon","Подписчик уведомлений winlogon <Profiles> закончил обработку события уведомления (3)."
"04.08.2026 11:01:37","811","Сведения","Microsoft-Windows-Winlogon","Подписчик уведомлений winlogon <Profiles> начал обработку события уведомления (3)."
"04.08.2026 11:01:37","812","Сведения","Microsoft-Windows-Winlogon","Подписчик уведомлений winlogon <GPClient> закончил обработку события уведомления (3)."
"04.08.2026 11:01:37","811","Сведения","Microsoft-Windows-Winlogon","Подписчик уведомлений winlogon <GPClient> начал обработку события уведомления (3)."
"04.08.2026 11:01:37","812","Сведения","Microsoft-Windows-Winlogon","Подписчик уведомлений winlogon <TermSrv> закончил обработку события уведомления (3)."
"04.08.2026 11:01:37","811","Сведения","Microsoft-Windows-Winlogon","Подписчик уведомлений winlogon <TermSrv> начал обработку события уведомления (3)."
"04.08.2026 11:01:37","812","Сведения","Microsoft-Windows-Winlogon","Подписчик уведомлений winlogon <Sens> закончил обработку события уведомления (3)."
"04.08.2026 11:01:37","811","Сведения","Microsoft-Windows-Winlogon","Подписчик уведомлений winlogon <Sens> начал обработку события уведомления (3)."
"04.08.2026 11:01:37","812","Сведения","Microsoft-Windows-Winlogon","Подписчик уведомлений winlogon <TermSrv> закончил обработку события уведомления (13)."
"04.08.2026 11:01:37","811","Сведения","Microsoft-Windows-Winlogon","Подписчик уведомлений winlogon <TermSrv> начал обработку события уведомления (13)."
"04.08.2026 11:01:37","812","Сведения","Microsoft-Windows-Winlogon","Подписчик уведомлений winlogon <GPClient> закончил обработку события уведомления (13)."
