"TimeCreated","Id","LevelDisplayName","ProviderName","Message"
"09.09.2026 2:32:57","8101","Подробно","Microsoft-Windows-AppXDeployment-Server","Проверка и установка метки доверия для пакета Microsoft.Winget.Source_2026.908.2120.24_neutral__8wekyb3d8bbwe с флагами 0x103 завершена."
"09.09.2026 2:32:57","8106","Подробно","Microsoft-Windows-AppXDeployment-Server","У пакета Microsoft.Winget.Source_2026.908.2120.24_neutral__8wekyb3d8bbwe уже есть метка доверия. Флаги: 0x103"
"09.09.2026 2:32:57","8100","Подробно","Microsoft-Windows-AppXDeployment-Server","Начинается проверка и установка метки доверия для пакета Microsoft.Winget.Source_2026.908.2120.24_neutral__8wekyb3d8bbwe с флагами 0x103."
"09.09.2026 2:32:57","613","Сведения","Microsoft-Windows-AppXDeployment-Server","Сводка по эффективности операции развертывания ""Add"" для пакета Microsoft.Winget.Source_2026.908.2120.24_neutral__8wekyb3d8bbwe: 
Overall time: 984 ms
Enqueue cost: 125 ms
Dequeue delay: 0 ms
Bundle processing cost: 0 ms
Indexing cost: 31 ms
Resolve dependency cost: 16 ms
Check approval cost: 0 ms
Evaluation cost: 218 ms
Hardlinking evaluation cost: 156 ms
Stage required cost: 188 ms
Flushing and closing files cost: 0 ms
Gap: 16 ms
Machine register cost: 15 ms
Stage user data cost: 0 ms
Gap: 31 ms
Registration cost: 94 ms
Gap: 63 ms
Repository commit transaction cost: 125 ms
Gap: 47 ms
Data flush cost: 15 ms
Post DeStage repository commit transaction cost: 0 ms
Remaining cost: 0 ms
"
"09.09.2026 2:32:57","649","Сведения","Microsoft-Windows-AppXDeployment-Server","Операция развертывания ""Add"" для пакета Microsoft.Winget.Source_2026.908.2120.24_neutral__8wekyb3d8bbwe: PostDeploymentOperationCheck cost: 0 ms"
"09.09.2026 2:32:57","472","Подробно","Microsoft-Windows-AppXDeployment-Server","Перемещение папки пакета \\?\C:\Program Files\WindowsApps\Microsoft.Winget.Source_2026.615.1608.21_neutral__8wekyb3d8bbwe в \\?\C:\Program Files\WindowsApps\Deleted\Microsoft.Winget.Source_2026.615.1608.21_neutral__8wekyb3d8bbweeff9f91e-b98a-4a38-a2e3-7c19b6e212cd. Результат: 0x0."
"09.09.2026 2:32:57","400","Сведения","Microsoft-Windows-AppXDeployment-Server","Операция развертывания Add с конечным томом C: для пакета Microsoft.Winget.Source_2026.908.2120.24_neutral__8wekyb3d8bbwe из  (Microsoft.Winget.Source_8wekyb3d8bbwe.msix)  завершена успешно."
"09.09.2026 2:32:57","10001","Подробно","Microsoft-Windows-AppXDeployment-Server","Обслуживание пакета Microsoft.Winget.Source_2026.908.2120.24_neutral__8wekyb3d8bbwe завершено. При изменении состояния пакета на ""включен"" было возвращено 0x0."
"09.09.2026 2:32:57","10001","Подробно","Microsoft-Windows-AppXDeployment-Server","Обслуживание пакета Microsoft.Winget.Source_2026.908.2120.24_neutral__8wekyb3d8bbwe завершено. При изменении состояния пакета на ""включен"" было возвращено 0x0."
"09.09.2026 2:32:57","10001","Подробно","Microsoft-Windows-AppXDeployment-Server","Обслуживание пакета Microsoft.Winget.Source_2026.908.2120.24_neutral__8wekyb3d8bbwe завершено. При изменении состояния пакета на ""включен"" было возвращено 0x0."
"09.09.2026 2:32:57","10001","Подробно","Microsoft-Windows-AppXDeployment-Server","Обслуживание пакета Microsoft.Winget.Source_2026.908.2120.24_neutral__8wekyb3d8bbwe завершено. При изменении состояния пакета на ""включен"" было возвращено 0x0."
"09.09.2026 2:32:57","10001","Подробно","Microsoft-Windows-AppXDeployment-Server","Обслуживание пакета Microsoft.Winget.Source_2026.615.1608.21_neutral__8wekyb3d8bbwe завершено. При изменении состояния пакета на ""включен"" было возвращено 0x80070490."
"09.09.2026 2:32:57","5507","Подробно","Microsoft-Windows-AppXDeployment-Server","Microsoft.Winget.Source_2026.908.2120.24_neutral__8wekyb3d8bbwe : C:\Program Files\WindowsApps\Microsoft.Winget.Source_2026.908.2120.24_neutral__8wekyb3d8bbwe\microsoft.system.package.metadata\Resources.????????.pri : No shared merged files found"
"09.09.2026 2:32:57","5507","Подробно","Microsoft-Windows-AppXDeployment-Server","Microsoft.Winget.Source_2026.908.2120.24_neutral__8wekyb3d8bbwe : C:\Program Files\WindowsApps\Microsoft.Winget.Source_2026.908.2120.24_neutral__8wekyb3d8bbwe\microsoft.system.package.metadata\S-1-5-21-239302790-3235067425-44167425-1001-MergedResources-*.pri : No user-specific merged files found"
"09.09.2026 2:32:57","5507","Подробно","Microsoft-Windows-AppXDeployment-Server","Microsoft.Winget.Source_2026.908.2120.24_neutral__8wekyb3d8bbwe : C:\Program Files\WindowsApps\Microsoft.Winget.Source_2026.908.2120.24_neutral__8wekyb3d8bbwe\microsoft.system.package.metadata\Resources.????????.pri : No shared merged files found"
"09.09.2026 2:32:57","5507","Подробно","Microsoft-Windows-AppXDeployment-Server","Microsoft.Winget.Source_2026.908.2120.24_neutral__8wekyb3d8bbwe : C:\Program Files\WindowsApps\Microsoft.Winget.Source_2026.908.2120.24_neutral__8wekyb3d8bbwe\microsoft.system.package.metadata\S-1-5-21-239302790-3235067425-44167425-1001-MergedResources-*.pri : No user-specific merged files found"
"09.09.2026 2:32:57","8101","Подробно","Microsoft-Windows-AppXDeployment-Server","Проверка и установка метки доверия для пакета Microsoft.Winget.Source_2026.908.2120.24_neutral__8wekyb3d8bbwe с флагами 0x9 завершена."
"09.09.2026 2:32:57","8106","Подробно","Microsoft-Windows-AppXDeployment-Server","У пакета Microsoft.Winget.Source_2026.908.2120.24_neutral__8wekyb3d8bbwe уже есть метка доверия. Флаги: 0x9"
"09.09.2026 2:32:57","8100","Подробно","Microsoft-Windows-AppXDeployment-Server","Начинается проверка и установка метки доверия для пакета Microsoft.Winget.Source_2026.908.2120.24_neutral__8wekyb3d8bbwe с флагами 0x9."
"09.09.2026 2:32:57","9645","Подробно","Microsoft-Windows-AppXDeployment-Server","0x0: успешное выполнение GetActiveAumidsInPackage для пакета Microsoft.Winget.Source_2026.615.1608.21_neutral__8wekyb3d8bbwe."
"09.09.2026 2:32:57","10000","Подробно","Microsoft-Windows-AppXDeployment-Server","Будет выполнено обслуживание пакета Microsoft.Winget.Source_2026.908.2120.24_neutral__8wekyb3d8bbwe. При изменении состояния пакета на ""отключен"" было возвращено 0x0."
"09.09.2026 2:32:57","10000","Подробно","Microsoft-Windows-AppXDeployment-Server","Будет выполнено обслуживание пакета Microsoft.Winget.Source_2026.615.1608.21_neutral__8wekyb3d8bbwe. При изменении состояния пакета на ""отключен"" было возвращено 0x0."
"09.09.2026 2:32:57","9645","Подробно","Microsoft-Windows-AppXDeployment-Server","0x0: успешное выполнение GetActiveAumidsInPackage для пакета Microsoft.Winget.Source_2026.615.1608.21_neutral__8wekyb3d8bbwe."
"09.09.2026 2:32:56","855","Сведения","Microsoft-Windows-AppXDeployment-Server","Завершено разрешение списков действий. Списки действий DeploymentRequest:  updateList: Microsoft.Winget.Source_2026.615.1608.21_neutral__8wekyb3d8bbwe is updating to Microsoft.Winget.Source_2026.908.2120.24_neutral__8wekyb3d8bbwe."
"09.09.2026 2:32:56","854","Сведения","Microsoft-Windows-AppXDeployment-Server","Успешно добавлены следующие универсальные коды ресурсов (URI), которые нужно обработать:  file:///C:/Users/andre/AppData/Local/Temp/WinGet/Microsoft.Winget.Source_8wekyb3d8bbwe.msix."
"09.09.2026 2:32:56","607","Сведения","Microsoft-Windows-AppXDeployment-Server","Операция развертывания Add в отношении пакета Microsoft.Winget.Source_2026.908.2120.24_neutral__8wekyb3d8bbwe выведена из очереди и выполняется для SID пользователя S-1-5-21-239302790-3235067425-44167425-1001."
"09.09.2026 2:32:56","10002","Подробно","Microsoft-Windows-AppXDeployment-Server","Создание файла устойчивости C:\ProgramData\Microsoft\Windows\AppRepository\c6caaf61-5a40-4fbf-a174-e7e4f65312c2_S-1-5-21-239302790-3235067425-44167425-1001_1.rslc для операции Add с пакетом Microsoft.Winget.Source_2026.908.2120.24_neutral__8wekyb3d8bbwe."
"09.09.2026 2:32:56","603","Сведения","Microsoft-Windows-AppXDeployment-Server","Начата операция развертывания ""Add"" для пакета. Основной параметр: Microsoft.Winget.Source_8wekyb3d8bbwe.msix. Необязательные параметры: 0 и 0. Дополнительные сведения о диагностике проблем с развертыванием приложений см. на странице http://go.microsoft.com/fwlink/?LinkId=235160."
"08.09.2026 22:13:37","822","Подробно","Microsoft-Windows-AppXDeployment-Server","Обновление реестра для пакета Microsoft.MicrosoftEdge.Stable_152.0.4191.66_neutral__8wekyb3d8bbwe завершилось со следующим результатом: 0x0."
"08.09.2026 22:13:37","821","Подробно","Microsoft-Windows-AppXDeployment-Server","Выполняемая при входе регистрация пакета Microsoft.MicrosoftEdge.Stable_152.0.4191.66_neutral__8wekyb3d8bbwe для пользователя S-1-5-21-239302790-3235067425-44167425-1001 завершилась со следующим результатом: 0x0; обновление реестра..."
"08.09.2026 22:13:37","613","Сведения","Microsoft-Windows-AppXDeployment-Server","Сводка по эффективности операции развертывания ""Register"" для пакета Microsoft.MicrosoftEdge.Stable_152.0.4191.66_neutral__8wekyb3d8bbwe: 
Overall time: 438 ms
Gap: 16 ms
Enqueue cost: 16 ms
Dequeue delay: 31 ms
Bundle processing cost: 0 ms
Indexing cost: 16 ms
Resolve dependency cost: 15 ms
Check approval cost: 16 ms
Evaluation cost: 0 ms
Hardlinking evaluation cost: 0 ms
Stage required cost: 0 ms
Flushing and closing files cost: 0 ms
Gap: 15 ms
Machine register cost: 16 ms
Stage user data cost: 0 ms
Gap: 16 ms
Registration cost: 109 ms
Gap: 63 ms
Repository commit transaction cost: 78 ms
Gap: 15 ms
Data flush cost: 0 ms
Post DeStage repository commit transaction cost: 0 ms
Remaining cost: 16 ms
"
"08.09.2026 22:13:37","649","Сведения","Microsoft-Windows-AppXDeployment-Server","Операция развертывания ""Register"" для пакета Microsoft.MicrosoftEdge.Stable_152.0.4191.66_neutral__8wekyb3d8bbwe: PostDeploymentOperationCheck cost: 0 ms"
"08.09.2026 22:13:37","400","Сведения","Microsoft-Windows-AppXDeployment-Server","Операция развертывания Register с конечным томом C: для пакета Microsoft.MicrosoftEdge.Stable_152.0.4191.66_neutral__8wekyb3d8bbwe из  (AppxManifest.xml)  завершена успешно."
"08.09.2026 22:13:37","10001","Подробно","Microsoft-Windows-AppXDeployment-Server","Обслуживание пакета Microsoft.MicrosoftEdge.Stable_152.0.4191.66_neutral__8wekyb3d8bbwe завершено. При изменении состояния пакета на ""включен"" было возвращено 0x0."
"08.09.2026 22:13:37","10001","Подробно","Microsoft-Windows-AppXDeployment-Server","Обслуживание пакета Microsoft.MicrosoftEdge.Stable_152.0.4191.66_neutral__8wekyb3d8bbwe завершено. При изменении состояния пакета на ""включен"" было возвращено 0x0."
"08.09.2026 22:13:37","10001","Подробно","Microsoft-Windows-AppXDeployment-Server","Обслуживание пакета Microsoft.MicrosoftEdge.Stable_152.0.4191.66_neutral__8wekyb3d8bbwe завершено. При изменении состояния пакета на ""включен"" было возвращено 0x0."
"08.09.2026 22:13:37","10001","Подробно","Microsoft-Windows-AppXDeployment-Server","Обслуживание пакета Microsoft.MicrosoftEdge.Stable_152.0.4191.66_neutral__8wekyb3d8bbwe завершено. При изменении состояния пакета на ""включен"" было возвращено 0x0."
"08.09.2026 22:13:37","10001","Подробно","Microsoft-Windows-AppXDeployment-Server","Обслуживание пакета Microsoft.MicrosoftEdge.Stable_152.0.4191.53_neutral__8wekyb3d8bbwe завершено. При изменении состояния пакета на ""включен"" было возвращено 0x80070490."
"08.09.2026 22:13:37","5507","Подробно","Microsoft-Windows-AppXDeployment-Server","Microsoft.MicrosoftEdge.Stable_152.0.4191.66_neutral__8wekyb3d8bbwe : C:\Program Files\WindowsApps\Microsoft.MicrosoftEdge.Stable_152.0.4191.66_neutral__8wekyb3d8bbwe\microsoft.system.package.metadata\Resources.????????.pri : No shared merged files found"
"08.09.2026 22:13:37","5507","Подробно","Microsoft-Windows-AppXDeployment-Server","Microsoft.MicrosoftEdge.Stable_152.0.4191.66_neutral__8wekyb3d8bbwe : C:\Program Files\WindowsApps\Microsoft.MicrosoftEdge.Stable_152.0.4191.66_neutral__8wekyb3d8bbwe\microsoft.system.package.metadata\S-1-5-21-239302790-3235067425-44167425-1001-MergedResources-*.pri : No user-specific merged files found"
"08.09.2026 22:13:37","5507","Подробно","Microsoft-Windows-AppXDeployment-Server","Microsoft.MicrosoftEdge.Stable_152.0.4191.66_neutral__8wekyb3d8bbwe : C:\Program Files\WindowsApps\Microsoft.MicrosoftEdge.Stable_152.0.4191.66_neutral__8wekyb3d8bbwe\microsoft.system.package.metadata\Resources.????????.pri : No shared merged files found"
"08.09.2026 22:13:37","5507","Подробно","Microsoft-Windows-AppXDeployment-Server","Microsoft.MicrosoftEdge.Stable_152.0.4191.66_neutral__8wekyb3d8bbwe : C:\Program Files\WindowsApps\Microsoft.MicrosoftEdge.Stable_152.0.4191.66_neutral__8wekyb3d8bbwe\microsoft.system.package.metadata\S-1-5-21-239302790-3235067425-44167425-1001-MergedResources-*.pri : No user-specific merged files found"
"08.09.2026 22:13:37","7028","Предупреждение","Microsoft-Windows-AppXDeployment-Server","Пакет Microsoft.MicrosoftEdge.Stable_152.0.4191.53_neutral__8wekyb3d8bbwe удален из раздела семей HKEY_CURRENT_USER_LOCAL_SETTINGS, так как в репозитории состояний больше нет ссылок на него."
"08.09.2026 22:13:37","647","Сведения","Microsoft-Windows-AppXDeployment-Server","Удаление регистраций для пакета DownlevelInstalled Microsoft.MicrosoftEdge.Stable_152.0.4191.53_neutral__8wekyb3d8bbwe."
"08.09.2026 22:13:37","10000","Подробно","Microsoft-Windows-AppXDeployment-Server","Будет выполнено обслуживание пакета Microsoft.MicrosoftEdge.Stable_152.0.4191.66_neutral__8wekyb3d8bbwe. При изменении состояния пакета на ""отключен"" было возвращено 0x0."
"08.09.2026 22:13:37","10000","Подробно","Microsoft-Windows-AppXDeployment-Server","Будет выполнено обслуживание пакета Microsoft.MicrosoftEdge.Stable_152.0.4191.53_neutral__8wekyb3d8bbwe. При изменении состояния пакета на ""отключен"" было возвращено 0x0."
"08.09.2026 22:13:36","855","Сведения","Microsoft-Windows-AppXDeployment-Server","Завершено разрешение списков действий. Списки действий DeploymentRequest:  updateList: Microsoft.MicrosoftEdge.Stable_152.0.4191.53_neutral__8wekyb3d8bbwe is updating to Microsoft.MicrosoftEdge.Stable_152.0.4191.66_neutral__8wekyb3d8bbwe."
"08.09.2026 22:13:36","854","Сведения","Microsoft-Windows-AppXDeployment-Server","Успешно добавлены следующие универсальные коды ресурсов (URI), которые нужно обработать:  C:\Program Files\WindowsApps\Microsoft.MicrosoftEdge.Stable_152.0.4191.66_neutral__8wekyb3d8bbwe\AppxManifest.xml."
"08.09.2026 22:13:36","607","Сведения","Microsoft-Windows-AppXDeployment-Server","Операция развертывания Register в отношении пакета Microsoft.MicrosoftEdge.Stable_152.0.4191.66_neutral__8wekyb3d8bbwe выведена из очереди и выполняется для SID пользователя S-1-5-21-239302790-3235067425-44167425-1001."
"08.09.2026 22:13:36","626","Подробно","Microsoft-Windows-AppXDeployment-Server","Операция развертывания Register в отношении пакета Microsoft.MicrosoftEdge.Stable_152.0.4191.66_neutral__8wekyb3d8bbwe повторно поставлена в очередь для SID пользователя S-1-5-21-239302790-3235067425-44167425-1001."
"08.09.2026 22:13:36","854","Сведения","Microsoft-Windows-AppXDeployment-Server","Успешно добавлены следующие универсальные коды ресурсов (URI), которые нужно обработать:  C:\Program Files\WindowsApps\Microsoft.MicrosoftEdge.Stable_152.0.4191.66_neutral__8wekyb3d8bbwe\AppxManifest.xml."
"08.09.2026 22:13:36","607","Сведения","Microsoft-Windows-AppXDeployment-Server","Операция развертывания Register в отношении пакета Microsoft.MicrosoftEdge.Stable_152.0.4191.66_neutral__8wekyb3d8bbwe выведена из очереди и выполняется для SID пользователя S-1-5-21-239302790-3235067425-44167425-1001."
"08.09.2026 22:13:36","10002","Подробно","Microsoft-Windows-AppXDeployment-Server","Создание файла устойчивости C:\ProgramData\Microsoft\Windows\AppRepository\dfedd742-0e48-495f-98d9-861681029e72_S-1-5-21-239302790-3235067425-44167425-1001_2.rslc для операции Register с пакетом Microsoft.MicrosoftEdge.Stable_152.0.4191.66_neutral__8wekyb3d8bbwe."
"08.09.2026 22:13:36","603","Сведения","Microsoft-Windows-AppXDeployment-Server","Начата операция развертывания ""Register"" для пакета. Основной параметр: AppxManifest.xml. Необязательные параметры: ForceTargetApplicationShutdownOption,SkipReregisterIfPackageStatusOk,NormalPriorityRequest,ImmediatePriorityRequest,FirstLogonInstall и SkipDeploymentOperationRpcCallerIsAdminCheck. Дополнительные сведения о диагностике проблем с развертыванием приложений см. на странице http://go.microsoft.com/fwlink/?LinkId=235160."
"08.09.2026 22:13:36","649","Сведения","Microsoft-Windows-AppXDeployment-Server","Операция развертывания ""OnDemandRegisterOperation"" для пакета Microsoft.MicrosoftEdge.Stable_152.0.4191.66_neutral__8wekyb3d8bbwe: PostDeploymentOperationCheck cost: 0 ms"
"08.09.2026 22:13:36","400","Сведения","Microsoft-Windows-AppXDeployment-Server","Операция развертывания OnDemandRegisterOperation с конечным томом C: для пакета Microsoft.MicrosoftEdge.Stable_152.0.4191.66_neutral__8wekyb3d8bbwe из   завершена успешно."
"08.09.2026 22:13:36","642","Сведения","Microsoft-Windows-AppXDeployment-Server","OnDemandRegisterPackage: найден существующий пакет Microsoft.MicrosoftEdge.Stable_152.0.4191.53_neutral__8wekyb3d8bbwe; настройка параметра PACKAGE_STATUS_REGISTRATION_REQUIRED_BLOCKING"
"08.09.2026 22:13:36","607","Сведения","Microsoft-Windows-AppXDeployment-Server","Операция развертывания OnDemandRegisterOperation в отношении пакета Microsoft.MicrosoftEdge.Stable_152.0.4191.66_neutral__8wekyb3d8bbwe выведена из очереди и выполняется для SID пользователя S-1-5-21-239302790-3235067425-44167425-1001."
"08.09.2026 22:13:36","10002","Подробно","Microsoft-Windows-AppXDeployment-Server","Создание файла устойчивости C:\ProgramData\Microsoft\Windows\AppRepository\dfedd742-0e48-495f-98d9-861681029e72_S-1-5-21-239302790-3235067425-44167425-1001_1.rslc для операции OnDemandRegisterOperation с пакетом Microsoft.MicrosoftEdge.Stable_152.0.4191.66_neutral__8wekyb3d8bbwe."
"08.09.2026 22:13:36","604","Сведения","Microsoft-Windows-AppXDeployment-Server","Начата операция развертывания ""OnDemandRegisterOperation"" для пакета. Основной параметр: . Параметры зависимостей: Microsoft.MicrosoftEdge.Stable_152.0.4191.66_neutral__8wekyb3d8bbwe. Необязательные параметры: ImmediatePriorityRequest и 0. Дополнительные сведения о диагностике проблем с развертыванием приложений см. на странице http://go.microsoft.com/fwlink/?LinkId=235160."
"08.09.2026 22:13:36","819","Подробно","Microsoft-Windows-AppXDeployment-Server","Будут установлены следующие пакеты: . Будут удалены следующие пакеты: "
"08.09.2026 22:13:36","818","Подробно","Microsoft-Windows-AppXDeployment-Server","Определение пакетов, которые будут установлены при входе для пользователя: S-1-5-21-239302790-3235067425-44167425-1001."
"08.09.2026 22:13:35","819","Подробно","Microsoft-Windows-AppXDeployment-Server","Будут установлены следующие пакеты: . Будут удалены следующие пакеты: "
"08.09.2026 22:13:35","818","Подробно","Microsoft-Windows-AppXDeployment-Server","Определение пакетов, которые будут установлены при входе для пользователя: S-1-5-21-239302790-3235067425-44167425-1001."
"08.09.2026 22:08:05","613","Сведения","Microsoft-Windows-AppXDeployment-Server","Сводка по эффективности операции развертывания ""Register"" для пакета Microsoft.OfficePushNotificationUtility_16.0.20326.20132_neutral__8wekyb3d8bbwe: 
Overall time: 437 ms
Enqueue cost: 15 ms
Dequeue delay: 0 ms
Bundle processing cost: 0 ms
Indexing cost: 0 ms
Resolve dependency cost: 16 ms
Check approval cost: 0 ms
Evaluation cost: 0 ms
Hardlinking evaluation cost: 0 ms
Stage required cost: 0 ms
Flushing and closing files cost: 0 ms
Gap: 172 ms
Machine register cost: 0 ms
Stage user data cost: 16 ms
Registration cost: 93 ms
Repository commit transaction cost: 94 ms
Gap: 16 ms
Data flush cost: 0 ms
Post DeStage repository commit transaction cost: 0 ms
Remaining cost: 15 ms
"
"08.09.2026 22:08:05","649","Сведения","Microsoft-Windows-AppXDeployment-Server","Операция развертывания ""Register"" для пакета Microsoft.OfficePushNotificationUtility_16.0.20326.20132_neutral__8wekyb3d8bbwe: PostDeploymentOperationCheck cost: 0 ms"
"08.09.2026 22:08:05","400","Сведения","Microsoft-Windows-AppXDeployment-Server","Операция развертывания Register с конечным томом C: для пакета Microsoft.OfficePushNotificationUtility_16.0.20326.20132_neutral__8wekyb3d8bbwe из  (AppxManifest.xml)  завершена успешно."
"08.09.2026 22:08:05","10001","Подробно","Microsoft-Windows-AppXDeployment-Server","Обслуживание пакета Microsoft.OfficePushNotificationUtility_16.0.20326.20132_neutral__8wekyb3d8bbwe завершено. При изменении состояния пакета на ""включен"" было возвращено 0x0."
"08.09.2026 22:08:05","10001","Подробно","Microsoft-Windows-AppXDeployment-Server","Обслуживание пакета Microsoft.OfficePushNotificationUtility_16.0.20326.20132_neutral__8wekyb3d8bbwe завершено. При изменении состояния пакета на ""включен"" было возвращено 0x0."
"08.09.2026 22:08:05","10001","Подробно","Microsoft-Windows-AppXDeployment-Server","Обслуживание пакета Microsoft.OfficePushNotificationUtility_16.0.20326.20132_neutral__8wekyb3d8bbwe завершено. При изменении состояния пакета на ""включен"" было возвращено 0x0."
"08.09.2026 22:08:05","10001","Подробно","Microsoft-Windows-AppXDeployment-Server","Обслуживание пакета Microsoft.OfficePushNotificationUtility_16.0.20326.20132_neutral__8wekyb3d8bbwe завершено. При изменении состояния пакета на ""включен"" было возвращено 0x0."
"08.09.2026 22:08:05","5507","Подробно","Microsoft-Windows-AppXDeployment-Server","Microsoft.OfficePushNotificationUtility_16.0.20326.20132_neutral__8wekyb3d8bbwe : C:\Program Files\WindowsApps\Microsoft.OfficePushNotificationUtility_16.0.20326.20132_neutral__8wekyb3d8bbwe\microsoft.system.package.metadata\Resources.????????.pri : No shared merged files found"
"08.09.2026 22:08:05","5507","Подробно","Microsoft-Windows-AppXDeployment-Server","Microsoft.OfficePushNotificationUtility_16.0.20326.20132_neutral__8wekyb3d8bbwe : C:\Program Files\WindowsApps\Microsoft.OfficePushNotificationUtility_16.0.20326.20132_neutral__8wekyb3d8bbwe\microsoft.system.package.metadata\S-1-5-21-239302790-3235067425-44167425-1007-MergedResources-*.pri : No user-specific merged files found"
"08.09.2026 22:08:05","5507","Подробно","Microsoft-Windows-AppXDeployment-Server","Microsoft.OfficePushNotificationUtility_16.0.20326.20132_neutral__8wekyb3d8bbwe : C:\Program Files\WindowsApps\Microsoft.OfficePushNotificationUtility_16.0.20326.20132_neutral__8wekyb3d8bbwe\microsoft.system.package.metadata\Resources.????????.pri : No shared merged files found"
"08.09.2026 22:08:05","5507","Подробно","Microsoft-Windows-AppXDeployment-Server","Microsoft.OfficePushNotificationUtility_16.0.20326.20132_neutral__8wekyb3d8bbwe : C:\Program Files\WindowsApps\Microsoft.OfficePushNotificationUtility_16.0.20326.20132_neutral__8wekyb3d8bbwe\microsoft.system.package.metadata\S-1-5-21-239302790-3235067425-44167425-1007-MergedResources-*.pri : No user-specific merged files found"
"08.09.2026 22:08:05","10000","Подробно","Microsoft-Windows-AppXDeployment-Server","Будет выполнено обслуживание пакета Microsoft.OfficePushNotificationUtility_16.0.20326.20132_neutral__8wekyb3d8bbwe. При изменении состояния пакета на ""отключен"" было возвращено 0x0."
"08.09.2026 22:08:05","573","Сведения","Microsoft-Windows-AppXDeployment-Server","Настройка состояния ""Синхронизация включена"", имя семейства пакетов Microsoft.OfficePushNotificationUtility_8wekyb3d8bbwe, включено false."
"08.09.2026 22:08:04","855","Сведения","Microsoft-Windows-AppXDeployment-Server","Завершено разрешение списков действий. Списки действий DeploymentRequest:  addPackageList: Microsoft.OfficePushNotificationUtility_16.0.20326.20132_neutral__8wekyb3d8bbwe."
"08.09.2026 22:08:04","854","Сведения","Microsoft-Windows-AppXDeployment-Server","Успешно добавлены следующие универсальные коды ресурсов (URI), которые нужно обработать:  C:\Program Files\WindowsApps\Microsoft.OfficePushNotificationUtility_16.0.20326.20132_neutral__8wekyb3d8bbwe\AppxManifest.xml."
"08.09.2026 22:08:04","607","Сведения","Microsoft-Windows-AppXDeployment-Server","Операция развертывания Register в отношении пакета Microsoft.OfficePushNotificationUtility_16.0.20326.20132_neutral__8wekyb3d8bbwe выведена из очереди и выполняется для SID пользователя S-1-5-21-239302790-3235067425-44167425-1007."
"08.09.2026 22:08:04","10002","Подробно","Microsoft-Windows-AppXDeployment-Server","Создание файла устойчивости C:\ProgramData\Microsoft\Windows\AppRepository\4b941eda-7998-4f15-a1db-00b2c5a17261_S-1-5-21-239302790-3235067425-44167425-1007_64.rslc для операции Register с пакетом Microsoft.OfficePushNotificationUtility_16.0.20326.20132_neutral__8wekyb3d8bbwe."
"08.09.2026 22:08:04","603","Сведения","Microsoft-Windows-AppXDeployment-Server","Начата операция развертывания ""RegisterByPackageFamilyName"" для пакета. Основной параметр: Microsoft.OfficePushNotificationUtility_8wekyb3d8bbwe. Необязательные параметры: SkipReregisterIfPackageStatusOk,ImmediatePriorityRequest и 0. Дополнительные сведения о диагностике проблем с развертыванием приложений см. на странице http://go.microsoft.com/fwlink/?LinkId=235160."
"08.09.2026 22:07:32","822","Подробно","Microsoft-Windows-AppXDeployment-Server","Обновление реестра для пакета Microsoft.XboxIdentityProvider_12.130.16001.0_neutral_~_8wekyb3d8bbwe завершилось со следующим результатом: 0x0."
"08.09.2026 22:07:32","821","Подробно","Microsoft-Windows-AppXDeployment-Server","Выполняемая при входе регистрация пакета Microsoft.XboxIdentityProvider_12.130.16001.0_neutral_~_8wekyb3d8bbwe для пользователя S-1-5-21-239302790-3235067425-44167425-1007 завершилась со следующим результатом: 0x0; обновление реестра..."
"08.09.2026 22:07:32","613","Сведения","Microsoft-Windows-AppXDeployment-Server","Сводка по эффективности операции развертывания ""Register"" для пакета Microsoft.XboxIdentityProvider_12.130.16001.0_neutral_~_8wekyb3d8bbwe: 
Overall time: 4765 ms
Enqueue cost: 15 ms
Dequeue delay: 4344 ms
Gap: 16 ms
Bundle processing cost: 0 ms
Indexing cost: 31 ms
Resolve dependency cost: 16 ms
Check approval cost: 0 ms
Evaluation cost: 15 ms
Hardlinking evaluation cost: 0 ms
Stage required cost: 0 ms
Flushing and closing files cost: 0 ms
Gap: 16 ms
Machine register cost: 0 ms
Stage user data cost: 0 ms
Registration cost: 219 ms
Repository commit transaction cost: 78 ms
Data flush cost: 0 ms
Post DeStage repository commit transaction cost: 0 ms
Remaining cost: 15 ms
"
"08.09.2026 22:07:32","649","Сведения","Microsoft-Windows-AppXDeployment-Server","Операция развертывания ""Register"" для пакета Microsoft.XboxIdentityProvider_12.130.16001.0_neutral_~_8wekyb3d8bbwe: PostDeploymentOperationCheck cost: 0 ms"
"08.09.2026 22:07:32","478","Подробно","Microsoft-Windows-AppXDeployment-Server","Операция развертывания Register с конечным томом C: для пакета Microsoft.XboxIdentityProvider_12.130.16001.0_x64__8wekyb3d8bbwe из  (AppxBundleManifest.xml)  завершена успешно."
"08.09.2026 22:07:32","400","Сведения","Microsoft-Windows-AppXDeployment-Server","Операция развертывания Register с конечным томом C: для пакета Microsoft.XboxIdentityProvider_12.130.16001.0_neutral_~_8wekyb3d8bbwe из  (AppxBundleManifest.xml)  завершена успешно."
"08.09.2026 22:07:32","10001","Подробно","Microsoft-Windows-AppXDeployment-Server","Обслуживание пакета Microsoft.XboxIdentityProvider_12.130.16001.0_neutral_~_8wekyb3d8bbwe завершено. При изменении состояния пакета на ""включен"" было возвращено 0x0."
"08.09.2026 22:07:32","10001","Подробно","Microsoft-Windows-AppXDeployment-Server","Обслуживание пакета Microsoft.XboxIdentityProvider_12.130.16001.0_neutral_~_8wekyb3d8bbwe завершено. При изменении состояния пакета на ""включен"" было возвращено 0x0."
"08.09.2026 22:07:32","10001","Подробно","Microsoft-Windows-AppXDeployment-Server","Обслуживание пакета Microsoft.XboxIdentityProvider_12.130.16001.0_x64__8wekyb3d8bbwe завершено. При изменении состояния пакета на ""включен"" было возвращено 0x0."
"08.09.2026 22:07:32","10001","Подробно","Microsoft-Windows-AppXDeployment-Server","Обслуживание пакета Microsoft.XboxIdentityProvider_12.130.16001.0_x64__8wekyb3d8bbwe завершено. При изменении состояния пакета на ""включен"" было возвращено 0x0."
"08.09.2026 22:07:32","10001","Подробно","Microsoft-Windows-AppXDeployment-Server","Обслуживание пакета Microsoft.XboxIdentityProvider_12.130.16001.0_neutral_split.language-ru_8wekyb3d8bbwe завершено. При изменении состояния пакета на ""включен"" было возвращено 0x0."
"08.09.2026 22:07:32","10001","Подробно","Microsoft-Windows-AppXDeployment-Server","Обслуживание пакета Microsoft.XboxIdentityProvider_12.130.16001.0_neutral_split.language-ru_8wekyb3d8bbwe завершено. При изменении состояния пакета на ""включен"" было возвращено 0x0."
"08.09.2026 22:07:32","10001","Подробно","Microsoft-Windows-AppXDeployment-Server","Обслуживание пакета Microsoft.XboxIdentityProvider_12.130.16001.0_x64__8wekyb3d8bbwe завершено. При изменении состояния пакета на ""включен"" было возвращено 0x0."
"08.09.2026 22:07:32","10001","Подробно","Microsoft-Windows-AppXDeployment-Server","Обслуживание пакета Microsoft.XboxIdentityProvider_12.130.16001.0_x64__8wekyb3d8bbwe завершено. При изменении состояния пакета на ""включен"" было возвращено 0x0."
"08.09.2026 22:07:32","813","Подробно","Microsoft-Windows-AppXDeployment-Server","Хранилище всех пользователей успешно обновлено пакетом Microsoft.XboxIdentityProvider_12.130.16001.0_neutral_~_8wekyb3d8bbwe."
"08.09.2026 22:07:32","5507","Подробно","Microsoft-Windows-AppXDeployment-Server","Microsoft.XboxIdentityProvider_12.130.16001.0_x64__8wekyb3d8bbwe : resources.b48905ed.pri : Current shared merged PRI file ignored"
"08.09.2026 22:07:32","5507","Подробно","Microsoft-Windows-AppXDeployment-Server","Microsoft.XboxIdentityProvider_12.130.16001.0_x64__8wekyb3d8bbwe : S-1-5-21-239302790-3235067425-44167425-1007-MergedResources-0.pri : Current user-specific merged PRI file ignored"
"08.09.2026 22:07:32","5507","Подробно","Microsoft-Windows-AppXDeployment-Server","Microsoft.XboxIdentityProvider_12.130.16001.0_x64__8wekyb3d8bbwe : resources.b48905ed.pri : Current shared merged PRI file ignored"
"08.09.2026 22:07:32","5507","Подробно","Microsoft-Windows-AppXDeployment-Server","Microsoft.XboxIdentityProvider_12.130.16001.0_x64__8wekyb3d8bbwe : S-1-5-21-239302790-3235067425-44167425-1007-MergedResources-0.pri : Current user-specific merged PRI file ignored"
"08.09.2026 22:07:32","8101","Подробно","Microsoft-Windows-AppXDeployment-Server","Проверка и установка метки доверия для пакета Microsoft.XboxIdentityProvider_12.130.16001.0_x64__8wekyb3d8bbwe с флагами 0x9 завершена."
"08.09.2026 22:07:32","8105","Подробно","Microsoft-Windows-AppXDeployment-Server","Проверено файлов из карты блоков для пакета Microsoft.XboxIdentityProvider_12.130.16001.0_x64__8wekyb3d8bbwe: 18."
"08.09.2026 22:07:32","8100","Подробно","Microsoft-Windows-AppXDeployment-Server","Начинается проверка и установка метки доверия для пакета Microsoft.XboxIdentityProvider_12.130.16001.0_x64__8wekyb3d8bbwe с флагами 0x9."
"08.09.2026 22:07:32","8101","Подробно","Microsoft-Windows-AppXDeployment-Server","Проверка и установка метки доверия для пакета Microsoft.XboxIdentityProvider_12.130.16001.0_neutral_split.language-ru_8wekyb3d8bbwe с флагами 0x9 завершена."
"08.09.2026 22:07:32","8105","Подробно","Microsoft-Windows-AppXDeployment-Server","Проверено файлов из карты блоков для пакета Microsoft.XboxIdentityProvider_12.130.16001.0_neutral_split.language-ru_8wekyb3d8bbwe: 2."
"08.09.2026 22:07:32","8100","Подробно","Microsoft-Windows-AppXDeployment-Server","Начинается проверка и установка метки доверия для пакета Microsoft.XboxIdentityProvider_12.130.16001.0_neutral_split.language-ru_8wekyb3d8bbwe с флагами 0x9."
"08.09.2026 22:07:32","5505","Подробно","Microsoft-Windows-AppXDeployment-Server","Microsoft.XboxIdentityProvider_12.130.16001.0_x64__8wekyb3d8bbwe : C:\Program Files\WindowsApps\Microsoft.XboxIdentityProvider_12.130.16001.0_x64__8wekyb3d8bbwe\microsoft.system.package.metadata\S-1-5-21-239302790-3235067425-44167425-1007-MergedResources-0.pri : Linked user-specific merged PRI file"
"08.09.2026 22:07:32","10000","Подробно","Microsoft-Windows-AppXDeployment-Server","Будет выполнено обслуживание пакета Microsoft.XboxIdentityProvider_12.130.16001.0_x64__8wekyb3d8bbwe. При изменении состояния пакета на ""отключен"" было возвращено 0x0."
"08.09.2026 22:07:32","855","Сведения","Microsoft-Windows-AppXDeployment-Server","Завершено разрешение списков действий. Списки действий DeploymentRequest:  addPackageList: Microsoft.XboxIdentityProvider_12.130.16001.0_neutral_split.language-ru_8wekyb3d8bbwe Microsoft.XboxIdentityProvider_12.130.16001.0_x64__8wekyb3d8bbwe Microsoft.XboxIdentityProvider_12.130.16001.0_neutral_~_8wekyb3d8bbwe."
"08.09.2026 22:07:32","854","Сведения","Microsoft-Windows-AppXDeployment-Server","Успешно добавлены следующие универсальные коды ресурсов (URI), которые нужно обработать:  C:\Program Files\WindowsApps\Microsoft.XboxIdentityProvider_12.130.16001.0_neutral_~_8wekyb3d8bbwe\AppxMetadata\AppxBundleManifest.xml C:\Program Files\WindowsApps\Microsoft.XboxIdentityProvider_12.130.16001.0_x64__8wekyb3d8bbwe\AppxManifest.xml C:\Program Files\WindowsApps\Microsoft.XboxIdentityProvider_12.130.16001.0_neutral_split.language-ru_8wekyb3d8bbwe\AppxManifest.xml."
"08.09.2026 22:07:32","822","Подробно","Microsoft-Windows-AppXDeployment-Server","Обновление реестра для пакета microsoft.windowscommunicationsapps_16005.14326.22342.0_neutral_~_8wekyb3d8bbwe завершилось со следующим результатом: 0x0."
"08.09.2026 22:07:32","821","Подробно","Microsoft-Windows-AppXDeployment-Server","Выполняемая при входе регистрация пакета microsoft.windowscommunicationsapps_16005.14326.22342.0_neutral_~_8wekyb3d8bbwe для пользователя S-1-5-21-239302790-3235067425-44167425-1007 завершилась со следующим результатом: 0x0; обновление реестра..."
"08.09.2026 22:07:32","607","Сведения","Microsoft-Windows-AppXDeployment-Server","Операция развертывания Register в отношении пакета Microsoft.XboxIdentityProvider_12.130.16001.0_neutral_~_8wekyb3d8bbwe выведена из очереди и выполняется для SID пользователя S-1-5-21-239302790-3235067425-44167425-1007."
"08.09.2026 22:07:32","10002","Подробно","Microsoft-Windows-AppXDeployment-Server","Создание файла устойчивости C:\ProgramData\Microsoft\Windows\AppRepository\4b941eda-7998-4f15-a1db-00b2c5a17261_S-1-5-21-239302790-3235067425-44167425-1007_63.rslc для операции Register с пакетом Microsoft.XboxIdentityProvider_12.130.16001.0_neutral_~_8wekyb3d8bbwe."
"08.09.2026 22:07:32","613","Сведения","Microsoft-Windows-AppXDeployment-Server","Сводка по эффективности операции развертывания ""Register"" для пакета microsoft.windowscommunicationsapps_16005.14326.22342.0_neutral_~_8wekyb3d8bbwe: 
Overall time: 7344 ms
Gap: 16 ms
Enqueue cost: 0 ms
Dequeue delay: 2766 ms
Bundle processing cost: 15 ms
Indexing cost: 16 ms
Resolve dependency cost: 47 ms
Check approval cost: 0 ms
Evaluation cost: 15 ms
Hardlinking evaluation cost: 0 ms
Stage required cost: 16 ms
Flushing and closing files cost: 0 ms
Machine register cost: 0 ms
Stage user data cost: 16 ms
Registration cost: 4312 ms
Gap: 16 ms
Repository commit transaction cost: 78 ms
Gap: 15 ms
Data flush cost: 0 ms
Post DeStage repository commit transaction cost: 0 ms
Remaining cost: 16 ms
"
"08.09.2026 22:07:32","649","Сведения","Microsoft-Windows-AppXDeployment-Server","Операция развертывания ""Register"" для пакета microsoft.windowscommunicationsapps_16005.14326.22342.0_neutral_~_8wekyb3d8bbwe: PostDeploymentOperationCheck cost: 0 ms"
"08.09.2026 22:07:32","478","Подробно","Microsoft-Windows-AppXDeployment-Server","Операция развертывания Register с конечным томом C: для пакета microsoft.windowscommunicationsapps_16005.14326.22342.0_x64__8wekyb3d8bbwe из  (AppxBundleManifest.xml)  завершена успешно."
"08.09.2026 22:07:32","400","Сведения","Microsoft-Windows-AppXDeployment-Server","Операция развертывания Register с конечным томом C: для пакета microsoft.windowscommunicationsapps_16005.14326.22342.0_neutral_~_8wekyb3d8bbwe из  (AppxBundleManifest.xml)  завершена успешно."
"08.09.2026 22:07:32","10001","Подробно","Microsoft-Windows-AppXDeployment-Server","Обслуживание пакета microsoft.windowscommunicationsapps_16005.14326.22342.0_neutral_~_8wekyb3d8bbwe завершено. При изменении состояния пакета на ""включен"" было возвращено 0x0."
"08.09.2026 22:07:32","10001","Подробно","Microsoft-Windows-AppXDeployment-Server","Обслуживание пакета microsoft.windowscommunicationsapps_16005.14326.22342.0_neutral_~_8wekyb3d8bbwe завершено. При изменении состояния пакета на ""включен"" было возвращено 0x0."
"08.09.2026 22:07:32","10001","Подробно","Microsoft-Windows-AppXDeployment-Server","Обслуживание пакета microsoft.windowscommunicationsapps_16005.14326.22342.0_x64__8wekyb3d8bbwe завершено. При изменении состояния пакета на ""включен"" было возвращено 0x0."
"08.09.2026 22:07:32","10001","Подробно","Microsoft-Windows-AppXDeployment-Server","Обслуживание пакета microsoft.windowscommunicationsapps_16005.14326.22342.0_x64__8wekyb3d8bbwe завершено. При изменении состояния пакета на ""включен"" было возвращено 0x0."
"08.09.2026 22:07:32","10001","Подробно","Microsoft-Windows-AppXDeployment-Server","Обслуживание пакета microsoft.windowscommunicationsapps_16005.14326.22342.0_neutral_ru-ru_8wekyb3d8bbwe завершено. При изменении состояния пакета на ""включен"" было возвращено 0x0."
"08.09.2026 22:07:32","10001","Подробно","Microsoft-Windows-AppXDeployment-Server","Обслуживание пакета microsoft.windowscommunicationsapps_16005.14326.22342.0_neutral_ru-ru_8wekyb3d8bbwe завершено. При изменении состояния пакета на ""включен"" было возвращено 0x0."
"08.09.2026 22:07:32","10001","Подробно","Microsoft-Windows-AppXDeployment-Server","Обслуживание пакета Microsoft.UI.Xaml.2.7_7.2409.9001.0_x64__8wekyb3d8bbwe завершено. При изменении состояния пакета на ""включен"" было возвращено 0x0."
"08.09.2026 22:07:32","10001","Подробно","Microsoft-Windows-AppXDeployment-Server","Обслуживание пакета Microsoft.UI.Xaml.2.7_7.2409.9001.0_x64__8wekyb3d8bbwe завершено. При изменении состояния пакета на ""включен"" было возвращено 0x0."
"08.09.2026 22:07:32","10001","Подробно","Microsoft-Windows-AppXDeployment-Server","Обслуживание пакета Microsoft.UI.Xaml.2.7_7.2409.9001.0_x86__8wekyb3d8bbwe завершено. При изменении состояния пакета на ""включен"" было возвращено 0x0."
"08.09.2026 22:07:32","10001","Подробно","Microsoft-Windows-AppXDeployment-Server","Обслуживание пакета Microsoft.UI.Xaml.2.7_7.2409.9001.0_x86__8wekyb3d8bbwe завершено. При изменении состояния пакета на ""включен"" было возвращено 0x0."
"08.09.2026 22:07:32","10001","Подробно","Microsoft-Windows-AppXDeployment-Server","Обслуживание пакета Microsoft.Microsoft3DViewer_7.2602.8012.0_x64__8wekyb3d8bbwe завершено. При изменении состояния пакета на ""включен"" было возвращено 0x0."
"08.09.2026 22:07:32","10001","Подробно","Microsoft-Windows-AppXDeployment-Server","Обслуживание пакета Microsoft.Microsoft3DViewer_7.2602.8012.0_x64__8wekyb3d8bbwe завершено. При изменении состояния пакета на ""включен"" было возвращено 0x0."
"08.09.2026 22:07:32","10001","Подробно","Microsoft-Windows-AppXDeployment-Server","Обслуживание пакета Microsoft.WindowsMaps_11.2506.3.0_x64__8wekyb3d8bbwe завершено. При изменении состояния пакета на ""включен"" было возвращено 0x0."
"08.09.2026 22:07:32","10001","Подробно","Microsoft-Windows-AppXDeployment-Server","Обслуживание пакета Microsoft.WindowsMaps_11.2506.3.0_x64__8wekyb3d8bbwe завершено. При изменении состояния пакета на ""включен"" было возвращено 0x0."
"08.09.2026 22:07:32","10001","Подробно","Microsoft-Windows-AppXDeployment-Server","Обслуживание пакета microsoft.windowscommunicationsapps_16005.14326.22342.0_x64__8wekyb3d8bbwe завершено. При изменении состояния пакета на ""включен"" было возвращено 0x0."
"08.09.2026 22:07:32","10001","Подробно","Microsoft-Windows-AppXDeployment-Server","Обслуживание пакета microsoft.windowscommunicationsapps_16005.14326.22342.0_x64__8wekyb3d8bbwe завершено. При изменении состояния пакета на ""включен"" было возвращено 0x0."
"08.09.2026 22:07:32","10001","Подробно","Microsoft-Windows-AppXDeployment-Server","Обслуживание пакета Microsoft.UI.Xaml.2.7_7.2409.9001.0_x64__8wekyb3d8bbwe завершено. При изменении состояния пакета на ""включен"" было возвращено 0x0."
"08.09.2026 22:07:32","10001","Подробно","Microsoft-Windows-AppXDeployment-Server","Обслуживание пакета Microsoft.UI.Xaml.2.7_7.2409.9001.0_x64__8wekyb3d8bbwe завершено. При изменении состояния пакета на ""включен"" было возвращено 0x0."
"08.09.2026 22:07:32","10001","Подробно","Microsoft-Windows-AppXDeployment-Server","Обслуживание пакета Microsoft.UI.Xaml.2.7_7.2409.9001.0_x86__8wekyb3d8bbwe завершено. При изменении состояния пакета на ""включен"" было возвращено 0x0."
"08.09.2026 22:07:32","10001","Подробно","Microsoft-Windows-AppXDeployment-Server","Обслуживание пакета Microsoft.UI.Xaml.2.7_7.2409.9001.0_x86__8wekyb3d8bbwe завершено. При изменении состояния пакета на ""включен"" было возвращено 0x0."
"08.09.2026 22:07:32","813","Подробно","Microsoft-Windows-AppXDeployment-Server","Хранилище всех пользователей успешно обновлено пакетом microsoft.windowscommunicationsapps_16005.14326.22342.0_neutral_~_8wekyb3d8bbwe."
"08.09.2026 22:07:32","5507","Подробно","Microsoft-Windows-AppXDeployment-Server","microsoft.windowscommunicationsapps_16005.14326.22342.0_x64__8wekyb3d8bbwe : resources.7aa384c8.pri : Current shared merged PRI file ignored"
"08.09.2026 22:07:32","5507","Подробно","Microsoft-Windows-AppXDeployment-Server","microsoft.windowscommunicationsapps_16005.14326.22342.0_x64__8wekyb3d8bbwe : S-1-5-21-239302790-3235067425-44167425-1007-MergedResources-0.pri : Current user-specific merged PRI file ignored"
"08.09.2026 22:07:32","5507","Подробно","Microsoft-Windows-AppXDeployment-Server","microsoft.windowscommunicationsapps_16005.14326.22342.0_x64__8wekyb3d8bbwe : resources.7aa384c8.pri : Current shared merged PRI file ignored"
"08.09.2026 22:07:32","5507","Подробно","Microsoft-Windows-AppXDeployment-Server","microsoft.windowscommunicationsapps_16005.14326.22342.0_x64__8wekyb3d8bbwe : S-1-5-21-239302790-3235067425-44167425-1007-MergedResources-0.pri : Current user-specific merged PRI file ignored"
"08.09.2026 22:07:32","603","Сведения","Microsoft-Windows-AppXDeployment-Server","Начата операция развертывания ""RegisterByPackageFamilyName"" для пакета. Основной параметр: microsoft.windowscommunicationsapps_8wekyb3d8bbwe. Необязательные параметры: SkipReregisterIfPackageStatusOk,ImmediatePriorityRequest и SkipDeploymentOperationRpcCallerIsAdminCheck. Дополнительные сведения о диагностике проблем с развертыванием приложений см. на странице http://go.microsoft.com/fwlink/?LinkId=235160."
"08.09.2026 22:07:32","8101","Подробно","Microsoft-Windows-AppXDeployment-Server","Проверка и установка метки доверия для пакета microsoft.windowscommunicationsapps_16005.14326.22342.0_x64__8wekyb3d8bbwe с флагами 0x9 завершена."
"08.09.2026 22:07:32","8105","Подробно","Microsoft-Windows-AppXDeployment-Server","Проверено файлов из карты блоков для пакета microsoft.windowscommunicationsapps_16005.14326.22342.0_x64__8wekyb3d8bbwe: 1632."
"08.09.2026 22:07:28","8100","Подробно","Microsoft-Windows-AppXDeployment-Server","Начинается проверка и установка метки доверия для пакета microsoft.windowscommunicationsapps_16005.14326.22342.0_x64__8wekyb3d8bbwe с флагами 0x9."
"08.09.2026 22:07:28","8101","Подробно","Microsoft-Windows-AppXDeployment-Server","Проверка и установка метки доверия для пакета microsoft.windowscommunicationsapps_16005.14326.22342.0_neutral_ru-ru_8wekyb3d8bbwe с флагами 0x9 завершена."
"08.09.2026 22:07:28","8105","Подробно","Microsoft-Windows-AppXDeployment-Server","Проверено файлов из карты блоков для пакета microsoft.windowscommunicationsapps_16005.14326.22342.0_neutral_ru-ru_8wekyb3d8bbwe: 21."
"08.09.2026 22:07:28","822","Подробно","Microsoft-Windows-AppXDeployment-Server","Обновление реестра для пакета Microsoft.WindowsStore_22607.1401.6.0_neutral_~_8wekyb3d8bbwe завершилось со следующим результатом: 0x0."
"08.09.2026 22:07:28","821","Подробно","Microsoft-Windows-AppXDeployment-Server","Выполняемая при входе регистрация пакета Microsoft.WindowsStore_22607.1401.6.0_neutral_~_8wekyb3d8bbwe для пользователя S-1-5-21-239302790-3235067425-44167425-1007 завершилась со следующим результатом: 0x0; обновление реестра..."
"08.09.2026 22:07:28","613","Сведения","Microsoft-Windows-AppXDeployment-Server","Сводка по эффективности операции развертывания ""Register"" для пакета Microsoft.WindowsStore_22607.1401.6.0_neutral_~_8wekyb3d8bbwe: 
Overall time: 1406 ms
Enqueue cost: 0 ms
Dequeue delay: 953 ms
Bundle processing cost: 15 ms
Indexing cost: 16 ms
Resolve dependency cost: 16 ms
Check approval cost: 0 ms
Evaluation cost: 0 ms
Hardlinking evaluation cost: 0 ms
Stage required cost: 15 ms
Flushing and closing files cost: 0 ms
Gap: 78 ms
Machine register cost: 0 ms
Stage user data cost: 0 ms
Registration cost: 219 ms
Repository commit transaction cost: 78 ms
Gap: 16 ms
Data flush cost: 0 ms
Post DeStage repository commit transaction cost: 0 ms
Remaining cost: 0 ms
"
"08.09.2026 22:07:28","649","Сведения","Microsoft-Windows-AppXDeployment-Server","Операция развертывания ""Register"" для пакета Microsoft.WindowsStore_22607.1401.6.0_neutral_~_8wekyb3d8bbwe: PostDeploymentOperationCheck cost: 0 ms"
"08.09.2026 22:07:28","478","Подробно","Microsoft-Windows-AppXDeployment-Server","Операция развертывания Register с конечным томом C: для пакета Microsoft.WindowsStore_22607.1401.6.0_x64__8wekyb3d8bbwe из  (AppxBundleManifest.xml)  завершена успешно."
"08.09.2026 22:07:28","400","Сведения","Microsoft-Windows-AppXDeployment-Server","Операция развертывания Register с конечным томом C: для пакета Microsoft.WindowsStore_22607.1401.6.0_neutral_~_8wekyb3d8bbwe из  (AppxBundleManifest.xml)  завершена успешно."
"08.09.2026 22:07:28","10001","Подробно","Microsoft-Windows-AppXDeployment-Server","Обслуживание пакета Microsoft.WindowsStore_22607.1401.6.0_neutral_~_8wekyb3d8bbwe завершено. При изменении состояния пакета на ""включен"" было возвращено 0x0."
"08.09.2026 22:07:28","10001","Подробно","Microsoft-Windows-AppXDeployment-Server","Обслуживание пакета Microsoft.WindowsStore_22607.1401.6.0_neutral_~_8wekyb3d8bbwe завершено. При изменении состояния пакета на ""включен"" было возвращено 0x0."
"08.09.2026 22:07:28","10001","Подробно","Microsoft-Windows-AppXDeployment-Server","Обслуживание пакета Microsoft.WindowsStore_22607.1401.6.0_x64__8wekyb3d8bbwe завершено. При изменении состояния пакета на ""включен"" было возвращено 0x0."
"08.09.2026 22:07:28","10001","Подробно","Microsoft-Windows-AppXDeployment-Server","Обслуживание пакета Microsoft.WindowsStore_22607.1401.6.0_x64__8wekyb3d8bbwe завершено. При изменении состояния пакета на ""включен"" было возвращено 0x0."
"08.09.2026 22:07:28","10001","Подробно","Microsoft-Windows-AppXDeployment-Server","Обслуживание пакета Microsoft.WindowsStore_22607.1401.6.0_x64__8wekyb3d8bbwe завершено. При изменении состояния пакета на ""включен"" было возвращено 0x0."
"08.09.2026 22:07:28","10001","Подробно","Microsoft-Windows-AppXDeployment-Server","Обслуживание пакета Microsoft.WindowsStore_22607.1401.6.0_x64__8wekyb3d8bbwe завершено. При изменении состояния пакета на ""включен"" было возвращено 0x0."
"08.09.2026 22:07:28","8100","Подробно","Microsoft-Windows-AppXDeployment-Server","Начинается проверка и установка метки доверия для пакета microsoft.windowscommunicationsapps_16005.14326.22342.0_neutral_ru-ru_8wekyb3d8bbwe с флагами 0x9."
"08.09.2026 22:07:28","5505","Подробно","Microsoft-Windows-AppXDeployment-Server","microsoft.windowscommunicationsapps_16005.14326.22342.0_x64__8wekyb3d8bbwe : C:\Program Files\WindowsApps\microsoft.windowscommunicationsapps_16005.14326.22342.0_x64__8wekyb3d8bbwe\microsoft.system.package.metadata\S-1-5-21-239302790-3235067425-44167425-1007-MergedResources-0.pri : Linked user-specific merged PRI file"
"08.09.2026 22:07:28","8101","Подробно","Microsoft-Windows-AppXDeployment-Server","Проверка и установка метки доверия для пакета Microsoft.UI.Xaml.2.7_7.2409.9001.0_x64__8wekyb3d8bbwe с флагами 0x5 завершена."
"08.09.2026 22:07:28","8105","Подробно","Microsoft-Windows-AppXDeployment-Server","Проверено файлов из карты блоков для пакета Microsoft.UI.Xaml.2.7_7.2409.9001.0_x64__8wekyb3d8bbwe: 6."
"08.09.2026 22:07:28","813","Подробно","Microsoft-Windows-AppXDeployment-Server","Хранилище всех пользователей успешно обновлено пакетом Microsoft.WindowsStore_22607.1401.6.0_neutral_~_8wekyb3d8bbwe."
"08.09.2026 22:07:28","5507","Подробно","Microsoft-Windows-AppXDeployment-Server","Microsoft.WindowsStore_22607.1401.6.0_x64__8wekyb3d8bbwe : C:\Program Files\WindowsApps\Microsoft.WindowsStore_22607.1401.6.0_x64__8wekyb3d8bbwe\microsoft.system.package.metadata\Resources.????????.pri : No shared merged files found"
"08.09.2026 22:07:28","5507","Подробно","Microsoft-Windows-AppXDeployment-Server","Microsoft.WindowsStore_22607.1401.6.0_x64__8wekyb3d8bbwe : C:\Program Files\WindowsApps\Microsoft.WindowsStore_22607.1401.6.0_x64__8wekyb3d8bbwe\microsoft.system.package.metadata\S-1-5-21-239302790-3235067425-44167425-1007-MergedResources-*.pri : No user-specific merged files found"
"08.09.2026 22:07:28","5507","Подробно","Microsoft-Windows-AppXDeployment-Server","Microsoft.WindowsStore_22607.1401.6.0_x64__8wekyb3d8bbwe : C:\Program Files\WindowsApps\Microsoft.WindowsStore_22607.1401.6.0_x64__8wekyb3d8bbwe\microsoft.system.package.metadata\Resources.????????.pri : No shared merged files found"
"08.09.2026 22:07:28","5507","Подробно","Microsoft-Windows-AppXDeployment-Server","Microsoft.WindowsStore_22607.1401.6.0_x64__8wekyb3d8bbwe : C:\Program Files\WindowsApps\Microsoft.WindowsStore_22607.1401.6.0_x64__8wekyb3d8bbwe\microsoft.system.package.metadata\S-1-5-21-239302790-3235067425-44167425-1007-MergedResources-*.pri : No user-specific merged files found"
"08.09.2026 22:07:28","603","Сведения","Microsoft-Windows-AppXDeployment-Server","Начата операция развертывания ""RegisterByPackageFamilyName"" для пакета. Основной параметр: Microsoft.WindowsStore_8wekyb3d8bbwe. Необязательные параметры: SkipReregisterIfPackageStatusOk,ImmediatePriorityRequest и SkipDeploymentOperationRpcCallerIsAdminCheck. Дополнительные сведения о диагностике проблем с развертыванием приложений см. на странице http://go.microsoft.com/fwlink/?LinkId=235160."
"08.09.2026 22:07:28","8100","Подробно","Microsoft-Windows-AppXDeployment-Server","Начинается проверка и установка метки доверия для пакета Microsoft.UI.Xaml.2.7_7.2409.9001.0_x64__8wekyb3d8bbwe с флагами 0x5."
"08.09.2026 22:07:28","8101","Подробно","Microsoft-Windows-AppXDeployment-Server","Проверка и установка метки доверия для пакета Microsoft.UI.Xaml.2.7_7.2409.9001.0_x86__8wekyb3d8bbwe с флагами 0x5 завершена."
"08.09.2026 22:07:28","8105","Подробно","Microsoft-Windows-AppXDeployment-Server","Проверено файлов из карты блоков для пакета Microsoft.UI.Xaml.2.7_7.2409.9001.0_x86__8wekyb3d8bbwe: 6."
"08.09.2026 22:07:28","603","Сведения","Microsoft-Windows-AppXDeployment-Server","Начата операция развертывания ""Register"" для пакета. Основной параметр: AppxBundleManifest.xml. Необязательные параметры: ForceTargetApplicationShutdownOption,SkipReregisterIfPackageStatusOk,NormalPriorityRequest,ImmediatePriorityRequest,FirstLogonInstall и SkipDeploymentOperationRpcCallerIsAdminCheck. Дополнительные сведения о диагностике проблем с развертыванием приложений см. на странице http://go.microsoft.com/fwlink/?LinkId=235160."
"08.09.2026 22:07:28","613","Сведения","Microsoft-Windows-AppXDeployment-Server","Сводка по эффективности операции развертывания ""StageUserData"" для пакета Microsoft.XboxIdentityProvider_12.130.16001.0_neutral_~_8wekyb3d8bbwe: 
Overall time: 235 ms
Enqueue cost: 0 ms
Dequeue delay: 0 ms
Bundle processing cost: 16 ms
Indexing cost: 156 ms
Resolve dependency cost: 0 ms
Check approval cost: 0 ms
Evaluation cost: 0 ms
Hardlinking evaluation cost: 0 ms
Stage required cost: 0 ms
Flushing and closing files cost: 0 ms
Machine register cost: 0 ms
Stage user data cost: 0 ms
Registration cost: 0 ms
Repository commit transaction cost: 0 ms
Data flush cost: 0 ms
Post DeStage repository commit transaction cost: 63 ms
Remaining cost: 0 ms
"
"08.09.2026 22:07:28","8101","Подробно","Microsoft-Windows-AppXDeployment-Server","Проверка и установка метки доверия для пакета Microsoft.WindowsStore_22607.1401.6.0_x64__8wekyb3d8bbwe с флагами 0x9 завершена."
"08.09.2026 22:07:28","8106","Подробно","Microsoft-Windows-AppXDeployment-Server","У пакета Microsoft.WindowsStore_22607.1401.6.0_x64__8wekyb3d8bbwe уже есть метка доверия. Флаги: 0x9"
"08.09.2026 22:07:28","8100","Подробно","Microsoft-Windows-AppXDeployment-Server","Начинается проверка и установка метки доверия для пакета Microsoft.WindowsStore_22607.1401.6.0_x64__8wekyb3d8bbwe с флагами 0x9."
"08.09.2026 22:07:28","8100","Подробно","Microsoft-Windows-AppXDeployment-Server","Начинается проверка и установка метки доверия для пакета Microsoft.UI.Xaml.2.7_7.2409.9001.0_x86__8wekyb3d8bbwe с флагами 0x5."
"08.09.2026 22:07:27","649","Сведения","Microsoft-Windows-AppXDeployment-Server","Операция развертывания ""StageUserData"" для пакета Microsoft.XboxIdentityProvider_12.130.16001.0_neutral_~_8wekyb3d8bbwe: PostDeploymentOperationCheck cost: 0 ms"
"08.09.2026 22:07:27","478","Подробно","Microsoft-Windows-AppXDeployment-Server","Операция развертывания StageUserData с конечным томом C: для пакета Microsoft.XboxIdentityProvider_12.130.16001.0_x64__8wekyb3d8bbwe из  (AppxBundleManifest.xml)  завершена успешно."
"08.09.2026 22:07:27","400","Сведения","Microsoft-Windows-AppXDeployment-Server","Операция развертывания StageUserData с конечным томом C: для пакета Microsoft.XboxIdentityProvider_12.130.16001.0_neutral_~_8wekyb3d8bbwe из  (AppxBundleManifest.xml)  завершена успешно."
"08.09.2026 22:07:27","10000","Подробно","Microsoft-Windows-AppXDeployment-Server","Будет выполнено обслуживание пакета Microsoft.Microsoft3DViewer_7.2602.8012.0_x64__8wekyb3d8bbwe. При изменении состояния пакета на ""отключен"" было возвращено 0x0."
"08.09.2026 22:07:27","10000","Подробно","Microsoft-Windows-AppXDeployment-Server","Будет выполнено обслуживание пакета Microsoft.WindowsMaps_11.2506.3.0_x64__8wekyb3d8bbwe. При изменении состояния пакета на ""отключен"" было возвращено 0x0."
"08.09.2026 22:07:27","10000","Подробно","Microsoft-Windows-AppXDeployment-Server","Будет выполнено обслуживание пакета microsoft.windowscommunicationsapps_16005.14326.22342.0_x64__8wekyb3d8bbwe. При изменении состояния пакета на ""отключен"" было возвращено 0x0."
"08.09.2026 22:07:27","10000","Подробно","Microsoft-Windows-AppXDeployment-Server","Будет выполнено обслуживание пакета Microsoft.UI.Xaml.2.7_7.2409.9001.0_x64__8wekyb3d8bbwe. При изменении состояния пакета на ""отключен"" было возвращено 0x0."
"08.09.2026 22:07:27","10000","Подробно","Microsoft-Windows-AppXDeployment-Server","Будет выполнено обслуживание пакета Microsoft.UI.Xaml.2.7_7.2409.9001.0_x86__8wekyb3d8bbwe. При изменении состояния пакета на ""отключен"" было возвращено 0x0."
"08.09.2026 22:07:27","10000","Подробно","Microsoft-Windows-AppXDeployment-Server","Будет выполнено обслуживание пакета Microsoft.WindowsStore_22607.1401.6.0_x64__8wekyb3d8bbwe. При изменении состояния пакета на ""отключен"" было возвращено 0x0."
"08.09.2026 22:07:27","855","Сведения","Microsoft-Windows-AppXDeployment-Server","Завершено разрешение списков действий. Списки действий DeploymentRequest:  addPackageList: Microsoft.UI.Xaml.2.7_7.2409.9001.0_x86__8wekyb3d8bbwe Microsoft.UI.Xaml.2.7_7.2409.9001.0_x64__8wekyb3d8bbwe microsoft.windowscommunicationsapps_16005.14326.22342.0_neutral_ru-ru_8wekyb3d8bbwe microsoft.windowscommunicationsapps_16005.14326.22342.0_x64__8wekyb3d8bbwe microsoft.windowscommunicationsapps_16005.14326.22342.0_neutral_~_8wekyb3d8bbwe."
"08.09.2026 22:07:27","854","Сведения","Microsoft-Windows-AppXDeployment-Server","Успешно добавлены следующие универсальные коды ресурсов (URI), которые нужно обработать:  C:\Program Files\WindowsApps\microsoft.windowscommunicationsapps_16005.14326.22342.0_neutral_~_8wekyb3d8bbwe\AppxMetadata\AppxBundleManifest.xml C:\Program Files\WindowsApps\microsoft.windowscommunicationsapps_16005.14326.22342.0_x64__8wekyb3d8bbwe\AppxManifest.xml C:\Program Files\WindowsApps\microsoft.windowscommunicationsapps_16005.14326.22342.0_neutral_ru-ru_8wekyb3d8bbwe\AppxManifest.xml."
"08.09.2026 22:07:27","607","Сведения","Microsoft-Windows-AppXDeployment-Server","Операция развертывания Register в отношении пакета microsoft.windowscommunicationsapps_16005.14326.22342.0_neutral_~_8wekyb3d8bbwe выведена из очереди и выполняется для SID пользователя S-1-5-21-239302790-3235067425-44167425-1007."
"08.09.2026 22:07:27","10002","Подробно","Microsoft-Windows-AppXDeployment-Server","Создание файла устойчивости C:\ProgramData\Microsoft\Windows\AppRepository\4b941eda-7998-4f15-a1db-00b2c5a17261_S-1-5-21-239302790-3235067425-44167425-1007_62.rslc для операции Register с пакетом microsoft.windowscommunicationsapps_16005.14326.22342.0_neutral_~_8wekyb3d8bbwe."
"08.09.2026 22:07:27","855","Сведения","Microsoft-Windows-AppXDeployment-Server","Завершено разрешение списков действий. Списки действий DeploymentRequest:  addPackageList: Microsoft.WindowsStore_22607.1401.6.0_x64__8wekyb3d8bbwe Microsoft.WindowsStore_22607.1401.6.0_neutral_~_8wekyb3d8bbwe."
"08.09.2026 22:07:27","854","Сведения","Microsoft-Windows-AppXDeployment-Server","Успешно добавлены следующие универсальные коды ресурсов (URI), которые нужно обработать:  C:\Program Files\WindowsApps\Microsoft.XboxIdentityProvider_12.130.16001.0_neutral_~_8wekyb3d8bbwe\AppxMetadata\AppxBundleManifest.xml C:\Program Files\WindowsApps\Microsoft.XboxIdentityProvider_12.130.16001.0_x64__8wekyb3d8bbwe\AppxManifest.xml C:\Program Files\WindowsApps\Microsoft.XboxIdentityProvider_12.130.16001.0_neutral_split.language-ru_8wekyb3d8bbwe\AppxManifest.xml."
"08.09.2026 22:07:27","607","Сведения","Microsoft-Windows-AppXDeployment-Server","Операция развертывания StageUserData в отношении пакета Microsoft.XboxIdentityProvider_12.130.16001.0_neutral_~_8wekyb3d8bbwe выведена из очереди и выполняется для SID пользователя S-1-5-21-239302790-3235067425-44167425-1007."
"08.09.2026 22:07:27","10002","Подробно","Microsoft-Windows-AppXDeployment-Server","Создание файла устойчивости C:\ProgramData\Microsoft\Windows\AppRepository\4b941eda-7998-4f15-a1db-00b2c5a17261_S-1-5-21-239302790-3235067425-44167425-1007_61.rslc для операции StageUserData с пакетом Microsoft.XboxIdentityProvider_12.130.16001.0_neutral_~_8wekyb3d8bbwe."
"08.09.2026 22:07:27","603","Сведения","Microsoft-Windows-AppXDeployment-Server","Начата операция развертывания ""StageUserData"" для пакета. Основной параметр: Microsoft.XboxIdentityProvider_12.130.16001.0_neutral_~_8wekyb3d8bbwe. Необязательные параметры: ImmediatePriorityRequest,FirstLogonInstall и 0. Дополнительные сведения о диагностике проблем с развертыванием приложений см. на странице http://go.microsoft.com/fwlink/?LinkId=235160."
"08.09.2026 22:07:27","854","Сведения","Microsoft-Windows-AppXDeployment-Server","Успешно добавлены следующие универсальные коды ресурсов (URI), которые нужно обработать:  C:\Program Files\WindowsApps\Microsoft.WindowsStore_22607.1401.6.0_neutral_~_8wekyb3d8bbwe\AppxMetadata\AppxBundleManifest.xml C:\Program Files\WindowsApps\Microsoft.WindowsStore_22607.1401.6.0_x64__8wekyb3d8bbwe\AppxManifest.xml."
"08.09.2026 22:07:27","822","Подробно","Microsoft-Windows-AppXDeployment-Server","Обновление реестра для пакета Microsoft.WindowsCamera_2022.2605.7.0_neutral_~_8wekyb3d8bbwe завершилось со следующим результатом: 0x0."
"08.09.2026 22:07:27","821","Подробно","Microsoft-Windows-AppXDeployment-Server","Выполняемая при входе регистрация пакета Microsoft.WindowsCamera_2022.2605.7.0_neutral_~_8wekyb3d8bbwe для пользователя S-1-5-21-239302790-3235067425-44167425-1007 завершилась со следующим результатом: 0x0; обновление реестра..."
"08.09.2026 22:07:27","607","Сведения","Microsoft-Windows-AppXDeployment-Server","Операция развертывания Register в отношении пакета Microsoft.WindowsStore_22607.1401.6.0_neutral_~_8wekyb3d8bbwe выведена из очереди и выполняется для SID пользователя S-1-5-21-239302790-3235067425-44167425-1007."
"08.09.2026 22:07:27","10002","Подробно","Microsoft-Windows-AppXDeployment-Server","Создание файла устойчивости C:\ProgramData\Microsoft\Windows\AppRepository\4b941eda-7998-4f15-a1db-00b2c5a17261_S-1-5-21-239302790-3235067425-44167425-1007_60.rslc для операции Register с пакетом Microsoft.WindowsStore_22607.1401.6.0_neutral_~_8wekyb3d8bbwe."
"08.09.2026 22:07:27","613","Сведения","Microsoft-Windows-AppXDeployment-Server","Сводка по эффективности операции развертывания ""Register"" для пакета Microsoft.WindowsCamera_2022.2605.7.0_neutral_~_8wekyb3d8bbwe: 
Overall time: 1563 ms
Enqueue cost: 16 ms
Dequeue delay: 359 ms
Bundle processing cost: 16 ms
Indexing cost: 15 ms
Resolve dependency cost: 110 ms
Gap: 15 ms
Check approval cost: 16 ms
Evaluation cost: 0 ms
Hardlinking evaluation cost: 0 ms
Stage required cost: 31 ms
Flushing and closing files cost: 0 ms
Machine register cost: 0 ms
Stage user data cost: 0 ms
Gap: 78 ms
Registration cost: 750 ms
Gap: 16 ms
Repository commit transaction cost: 94 ms
Gap: 31 ms
Data flush cost: 0 ms
Post DeStage repository commit transaction cost: 0 ms
Remaining cost: 16 ms
"
"08.09.2026 22:07:27","649","Сведения","Microsoft-Windows-AppXDeployment-Server","Операция развертывания ""Register"" для пакета Microsoft.WindowsCamera_2022.2605.7.0_neutral_~_8wekyb3d8bbwe: PostDeploymentOperationCheck cost: 0 ms"
"08.09.2026 22:07:27","478","Подробно","Microsoft-Windows-AppXDeployment-Server","Операция развертывания Register с конечным томом C: для пакета Microsoft.WindowsCamera_2026.2605.7.0_x64__8wekyb3d8bbwe из  (AppxBundleManifest.xml)  завершена успешно."
"08.09.2026 22:07:27","400","Сведения","Microsoft-Windows-AppXDeployment-Server","Операция развертывания Register с конечным томом C: для пакета Microsoft.WindowsCamera_2022.2605.7.0_neutral_~_8wekyb3d8bbwe из  (AppxBundleManifest.xml)  завершена успешно."
"08.09.2026 22:07:27","10001","Подробно","Microsoft-Windows-AppXDeployment-Server","Обслуживание пакета Microsoft.WindowsCamera_2022.2605.7.0_neutral_~_8wekyb3d8bbwe завершено. При изменении состояния пакета на ""включен"" было возвращено 0x0."
"08.09.2026 22:07:27","10001","Подробно","Microsoft-Windows-AppXDeployment-Server","Обслуживание пакета Microsoft.WindowsCamera_2022.2605.7.0_neutral_~_8wekyb3d8bbwe завершено. При изменении состояния пакета на ""включен"" было возвращено 0x0."
"08.09.2026 22:07:27","10001","Подробно","Microsoft-Windows-AppXDeployment-Server","Обслуживание пакета Microsoft.WindowsCamera_2026.2605.7.0_x64__8wekyb3d8bbwe завершено. При изменении состояния пакета на ""включен"" было возвращено 0x0."
"08.09.2026 22:07:27","10001","Подробно","Microsoft-Windows-AppXDeployment-Server","Обслуживание пакета Microsoft.WindowsCamera_2026.2605.7.0_x64__8wekyb3d8bbwe завершено. При изменении состояния пакета на ""включен"" было возвращено 0x0."
"08.09.2026 22:07:27","10001","Подробно","Microsoft-Windows-AppXDeployment-Server","Обслуживание пакета Microsoft.WindowsCamera_2026.2605.7.0_neutral_split.language-ru_8wekyb3d8bbwe завершено. При изменении состояния пакета на ""включен"" было возвращено 0x0."
"08.09.2026 22:07:27","10001","Подробно","Microsoft-Windows-AppXDeployment-Server","Обслуживание пакета Microsoft.WindowsCamera_2026.2605.7.0_neutral_split.language-ru_8wekyb3d8bbwe завершено. При изменении состояния пакета на ""включен"" было возвращено 0x0."
"08.09.2026 22:07:27","10001","Подробно","Microsoft-Windows-AppXDeployment-Server","Обслуживание пакета Microsoft.UI.Xaml.2.8_8.2501.31001.0_x64__8wekyb3d8bbwe завершено. При изменении состояния пакета на ""включен"" было возвращено 0x0."
"08.09.2026 22:07:27","10001","Подробно","Microsoft-Windows-AppXDeployment-Server","Обслуживание пакета Microsoft.UI.Xaml.2.8_8.2501.31001.0_x64__8wekyb3d8bbwe завершено. При изменении состояния пакета на ""включен"" было возвращено 0x0."
"08.09.2026 22:07:27","10001","Подробно","Microsoft-Windows-AppXDeployment-Server","Обслуживание пакета Microsoft.UI.Xaml.2.8_8.2501.31001.0_x86__8wekyb3d8bbwe завершено. При изменении состояния пакета на ""включен"" было возвращено 0x0."
"08.09.2026 22:07:27","10001","Подробно","Microsoft-Windows-AppXDeployment-Server","Обслуживание пакета Microsoft.UI.Xaml.2.8_8.2501.31001.0_x86__8wekyb3d8bbwe завершено. При изменении состояния пакета на ""включен"" было возвращено 0x0."
"08.09.2026 22:07:27","10001","Подробно","Microsoft-Windows-AppXDeployment-Server","Обслуживание пакета Microsoft.NET.Native.Framework.2.2_2.2.29512.0_x64__8wekyb3d8bbwe завершено. При изменении состояния пакета на ""включен"" было возвращено 0x0."
"08.09.2026 22:07:27","10001","Подробно","Microsoft-Windows-AppXDeployment-Server","Обслуживание пакета Microsoft.NET.Native.Framework.2.2_2.2.29512.0_x64__8wekyb3d8bbwe завершено. При изменении состояния пакета на ""включен"" было возвращено 0x0."
"08.09.2026 22:07:27","10001","Подробно","Microsoft-Windows-AppXDeployment-Server","Обслуживание пакета Microsoft.NET.Native.Framework.2.2_2.2.29512.0_x86__8wekyb3d8bbwe завершено. При изменении состояния пакета на ""включен"" было возвращено 0x0."
"08.09.2026 22:07:27","10001","Подробно","Microsoft-Windows-AppXDeployment-Server","Обслуживание пакета Microsoft.NET.Native.Framework.2.2_2.2.29512.0_x86__8wekyb3d8bbwe завершено. При изменении состояния пакета на ""включен"" было возвращено 0x0."
"08.09.2026 22:07:27","10001","Подробно","Microsoft-Windows-AppXDeployment-Server","Обслуживание пакета Microsoft.NET.Native.Runtime.2.2_2.2.28604.0_x64__8wekyb3d8bbwe завершено. При изменении состояния пакета на ""включен"" было возвращено 0x0."
"08.09.2026 22:07:27","10001","Подробно","Microsoft-Windows-AppXDeployment-Server","Обслуживание пакета Microsoft.NET.Native.Runtime.2.2_2.2.28604.0_x64__8wekyb3d8bbwe завершено. При изменении состояния пакета на ""включен"" было возвращено 0x0."
"08.09.2026 22:07:27","10001","Подробно","Microsoft-Windows-AppXDeployment-Server","Обслуживание пакета Microsoft.NET.Native.Runtime.2.2_2.2.28604.0_x86__8wekyb3d8bbwe завершено. При изменении состояния пакета на ""включен"" было возвращено 0x0."
"08.09.2026 22:07:27","10001","Подробно","Microsoft-Windows-AppXDeployment-Server","Обслуживание пакета Microsoft.NET.Native.Runtime.2.2_2.2.28604.0_x86__8wekyb3d8bbwe завершено. При изменении состояния пакета на ""включен"" было возвращено 0x0."
"08.09.2026 22:07:27","10001","Подробно","Microsoft-Windows-AppXDeployment-Server","Обслуживание пакета Microsoft.WindowsStore_22607.1401.6.0_x64__8wekyb3d8bbwe завершено. При изменении состояния пакета на ""включен"" было возвращено 0x0."
"08.09.2026 22:07:27","10001","Подробно","Microsoft-Windows-AppXDeployment-Server","Обслуживание пакета Microsoft.WindowsStore_22607.1401.6.0_x64__8wekyb3d8bbwe завершено. При изменении состояния пакета на ""включен"" было возвращено 0x0."
"08.09.2026 22:07:27","10001","Подробно","Microsoft-Windows-AppXDeployment-Server","Обслуживание пакета Microsoft.StorePurchaseApp_22607.1401.2.0_x64__8wekyb3d8bbwe завершено. При изменении состояния пакета на ""включен"" было возвращено 0x0."
"08.09.2026 22:07:27","10001","Подробно","Microsoft-Windows-AppXDeployment-Server","Обслуживание пакета Microsoft.StorePurchaseApp_22607.1401.2.0_x64__8wekyb3d8bbwe завершено. При изменении состояния пакета на ""включен"" было возвращено 0x0."
"08.09.2026 22:07:27","10001","Подробно","Microsoft-Windows-AppXDeployment-Server","Обслуживание пакета Microsoft.XboxGamingOverlay_7.326.8061.0_x64__8wekyb3d8bbwe завершено. При изменении состояния пакета на ""включен"" было возвращено 0x0."
"08.09.2026 22:07:27","10001","Подробно","Microsoft-Windows-AppXDeployment-Server","Обслуживание пакета Microsoft.XboxGamingOverlay_7.326.8061.0_x64__8wekyb3d8bbwe завершено. При изменении состояния пакета на ""включен"" было возвращено 0x0."
"08.09.2026 22:07:27","10001","Подробно","Microsoft-Windows-AppXDeployment-Server","Обслуживание пакета Microsoft.ZuneVideo_10.26061.10051.0_x64__8wekyb3d8bbwe завершено. При изменении состояния пакета на ""включен"" было возвращено 0x0."
"08.09.2026 22:07:27","10001","Подробно","Microsoft-Windows-AppXDeployment-Server","Обслуживание пакета Microsoft.ZuneVideo_10.26061.10051.0_x64__8wekyb3d8bbwe завершено. При изменении состояния пакета на ""включен"" было возвращено 0x0."
"08.09.2026 22:07:27","10001","Подробно","Microsoft-Windows-AppXDeployment-Server","Обслуживание пакета Microsoft.WindowsFeedbackHub_1.2608.17301.0_x64__8wekyb3d8bbwe завершено. При изменении состояния пакета на ""включен"" было возвращено 0x0."
"08.09.2026 22:07:27","10001","Подробно","Microsoft-Windows-AppXDeployment-Server","Обслуживание пакета Microsoft.WindowsFeedbackHub_1.2608.17301.0_x64__8wekyb3d8bbwe завершено. При изменении состояния пакета на ""включен"" было возвращено 0x0."
"08.09.2026 22:07:27","10001","Подробно","Microsoft-Windows-AppXDeployment-Server","Обслуживание пакета Microsoft.WindowsAlarms_11.2606.11.0_x64__8wekyb3d8bbwe завершено. При изменении состояния пакета на ""включен"" было возвращено 0x0."
"08.09.2026 22:07:27","10001","Подробно","Microsoft-Windows-AppXDeployment-Server","Обслуживание пакета Microsoft.WindowsAlarms_11.2606.11.0_x64__8wekyb3d8bbwe завершено. При изменении состояния пакета на ""включен"" было возвращено 0x0."
"08.09.2026 22:07:27","10001","Подробно","Microsoft-Windows-AppXDeployment-Server","Обслуживание пакета Microsoft.WindowsCalculator_11.2606.0.0_x64__8wekyb3d8bbwe завершено. При изменении состояния пакета на ""включен"" было возвращено 0x0."
"08.09.2026 22:07:27","10001","Подробно","Microsoft-Windows-AppXDeployment-Server","Обслуживание пакета Microsoft.WindowsCalculator_11.2606.0.0_x64__8wekyb3d8bbwe завершено. При изменении состояния пакета на ""включен"" было возвращено 0x0."
"08.09.2026 22:07:27","10001","Подробно","Microsoft-Windows-AppXDeployment-Server","Обслуживание пакета Microsoft.ZuneMusic_11.2606.19.0_x64__8wekyb3d8bbwe завершено. При изменении состояния пакета на ""включен"" было возвращено 0x0."
"08.09.2026 22:07:27","10001","Подробно","Microsoft-Windows-AppXDeployment-Server","Обслуживание пакета Microsoft.ZuneMusic_11.2606.19.0_x64__8wekyb3d8bbwe завершено. При изменении состояния пакета на ""включен"" было возвращено 0x0."
"08.09.2026 22:07:27","10001","Подробно","Microsoft-Windows-AppXDeployment-Server","Обслуживание пакета Microsoft.MicrosoftSolitaireCollection_4.25.4020.0_x64__8wekyb3d8bbwe завершено. При изменении состояния пакета на ""включен"" было возвращено 0x0."
"08.09.2026 22:07:27","10001","Подробно","Microsoft-Windows-AppXDeployment-Server","Обслуживание пакета Microsoft.MicrosoftSolitaireCollection_4.25.4020.0_x64__8wekyb3d8bbwe завершено. При изменении состояния пакета на ""включен"" было возвращено 0x0."
"08.09.2026 22:07:27","10001","Подробно","Microsoft-Windows-AppXDeployment-Server","Обслуживание пакета Microsoft.Microsoft3DViewer_7.2602.8012.0_x64__8wekyb3d8bbwe завершено. При изменении состояния пакета на ""включен"" было возвращено 0x0."
"08.09.2026 22:07:27","10001","Подробно","Microsoft-Windows-AppXDeployment-Server","Обслуживание пакета Microsoft.Microsoft3DViewer_7.2602.8012.0_x64__8wekyb3d8bbwe завершено. При изменении состояния пакета на ""включен"" было возвращено 0x0."
"08.09.2026 22:07:27","10001","Подробно","Microsoft-Windows-AppXDeployment-Server","Обслуживание пакета Microsoft.XboxIdentityProvider_12.130.16001.0_x64__8wekyb3d8bbwe завершено. При изменении состояния пакета на ""включен"" было возвращено 0x0."
"08.09.2026 22:07:27","10001","Подробно","Microsoft-Windows-AppXDeployment-Server","Обслуживание пакета Microsoft.XboxIdentityProvider_12.130.16001.0_x64__8wekyb3d8bbwe завершено. При изменении состояния пакета на ""включен"" было возвращено 0x0."
"08.09.2026 22:07:27","10001","Подробно","Microsoft-Windows-AppXDeployment-Server","Обслуживание пакета Microsoft.BingWeather_4.54.63029.0_x64__8wekyb3d8bbwe завершено. При изменении состояния пакета на ""включен"" было возвращено 0x0."
"08.09.2026 22:07:27","10001","Подробно","Microsoft-Windows-AppXDeployment-Server","Обслуживание пакета Microsoft.BingWeather_4.54.63029.0_x64__8wekyb3d8bbwe завершено. При изменении состояния пакета на ""включен"" было возвращено 0x0."
"08.09.2026 22:07:27","10001","Подробно","Microsoft-Windows-AppXDeployment-Server","Обслуживание пакета Microsoft.WindowsMaps_11.2506.3.0_x64__8wekyb3d8bbwe завершено. При изменении состояния пакета на ""включен"" было возвращено 0x0."
"08.09.2026 22:07:27","10001","Подробно","Microsoft-Windows-AppXDeployment-Server","Обслуживание пакета Microsoft.WindowsMaps_11.2506.3.0_x64__8wekyb3d8bbwe завершено. При изменении состояния пакета на ""включен"" было возвращено 0x0."
"08.09.2026 22:07:27","10001","Подробно","Microsoft-Windows-AppXDeployment-Server","Обслуживание пакета Microsoft.MicrosoftStickyNotes_6.1.4.0_x64__8wekyb3d8bbwe завершено. При изменении состояния пакета на ""включен"" было возвращено 0x0."
"08.09.2026 22:07:27","10001","Подробно","Microsoft-Windows-AppXDeployment-Server","Обслуживание пакета Microsoft.MicrosoftStickyNotes_6.1.4.0_x64__8wekyb3d8bbwe завершено. При изменении состояния пакета на ""включен"" было возвращено 0x0."
"08.09.2026 22:07:27","10001","Подробно","Microsoft-Windows-AppXDeployment-Server","Обслуживание пакета Microsoft.Xbox.TCUI_1.24.10001.0_x64__8wekyb3d8bbwe завершено. При изменении состояния пакета на ""включен"" было возвращено 0x0."
"08.09.2026 22:07:27","10001","Подробно","Microsoft-Windows-AppXDeployment-Server","Обслуживание пакета Microsoft.Xbox.TCUI_1.24.10001.0_x64__8wekyb3d8bbwe завершено. При изменении состояния пакета на ""включен"" было возвращено 0x0."
"08.09.2026 22:07:27","10001","Подробно","Microsoft-Windows-AppXDeployment-Server","Обслуживание пакета Microsoft.Getstarted_10.2312.1.0_x64__8wekyb3d8bbwe завершено. При изменении состояния пакета на ""включен"" было возвращено 0x0."
"08.09.2026 22:07:27","10001","Подробно","Microsoft-Windows-AppXDeployment-Server","Обслуживание пакета Microsoft.Getstarted_10.2312.1.0_x64__8wekyb3d8bbwe завершено. При изменении состояния пакета на ""включен"" было возвращено 0x0."
"08.09.2026 22:07:27","10001","Подробно","Microsoft-Windows-AppXDeployment-Server","Обслуживание пакета Microsoft.Wallet_2.4.18324.0_x64__8wekyb3d8bbwe завершено. При изменении состояния пакета на ""включен"" было возвращено 0x0."
"08.09.2026 22:07:27","10001","Подробно","Microsoft-Windows-AppXDeployment-Server","Обслуживание пакета Microsoft.Wallet_2.4.18324.0_x64__8wekyb3d8bbwe завершено. При изменении состояния пакета на ""включен"" было возвращено 0x0."
"08.09.2026 22:07:27","10001","Подробно","Microsoft-Windows-AppXDeployment-Server","Обслуживание пакета Microsoft.WindowsCamera_2026.2605.7.0_x64__8wekyb3d8bbwe завершено. При изменении состояния пакета на ""включен"" было возвращено 0x0."
"08.09.2026 22:07:27","10001","Подробно","Microsoft-Windows-AppXDeployment-Server","Обслуживание пакета Microsoft.WindowsCamera_2026.2605.7.0_x64__8wekyb3d8bbwe завершено. При изменении состояния пакета на ""включен"" было возвращено 0x0."
"08.09.2026 22:07:27","10001","Подробно","Microsoft-Windows-AppXDeployment-Server","Обслуживание пакета Microsoft.UI.Xaml.2.8_8.2501.31001.0_x64__8wekyb3d8bbwe завершено. При изменении состояния пакета на ""включен"" было возвращено 0x0."
"08.09.2026 22:07:27","10001","Подробно","Microsoft-Windows-AppXDeployment-Server","Обслуживание пакета Microsoft.UI.Xaml.2.8_8.2501.31001.0_x64__8wekyb3d8bbwe завершено. При изменении состояния пакета на ""включен"" было возвращено 0x0."
"08.09.2026 22:07:27","10001","Подробно","Microsoft-Windows-AppXDeployment-Server","Обслуживание пакета Microsoft.UI.Xaml.2.8_8.2501.31001.0_x86__8wekyb3d8bbwe завершено. При изменении состояния пакета на ""включен"" было возвращено 0x0."
"08.09.2026 22:07:27","10001","Подробно","Microsoft-Windows-AppXDeployment-Server","Обслуживание пакета Microsoft.UI.Xaml.2.8_8.2501.31001.0_x86__8wekyb3d8bbwe завершено. При изменении состояния пакета на ""включен"" было возвращено 0x0."
"08.09.2026 22:07:27","10001","Подробно","Microsoft-Windows-AppXDeployment-Server","Обслуживание пакета Microsoft.NET.Native.Framework.2.2_2.2.29512.0_x64__8wekyb3d8bbwe завершено. При изменении состояния пакета на ""включен"" было возвращено 0x0."
"08.09.2026 22:07:27","10001","Подробно","Microsoft-Windows-AppXDeployment-Server","Обслуживание пакета Microsoft.NET.Native.Framework.2.2_2.2.29512.0_x64__8wekyb3d8bbwe завершено. При изменении состояния пакета на ""включен"" было возвращено 0x0."
"08.09.2026 22:07:27","10001","Подробно","Microsoft-Windows-AppXDeployment-Server","Обслуживание пакета Microsoft.NET.Native.Framework.2.2_2.2.29512.0_x86__8wekyb3d8bbwe завершено. При изменении состояния пакета на ""включен"" было возвращено 0x0."
"08.09.2026 22:07:27","10001","Подробно","Microsoft-Windows-AppXDeployment-Server","Обслуживание пакета Microsoft.NET.Native.Framework.2.2_2.2.29512.0_x86__8wekyb3d8bbwe завершено. При изменении состояния пакета на ""включен"" было возвращено 0x0."
"08.09.2026 22:07:27","10001","Подробно","Microsoft-Windows-AppXDeployment-Server","Обслуживание пакета Microsoft.NET.Native.Runtime.2.2_2.2.28604.0_x64__8wekyb3d8bbwe завершено. При изменении состояния пакета на ""включен"" было возвращено 0x0."
"08.09.2026 22:07:27","10001","Подробно","Microsoft-Windows-AppXDeployment-Server","Обслуживание пакета Microsoft.NET.Native.Runtime.2.2_2.2.28604.0_x64__8wekyb3d8bbwe завершено. При изменении состояния пакета на ""включен"" было возвращено 0x0."
"08.09.2026 22:07:27","10001","Подробно","Microsoft-Windows-AppXDeployment-Server","Обслуживание пакета Microsoft.NET.Native.Runtime.2.2_2.2.28604.0_x86__8wekyb3d8bbwe завершено. При изменении состояния пакета на ""включен"" было возвращено 0x0."
"08.09.2026 22:07:27","10001","Подробно","Microsoft-Windows-AppXDeployment-Server","Обслуживание пакета Microsoft.NET.Native.Runtime.2.2_2.2.28604.0_x86__8wekyb3d8bbwe завершено. При изменении состояния пакета на ""включен"" было возвращено 0x0."
"08.09.2026 22:07:27","813","Подробно","Microsoft-Windows-AppXDeployment-Server","Хранилище всех пользователей успешно обновлено пакетом Microsoft.WindowsCamera_2022.2605.7.0_neutral_~_8wekyb3d8bbwe."
"08.09.2026 22:07:27","5507","Подробно","Microsoft-Windows-AppXDeployment-Server","Microsoft.WindowsCamera_2026.2605.7.0_x64__8wekyb3d8bbwe : resources.d95d616c.pri : Current shared merged PRI file ignored"
"08.09.2026 22:07:27","5507","Подробно","Microsoft-Windows-AppXDeployment-Server","Microsoft.WindowsCamera_2026.2605.7.0_x64__8wekyb3d8bbwe : C:\Program Files\WindowsApps\Microsoft.WindowsCamera_2026.2605.7.0_x64__8wekyb3d8bbwe\microsoft.system.package.metadata\resources.bd53b832.pri : Shared merged file still in use"
"08.09.2026 22:07:27","5507","Подробно","Microsoft-Windows-AppXDeployment-Server","Microsoft.WindowsCamera_2026.2605.7.0_x64__8wekyb3d8bbwe : S-1-5-21-239302790-3235067425-44167425-1007-MergedResources-0.pri : Current user-specific merged PRI file ignored"
"08.09.2026 22:07:27","5507","Подробно","Microsoft-Windows-AppXDeployment-Server","Microsoft.WindowsCamera_2026.2605.7.0_x64__8wekyb3d8bbwe : resources.d95d616c.pri : Current shared merged PRI file ignored"
"08.09.2026 22:07:27","5507","Подробно","Microsoft-Windows-AppXDeployment-Server","Microsoft.WindowsCamera_2026.2605.7.0_x64__8wekyb3d8bbwe : C:\Program Files\WindowsApps\Microsoft.WindowsCamera_2026.2605.7.0_x64__8wekyb3d8bbwe\microsoft.system.package.metadata\resources.bd53b832.pri : Shared merged file still in use"
"08.09.2026 22:07:27","5507","Подробно","Microsoft-Windows-AppXDeployment-Server","Microsoft.WindowsCamera_2026.2605.7.0_x64__8wekyb3d8bbwe : S-1-5-21-239302790-3235067425-44167425-1007-MergedResources-0.pri : Current user-specific merged PRI file ignored"
"08.09.2026 22:07:27","8101","Подробно","Microsoft-Windows-AppXDeployment-Server","Проверка и установка метки доверия для пакета Microsoft.WindowsCamera_2026.2605.7.0_x64__8wekyb3d8bbwe с флагами 0x9 завершена."
"08.09.2026 22:07:27","8106","Подробно","Microsoft-Windows-AppXDeployment-Server","У пакета Microsoft.WindowsCamera_2026.2605.7.0_x64__8wekyb3d8bbwe уже есть метка доверия. Флаги: 0x9"
"08.09.2026 22:07:27","8100","Подробно","Microsoft-Windows-AppXDeployment-Server","Начинается проверка и установка метки доверия для пакета Microsoft.WindowsCamera_2026.2605.7.0_x64__8wekyb3d8bbwe с флагами 0x9."
"08.09.2026 22:07:27","8101","Подробно","Microsoft-Windows-AppXDeployment-Server","Проверка и установка метки доверия для пакета Microsoft.WindowsCamera_2026.2605.7.0_neutral_split.language-ru_8wekyb3d8bbwe с флагами 0x9 завершена."
"08.09.2026 22:07:27","8106","Подробно","Microsoft-Windows-AppXDeployment-Server","У пакета Microsoft.WindowsCamera_2026.2605.7.0_neutral_split.language-ru_8wekyb3d8bbwe уже есть метка доверия. Флаги: 0x9"
"08.09.2026 22:07:27","8100","Подробно","Microsoft-Windows-AppXDeployment-Server","Начинается проверка и установка метки доверия для пакета Microsoft.WindowsCamera_2026.2605.7.0_neutral_split.language-ru_8wekyb3d8bbwe с флагами 0x9."
"08.09.2026 22:07:27","5505","Подробно","Microsoft-Windows-AppXDeployment-Server","Microsoft.WindowsCamera_2026.2605.7.0_x64__8wekyb3d8bbwe : C:\Program Files\WindowsApps\Microsoft.WindowsCamera_2026.2605.7.0_x64__8wekyb3d8bbwe\microsoft.system.package.metadata\S-1-5-21-239302790-3235067425-44167425-1007-MergedResources-0.pri : Linked user-specific merged PRI file"
"08.09.2026 22:07:27","5506","Подробно","Microsoft-Windows-AppXDeployment-Server","Microsoft.WindowsCamera_2026.2605.7.0_x64__8wekyb3d8bbwe : C:\Program Files\WindowsApps\Microsoft.WindowsCamera_2026.2605.7.0_x64__8wekyb3d8bbwe\microsoft.system.package.metadata\resources.d95d616c.pri : Created shared merged PRI file"
"08.09.2026 22:07:27","8101","Подробно","Microsoft-Windows-AppXDeployment-Server","Проверка и установка метки доверия для пакета Microsoft.UI.Xaml.2.8_8.2501.31001.0_x64__8wekyb3d8bbwe с флагами 0x5 завершена."
"08.09.2026 22:07:27","8106","Подробно","Microsoft-Windows-AppXDeployment-Server","У пакета Microsoft.UI.Xaml.2.8_8.2501.31001.0_x64__8wekyb3d8bbwe уже есть метка доверия. Флаги: 0x5"
"08.09.2026 22:07:27","8100","Подробно","Microsoft-Windows-AppXDeployment-Server","Начинается проверка и установка метки доверия для пакета Microsoft.UI.Xaml.2.8_8.2501.31001.0_x64__8wekyb3d8bbwe с флагами 0x5."
"08.09.2026 22:07:27","8101","Подробно","Microsoft-Windows-AppXDeployment-Server","Проверка и установка метки доверия для пакета Microsoft.UI.Xaml.2.8_8.2501.31001.0_x86__8wekyb3d8bbwe с флагами 0x5 завершена."
"08.09.2026 22:07:27","8105","Подробно","Microsoft-Windows-AppXDeployment-Server","Проверено файлов из карты блоков для пакета Microsoft.UI.Xaml.2.8_8.2501.31001.0_x86__8wekyb3d8bbwe: 6."
"08.09.2026 22:07:27","8100","Подробно","Microsoft-Windows-AppXDeployment-Server","Начинается проверка и установка метки доверия для пакета Microsoft.UI.Xaml.2.8_8.2501.31001.0_x86__8wekyb3d8bbwe с флагами 0x5."
"08.09.2026 22:07:27","8101","Подробно","Microsoft-Windows-AppXDeployment-Server","Проверка и установка метки доверия для пакета Microsoft.NET.Native.Framework.2.2_2.2.29512.0_x64__8wekyb3d8bbwe с флагами 0x5 завершена."
"08.09.2026 22:07:27","8105","Подробно","Microsoft-Windows-AppXDeployment-Server","Проверено файлов из карты блоков для пакета Microsoft.NET.Native.Framework.2.2_2.2.29512.0_x64__8wekyb3d8bbwe: 3."
"08.09.2026 22:07:27","8100","Подробно","Microsoft-Windows-AppXDeployment-Server","Начинается проверка и установка метки доверия для пакета Microsoft.NET.Native.Framework.2.2_2.2.29512.0_x64__8wekyb3d8bbwe с флагами 0x5."
"08.09.2026 22:07:27","8101","Подробно","Microsoft-Windows-AppXDeployment-Server","Проверка и установка метки доверия для пакета Microsoft.NET.Native.Framework.2.2_2.2.29512.0_x86__8wekyb3d8bbwe с флагами 0x5 завершена."
"08.09.2026 22:07:27","8105","Подробно","Microsoft-Windows-AppXDeployment-Server","Проверено файлов из карты блоков для пакета Microsoft.NET.Native.Framework.2.2_2.2.29512.0_x86__8wekyb3d8bbwe: 3."
"08.09.2026 22:07:27","8100","Подробно","Microsoft-Windows-AppXDeployment-Server","Начинается проверка и установка метки доверия для пакета Microsoft.NET.Native.Framework.2.2_2.2.29512.0_x86__8wekyb3d8bbwe с флагами 0x5."
"08.09.2026 22:07:27","8101","Подробно","Microsoft-Windows-AppXDeployment-Server","Проверка и установка метки доверия для пакета Microsoft.NET.Native.Runtime.2.2_2.2.28604.0_x64__8wekyb3d8bbwe с флагами 0x5 завершена."
"08.09.2026 22:07:27","8105","Подробно","Microsoft-Windows-AppXDeployment-Server","Проверено файлов из карты блоков для пакета Microsoft.NET.Native.Runtime.2.2_2.2.28604.0_x64__8wekyb3d8bbwe: 4."
"08.09.2026 22:07:26","8100","Подробно","Microsoft-Windows-AppXDeployment-Server","Начинается проверка и установка метки доверия для пакета Microsoft.NET.Native.Runtime.2.2_2.2.28604.0_x64__8wekyb3d8bbwe с флагами 0x5."
"08.09.2026 22:07:26","8101","Подробно","Microsoft-Windows-AppXDeployment-Server","Проверка и установка метки доверия для пакета Microsoft.NET.Native.Runtime.2.2_2.2.28604.0_x86__8wekyb3d8bbwe с флагами 0x5 завершена."
"08.09.2026 22:07:26","8105","Подробно","Microsoft-Windows-AppXDeployment-Server","Проверено файлов из карты блоков для пакета Microsoft.NET.Native.Runtime.2.2_2.2.28604.0_x86__8wekyb3d8bbwe: 4."
"08.09.2026 22:07:26","8100","Подробно","Microsoft-Windows-AppXDeployment-Server","Начинается проверка и установка метки доверия для пакета Microsoft.NET.Native.Runtime.2.2_2.2.28604.0_x86__8wekyb3d8bbwe с флагами 0x5."
"08.09.2026 22:07:26","10000","Подробно","Microsoft-Windows-AppXDeployment-Server","Будет выполнено обслуживание пакета Microsoft.WindowsStore_22607.1401.6.0_x64__8wekyb3d8bbwe. При изменении состояния пакета на ""отключен"" было возвращено 0x0."
"08.09.2026 22:07:26","10000","Подробно","Microsoft-Windows-AppXDeployment-Server","Будет выполнено обслуживание пакета Microsoft.StorePurchaseApp_22607.1401.2.0_x64__8wekyb3d8bbwe. При изменении состояния пакета на ""отключен"" было возвращено 0x0."
"08.09.2026 22:07:26","10000","Подробно","Microsoft-Windows-AppXDeployment-Server","Будет выполнено обслуживание пакета Microsoft.XboxGamingOverlay_7.326.8061.0_x64__8wekyb3d8bbwe. При изменении состояния пакета на ""отключен"" было возвращено 0x0."
"08.09.2026 22:07:26","10000","Подробно","Microsoft-Windows-AppXDeployment-Server","Будет выполнено обслуживание пакета Microsoft.ZuneVideo_10.26061.10051.0_x64__8wekyb3d8bbwe. При изменении состояния пакета на ""отключен"" было возвращено 0x0."
"08.09.2026 22:07:26","10000","Подробно","Microsoft-Windows-AppXDeployment-Server","Будет выполнено обслуживание пакета Microsoft.WindowsFeedbackHub_1.2608.17301.0_x64__8wekyb3d8bbwe. При изменении состояния пакета на ""отключен"" было возвращено 0x0."
"08.09.2026 22:07:26","10000","Подробно","Microsoft-Windows-AppXDeployment-Server","Будет выполнено обслуживание пакета Microsoft.WindowsAlarms_11.2606.11.0_x64__8wekyb3d8bbwe. При изменении состояния пакета на ""отключен"" было возвращено 0x0."
"08.09.2026 22:07:26","10000","Подробно","Microsoft-Windows-AppXDeployment-Server","Будет выполнено обслуживание пакета Microsoft.WindowsCalculator_11.2606.0.0_x64__8wekyb3d8bbwe. При изменении состояния пакета на ""отключен"" было возвращено 0x0."
"08.09.2026 22:07:26","10000","Подробно","Microsoft-Windows-AppXDeployment-Server","Будет выполнено обслуживание пакета Microsoft.ZuneMusic_11.2606.19.0_x64__8wekyb3d8bbwe. При изменении состояния пакета на ""отключен"" было возвращено 0x0."
"08.09.2026 22:07:26","10000","Подробно","Microsoft-Windows-AppXDeployment-Server","Будет выполнено обслуживание пакета Microsoft.MicrosoftSolitaireCollection_4.25.4020.0_x64__8wekyb3d8bbwe. При изменении состояния пакета на ""отключен"" было возвращено 0x0."
"08.09.2026 22:07:26","10000","Подробно","Microsoft-Windows-AppXDeployment-Server","Будет выполнено обслуживание пакета Microsoft.Microsoft3DViewer_7.2602.8012.0_x64__8wekyb3d8bbwe. При изменении состояния пакета на ""отключен"" было возвращено 0x0."
"08.09.2026 22:07:26","10000","Подробно","Microsoft-Windows-AppXDeployment-Server","Будет выполнено обслуживание пакета Microsoft.XboxIdentityProvider_12.130.16001.0_x64__8wekyb3d8bbwe. При изменении состояния пакета на ""отключен"" было возвращено 0x0."
"08.09.2026 22:07:26","10000","Подробно","Microsoft-Windows-AppXDeployment-Server","Будет выполнено обслуживание пакета Microsoft.BingWeather_4.54.63029.0_x64__8wekyb3d8bbwe. При изменении состояния пакета на ""отключен"" было возвращено 0x0."
"08.09.2026 22:07:26","10000","Подробно","Microsoft-Windows-AppXDeployment-Server","Будет выполнено обслуживание пакета Microsoft.WindowsMaps_11.2506.3.0_x64__8wekyb3d8bbwe. При изменении состояния пакета на ""отключен"" было возвращено 0x0."
"08.09.2026 22:07:26","10000","Подробно","Microsoft-Windows-AppXDeployment-Server","Будет выполнено обслуживание пакета Microsoft.MicrosoftStickyNotes_6.1.4.0_x64__8wekyb3d8bbwe. При изменении состояния пакета на ""отключен"" было возвращено 0x0."
"08.09.2026 22:07:26","10000","Подробно","Microsoft-Windows-AppXDeployment-Server","Будет выполнено обслуживание пакета Microsoft.Xbox.TCUI_1.24.10001.0_x64__8wekyb3d8bbwe. При изменении состояния пакета на ""отключен"" было возвращено 0x0."
"08.09.2026 22:07:26","10000","Подробно","Microsoft-Windows-AppXDeployment-Server","Будет выполнено обслуживание пакета Microsoft.Getstarted_10.2312.1.0_x64__8wekyb3d8bbwe. При изменении состояния пакета на ""отключен"" было возвращено 0x0."
"08.09.2026 22:07:26","10000","Подробно","Microsoft-Windows-AppXDeployment-Server","Будет выполнено обслуживание пакета Microsoft.Wallet_2.4.18324.0_x64__8wekyb3d8bbwe. При изменении состояния пакета на ""отключен"" было возвращено 0x0."
"08.09.2026 22:07:26","10000","Подробно","Microsoft-Windows-AppXDeployment-Server","Будет выполнено обслуживание пакета Microsoft.WindowsCamera_2026.2605.7.0_x64__8wekyb3d8bbwe. При изменении состояния пакета на ""отключен"" было возвращено 0x0."
"08.09.2026 22:07:26","10000","Подробно","Microsoft-Windows-AppXDeployment-Server","Будет выполнено обслуживание пакета Microsoft.UI.Xaml.2.8_8.2501.31001.0_x64__8wekyb3d8bbwe. При изменении состояния пакета на ""отключен"" было возвращено 0x0."
"08.09.2026 22:07:26","10000","Подробно","Microsoft-Windows-AppXDeployment-Server","Будет выполнено обслуживание пакета Microsoft.UI.Xaml.2.8_8.2501.31001.0_x86__8wekyb3d8bbwe. При изменении состояния пакета на ""отключен"" было возвращено 0x0."
"08.09.2026 22:07:26","10000","Подробно","Microsoft-Windows-AppXDeployment-Server","Будет выполнено обслуживание пакета Microsoft.NET.Native.Framework.2.2_2.2.29512.0_x64__8wekyb3d8bbwe. При изменении состояния пакета на ""отключен"" было возвращено 0x0."
"08.09.2026 22:07:26","10000","Подробно","Microsoft-Windows-AppXDeployment-Server","Будет выполнено обслуживание пакета Microsoft.NET.Native.Framework.2.2_2.2.29512.0_x86__8wekyb3d8bbwe. При изменении состояния пакета на ""отключен"" было возвращено 0x0."
"08.09.2026 22:07:26","10000","Подробно","Microsoft-Windows-AppXDeployment-Server","Будет выполнено обслуживание пакета Microsoft.NET.Native.Runtime.2.2_2.2.28604.0_x64__8wekyb3d8bbwe. При изменении состояния пакета на ""отключен"" было возвращено 0x0."
"08.09.2026 22:07:26","10000","Подробно","Microsoft-Windows-AppXDeployment-Server","Будет выполнено обслуживание пакета Microsoft.NET.Native.Runtime.2.2_2.2.28604.0_x86__8wekyb3d8bbwe. При изменении состояния пакета на ""отключен"" было возвращено 0x0."
"08.09.2026 22:07:26","603","Сведения","Microsoft-Windows-AppXDeployment-Server","Начата операция развертывания ""Register"" для пакета. Основной параметр: AppxBundleManifest.xml. Необязательные параметры: ForceTargetApplicationShutdownOption,SkipReregisterIfPackageStatusOk,NormalPriorityRequest,ImmediatePriorityRequest,FirstLogonInstall и SkipDeploymentOperationRpcCallerIsAdminCheck. Дополнительные сведения о диагностике проблем с развертыванием приложений см. на странице http://go.microsoft.com/fwlink/?LinkId=235160."
"08.09.2026 22:07:26","613","Сведения","Microsoft-Windows-AppXDeployment-Server","Сводка по эффективности операции развертывания ""StageUserData"" для пакета Microsoft.WindowsStore_22607.1401.6.0_neutral_~_8wekyb3d8bbwe: 
Overall time: 203 ms
Enqueue cost: 0 ms
Dequeue delay: 0 ms
Bundle processing cost: 0 ms
Indexing cost: 156 ms
Resolve dependency cost: 0 ms
Check approval cost: 0 ms
Evaluation cost: 0 ms
Hardlinking evaluation cost: 0 ms
Stage required cost: 0 ms
Flushing and closing files cost: 0 ms
Machine register cost: 0 ms
Stage user data cost: 0 ms
Registration cost: 0 ms
Repository commit transaction cost: 0 ms
Data flush cost: 0 ms
Post DeStage repository commit transaction cost: 47 ms
Remaining cost: 0 ms
"
"08.09.2026 22:07:26","649","Сведения","Microsoft-Windows-AppXDeployment-Server","Операция развертывания ""StageUserData"" для пакета Microsoft.WindowsStore_22607.1401.6.0_neutral_~_8wekyb3d8bbwe: PostDeploymentOperationCheck cost: 0 ms"
"08.09.2026 22:07:26","478","Подробно","Microsoft-Windows-AppXDeployment-Server","Операция развертывания StageUserData с конечным томом C: для пакета Microsoft.WindowsStore_22607.1401.6.0_x64__8wekyb3d8bbwe из  (AppxBundleManifest.xml)  завершена успешно."
"08.09.2026 22:07:26","400","Сведения","Microsoft-Windows-AppXDeployment-Server","Операция развертывания StageUserData с конечным томом C: для пакета Microsoft.WindowsStore_22607.1401.6.0_neutral_~_8wekyb3d8bbwe из  (AppxBundleManifest.xml)  завершена успешно."
"08.09.2026 22:07:26","855","Сведения","Microsoft-Windows-AppXDeployment-Server","Завершено разрешение списков действий. Списки действий DeploymentRequest:  addPackageList: Microsoft.NET.Native.Runtime.2.2_2.2.28604.0_x86__8wekyb3d8bbwe Microsoft.NET.Native.Runtime.2.2_2.2.28604.0_x64__8wekyb3d8bbwe Microsoft.NET.Native.Framework.2.2_2.2.29512.0_x86__8wekyb3d8bbwe Microsoft.NET.Native.Framework.2.2_2.2.29512.0_x64__8wekyb3d8bbwe Microsoft.UI.Xaml.2.8_8.2501.31001.0_x86__8wekyb3d8bbwe Microsoft.UI.Xaml.2.8_8.2501.31001.0_x64__8wekyb3d8bbwe Microsoft.WindowsCamera_2026.2605.7.0_neutral_split.language-ru_8wekyb3d8bbwe Microsoft.WindowsCamera_2026.2605.7.0_x64__8wekyb3d8bbwe Microsoft.WindowsCamera_2022.2605.7.0_neutral_~_8wekyb3d8bbwe."
"08.09.2026 22:07:26","854","Сведения","Microsoft-Windows-AppXDeployment-Server","Успешно добавлены следующие универсальные коды ресурсов (URI), которые нужно обработать:  C:\Program Files\WindowsApps\Microsoft.WindowsStore_22607.1401.6.0_neutral_~_8wekyb3d8bbwe\AppxMetadata\AppxBundleManifest.xml C:\Program Files\WindowsApps\Microsoft.WindowsStore_22607.1401.6.0_x64__8wekyb3d8bbwe\AppxManifest.xml."
"08.09.2026 22:07:26","607","Сведения","Microsoft-Windows-AppXDeployment-Server","Операция развертывания StageUserData в отношении пакета Microsoft.WindowsStore_22607.1401.6.0_neutral_~_8wekyb3d8bbwe выведена из очереди и выполняется для SID пользователя S-1-5-21-239302790-3235067425-44167425-1007."
"08.09.2026 22:07:26","10002","Подробно","Microsoft-Windows-AppXDeployment-Server","Создание файла устойчивости C:\ProgramData\Microsoft\Windows\AppRepository\4b941eda-7998-4f15-a1db-00b2c5a17261_S-1-5-21-239302790-3235067425-44167425-1007_59.rslc для операции StageUserData с пакетом Microsoft.WindowsStore_22607.1401.6.0_neutral_~_8wekyb3d8bbwe."
"08.09.2026 22:07:26","854","Сведения","Microsoft-Windows-AppXDeployment-Server","Успешно добавлены следующие универсальные коды ресурсов (URI), которые нужно обработать:  C:\Program Files\WindowsApps\Microsoft.WindowsCamera_2022.2605.7.0_neutral_~_8wekyb3d8bbwe\AppxMetadata\AppxBundleManifest.xml C:\Program Files\WindowsApps\Microsoft.WindowsCamera_2026.2605.7.0_x64__8wekyb3d8bbwe\AppxManifest.xml C:\Program Files\WindowsApps\Microsoft.WindowsCamera_2026.2605.7.0_neutral_split.language-ru_8wekyb3d8bbwe\AppxManifest.xml."
"08.09.2026 22:07:26","603","Сведения","Microsoft-Windows-AppXDeployment-Server","Начата операция развертывания ""StageUserData"" для пакета. Основной параметр: Microsoft.WindowsStore_22607.1401.6.0_neutral_~_8wekyb3d8bbwe. Необязательные параметры: ImmediatePriorityRequest,FirstLogonInstall и 0. Дополнительные сведения о диагностике проблем с развертыванием приложений см. на странице http://go.microsoft.com/fwlink/?LinkId=235160."
"08.09.2026 22:07:26","822","Подробно","Microsoft-Windows-AppXDeployment-Server","Обновление реестра для пакета Microsoft.Windows.Photos_2026.11060.2004.0_neutral_~_8wekyb3d8bbwe завершилось со следующим результатом: 0x0."
"08.09.2026 22:07:26","821","Подробно","Microsoft-Windows-AppXDeployment-Server","Выполняемая при входе регистрация пакета Microsoft.Windows.Photos_2026.11060.2004.0_neutral_~_8wekyb3d8bbwe для пользователя S-1-5-21-239302790-3235067425-44167425-1007 завершилась со следующим результатом: 0x0; обновление реестра..."
"08.09.2026 22:07:26","607","Сведения","Microsoft-Windows-AppXDeployment-Server","Операция развертывания Register в отношении пакета Microsoft.WindowsCamera_2022.2605.7.0_neutral_~_8wekyb3d8bbwe выведена из очереди и выполняется для SID пользователя S-1-5-21-239302790-3235067425-44167425-1007."
"08.09.2026 22:07:26","10002","Подробно","Microsoft-Windows-AppXDeployment-Server","Создание файла устойчивости C:\ProgramData\Microsoft\Windows\AppRepository\4b941eda-7998-4f15-a1db-00b2c5a17261_S-1-5-21-239302790-3235067425-44167425-1007_58.rslc для операции Register с пакетом Microsoft.WindowsCamera_2022.2605.7.0_neutral_~_8wekyb3d8bbwe."
"08.09.2026 22:07:26","613","Сведения","Microsoft-Windows-AppXDeployment-Server","Сводка по эффективности операции развертывания ""Register"" для пакета Microsoft.Windows.Photos_2026.11060.2004.0_neutral_~_8wekyb3d8bbwe: 
Overall time: 1312 ms
Gap: 15 ms
Enqueue cost: 0 ms
Dequeue delay: 750 ms
Gap: 16 ms
Bundle processing cost: 0 ms
Indexing cost: 16 ms
Resolve dependency cost: 46 ms
Gap: 16 ms
Check approval cost: 0 ms
Evaluation cost: 0 ms
Hardlinking evaluation cost: 0 ms
Stage required cost: 16 ms
Flushing and closing files cost: 0 ms
Gap: 31 ms
Machine register cost: 0 ms
Stage user data cost: 0 ms
Registration cost: 297 ms
Repository commit transaction cost: 78 ms
Gap: 16 ms
Data flush cost: 0 ms
Post DeStage repository commit transaction cost: 0 ms
Remaining cost: 15 ms
"
"08.09.2026 22:07:26","649","Сведения","Microsoft-Windows-AppXDeployment-Server","Операция развертывания ""Register"" для пакета Microsoft.Windows.Photos_2026.11060.2004.0_neutral_~_8wekyb3d8bbwe: PostDeploymentOperationCheck cost: 0 ms"
"08.09.2026 22:07:26","478","Подробно","Microsoft-Windows-AppXDeployment-Server","Операция развертывания Register с конечным томом C: для пакета Microsoft.Windows.Photos_2026.11060.2004.0_x64__8wekyb3d8bbwe из  (AppxBundleManifest.xml)  завершена успешно."
"08.09.2026 22:07:26","400","Сведения","Microsoft-Windows-AppXDeployment-Server","Операция развертывания Register с конечным томом C: для пакета Microsoft.Windows.Photos_2026.11060.2004.0_neutral_~_8wekyb3d8bbwe из  (AppxBundleManifest.xml)  завершена успешно."
"08.09.2026 22:07:26","10001","Подробно","Microsoft-Windows-AppXDeployment-Server","Обслуживание пакета Microsoft.Windows.Photos_2026.11060.2004.0_neutral_~_8wekyb3d8bbwe завершено. При изменении состояния пакета на ""включен"" было возвращено 0x0."
"08.09.2026 22:07:26","10001","Подробно","Microsoft-Windows-AppXDeployment-Server","Обслуживание пакета Microsoft.Windows.Photos_2026.11060.2004.0_neutral_~_8wekyb3d8bbwe завершено. При изменении состояния пакета на ""включен"" было возвращено 0x0."
"08.09.2026 22:07:26","10001","Подробно","Microsoft-Windows-AppXDeployment-Server","Обслуживание пакета Microsoft.Windows.Photos_2026.11060.2004.0_x64__8wekyb3d8bbwe завершено. При изменении состояния пакета на ""включен"" было возвращено 0x0."
"08.09.2026 22:07:26","10001","Подробно","Microsoft-Windows-AppXDeployment-Server","Обслуживание пакета Microsoft.Windows.Photos_2026.11060.2004.0_x64__8wekyb3d8bbwe завершено. При изменении состояния пакета на ""включен"" было возвращено 0x0."
"08.09.2026 22:07:26","10001","Подробно","Microsoft-Windows-AppXDeployment-Server","Обслуживание пакета Microsoft.WindowsAppRuntime.2_2.4.0.0_x64__8wekyb3d8bbwe завершено. При изменении состояния пакета на ""включен"" было возвращено 0x0."
"08.09.2026 22:07:26","10001","Подробно","Microsoft-Windows-AppXDeployment-Server","Обслуживание пакета Microsoft.WindowsAppRuntime.2_2.4.0.0_x64__8wekyb3d8bbwe завершено. При изменении состояния пакета на ""включен"" было возвращено 0x0."
"08.09.2026 22:07:26","10001","Подробно","Microsoft-Windows-AppXDeployment-Server","Обслуживание пакета Microsoft.WindowsAppRuntime.2_2.4.0.0_x86__8wekyb3d8bbwe завершено. При изменении состояния пакета на ""включен"" было возвращено 0x0."
"08.09.2026 22:07:26","10001","Подробно","Microsoft-Windows-AppXDeployment-Server","Обслуживание пакета Microsoft.WindowsAppRuntime.2_2.4.0.0_x86__8wekyb3d8bbwe завершено. При изменении состояния пакета на ""включен"" было возвращено 0x0."
"08.09.2026 22:07:26","10001","Подробно","Microsoft-Windows-AppXDeployment-Server","Обслуживание пакета Microsoft.Windows.Photos_2026.11060.2004.0_x64__8wekyb3d8bbwe завершено. При изменении состояния пакета на ""включен"" было возвращено 0x0."
"08.09.2026 22:07:26","10001","Подробно","Microsoft-Windows-AppXDeployment-Server","Обслуживание пакета Microsoft.Windows.Photos_2026.11060.2004.0_x64__8wekyb3d8bbwe завершено. При изменении состояния пакета на ""включен"" было возвращено 0x0."
"08.09.2026 22:07:26","10001","Подробно","Microsoft-Windows-AppXDeployment-Server","Обслуживание пакета Microsoft.WindowsAppRuntime.2_2.4.0.0_x64__8wekyb3d8bbwe завершено. При изменении состояния пакета на ""включен"" было возвращено 0x0."
"08.09.2026 22:07:26","10001","Подробно","Microsoft-Windows-AppXDeployment-Server","Обслуживание пакета Microsoft.WindowsAppRuntime.2_2.4.0.0_x64__8wekyb3d8bbwe завершено. При изменении состояния пакета на ""включен"" было возвращено 0x0."
"08.09.2026 22:07:26","10001","Подробно","Microsoft-Windows-AppXDeployment-Server","Обслуживание пакета Microsoft.WindowsAppRuntime.2_2.4.0.0_x86__8wekyb3d8bbwe завершено. При изменении состояния пакета на ""включен"" было возвращено 0x0."
"08.09.2026 22:07:26","10001","Подробно","Microsoft-Windows-AppXDeployment-Server","Обслуживание пакета Microsoft.WindowsAppRuntime.2_2.4.0.0_x86__8wekyb3d8bbwe завершено. При изменении состояния пакета на ""включен"" было возвращено 0x0."
"08.09.2026 22:07:26","813","Подробно","Microsoft-Windows-AppXDeployment-Server","Хранилище всех пользователей успешно обновлено пакетом Microsoft.Windows.Photos_2026.11060.2004.0_neutral_~_8wekyb3d8bbwe."
"08.09.2026 22:07:26","5507","Подробно","Microsoft-Windows-AppXDeployment-Server","Microsoft.Windows.Photos_2026.11060.2004.0_x64__8wekyb3d8bbwe : C:\Program Files\WindowsApps\Microsoft.Windows.Photos_2026.11060.2004.0_x64__8wekyb3d8bbwe\microsoft.system.package.metadata\Resources.????????.pri : No shared merged files found"
"08.09.2026 22:07:26","5507","Подробно","Microsoft-Windows-AppXDeployment-Server","Microsoft.Windows.Photos_2026.11060.2004.0_x64__8wekyb3d8bbwe : C:\Program Files\WindowsApps\Microsoft.Windows.Photos_2026.11060.2004.0_x64__8wekyb3d8bbwe\microsoft.system.package.metadata\S-1-5-21-239302790-3235067425-44167425-1007-MergedResources-*.pri : No user-specific merged files found"
"08.09.2026 22:07:26","5507","Подробно","Microsoft-Windows-AppXDeployment-Server","Microsoft.Windows.Photos_2026.11060.2004.0_x64__8wekyb3d8bbwe : C:\Program Files\WindowsApps\Microsoft.Windows.Photos_2026.11060.2004.0_x64__8wekyb3d8bbwe\microsoft.system.package.metadata\Resources.????????.pri : No shared merged files found"
"08.09.2026 22:07:26","5507","Подробно","Microsoft-Windows-AppXDeployment-Server","Microsoft.Windows.Photos_2026.11060.2004.0_x64__8wekyb3d8bbwe : C:\Program Files\WindowsApps\Microsoft.Windows.Photos_2026.11060.2004.0_x64__8wekyb3d8bbwe\microsoft.system.package.metadata\S-1-5-21-239302790-3235067425-44167425-1007-MergedResources-*.pri : No user-specific merged files found"
"08.09.2026 22:07:26","8101","Подробно","Microsoft-Windows-AppXDeployment-Server","Проверка и установка метки доверия для пакета Microsoft.Windows.Photos_2026.11060.2004.0_x64__8wekyb3d8bbwe с флагами 0x9 завершена."
"08.09.2026 22:07:26","8106","Подробно","Microsoft-Windows-AppXDeployment-Server","У пакета Microsoft.Windows.Photos_2026.11060.2004.0_x64__8wekyb3d8bbwe уже есть метка доверия. Флаги: 0x9"
"08.09.2026 22:07:26","8100","Подробно","Microsoft-Windows-AppXDeployment-Server","Начинается проверка и установка метки доверия для пакета Microsoft.Windows.Photos_2026.11060.2004.0_x64__8wekyb3d8bbwe с флагами 0x9."
"08.09.2026 22:07:26","8101","Подробно","Microsoft-Windows-AppXDeployment-Server","Проверка и установка метки доверия для пакета Microsoft.WindowsAppRuntime.2_2.4.0.0_x64__8wekyb3d8bbwe с флагами 0x5 завершена."
"08.09.2026 22:07:26","8106","Подробно","Microsoft-Windows-AppXDeployment-Server","У пакета Microsoft.WindowsAppRuntime.2_2.4.0.0_x64__8wekyb3d8bbwe уже есть метка доверия. Флаги: 0x5"
"08.09.2026 22:07:26","8100","Подробно","Microsoft-Windows-AppXDeployment-Server","Начинается проверка и установка метки доверия для пакета Microsoft.WindowsAppRuntime.2_2.4.0.0_x64__8wekyb3d8bbwe с флагами 0x5."
"08.09.2026 22:07:26","8101","Подробно","Microsoft-Windows-AppXDeployment-Server","Проверка и установка метки доверия для пакета Microsoft.WindowsAppRuntime.2_2.4.0.0_x86__8wekyb3d8bbwe с флагами 0x5 завершена."
"08.09.2026 22:07:26","8106","Подробно","Microsoft-Windows-AppXDeployment-Server","У пакета Microsoft.WindowsAppRuntime.2_2.4.0.0_x86__8wekyb3d8bbwe уже есть метка доверия. Флаги: 0x5"
"08.09.2026 22:07:26","8100","Подробно","Microsoft-Windows-AppXDeployment-Server","Начинается проверка и установка метки доверия для пакета Microsoft.WindowsAppRuntime.2_2.4.0.0_x86__8wekyb3d8bbwe с флагами 0x5."
"08.09.2026 22:07:26","603","Сведения","Microsoft-Windows-AppXDeployment-Server","Начата операция развертывания ""Register"" для пакета. Основной параметр: AppxBundleManifest.xml. Необязательные параметры: ForceTargetApplicationShutdownOption,SkipReregisterIfPackageStatusOk,NormalPriorityRequest,ImmediatePriorityRequest,FirstLogonInstall и SkipDeploymentOperationRpcCallerIsAdminCheck. Дополнительные сведения о диагностике проблем с развертыванием приложений см. на странице http://go.microsoft.com/fwlink/?LinkId=235160."
"08.09.2026 22:07:26","613","Сведения","Microsoft-Windows-AppXDeployment-Server","Сводка по эффективности операции развертывания ""StageUserData"" для пакета Microsoft.WindowsCamera_2022.2605.7.0_neutral_~_8wekyb3d8bbwe: 
Overall time: 141 ms
Enqueue cost: 16 ms
Dequeue delay: 0 ms
Bundle processing cost: 15 ms
Indexing cost: 63 ms
Resolve dependency cost: 0 ms
Check approval cost: 0 ms
Evaluation cost: 0 ms
Hardlinking evaluation cost: 0 ms
Stage required cost: 0 ms
Flushing and closing files cost: 0 ms
Machine register cost: 0 ms
Stage user data cost: 0 ms
Registration cost: 0 ms
Repository commit transaction cost: 0 ms
Data flush cost: 0 ms
Post DeStage repository commit transaction cost: 47 ms
Remaining cost: 0 ms
"
"08.09.2026 22:07:26","10000","Подробно","Microsoft-Windows-AppXDeployment-Server","Будет выполнено обслуживание пакета Microsoft.Windows.Photos_2026.11060.2004.0_x64__8wekyb3d8bbwe. При изменении состояния пакета на ""отключен"" было возвращено 0x0."
"08.09.2026 22:07:26","10000","Подробно","Microsoft-Windows-AppXDeployment-Server","Будет выполнено обслуживание пакета Microsoft.WindowsAppRuntime.2_2.4.0.0_x64__8wekyb3d8bbwe. При изменении состояния пакета на ""отключен"" было возвращено 0x0."
"08.09.2026 22:07:26","10000","Подробно","Microsoft-Windows-AppXDeployment-Server","Будет выполнено обслуживание пакета Microsoft.WindowsAppRuntime.2_2.4.0.0_x86__8wekyb3d8bbwe. При изменении состояния пакета на ""отключен"" было возвращено 0x0."
"08.09.2026 22:07:26","649","Сведения","Microsoft-Windows-AppXDeployment-Server","Операция развертывания ""StageUserData"" для пакета Microsoft.WindowsCamera_2022.2605.7.0_neutral_~_8wekyb3d8bbwe: PostDeploymentOperationCheck cost: 0 ms"
"08.09.2026 22:07:26","478","Подробно","Microsoft-Windows-AppXDeployment-Server","Операция развертывания StageUserData с конечным томом C: для пакета Microsoft.WindowsCamera_2026.2605.7.0_x64__8wekyb3d8bbwe из  (AppxBundleManifest.xml)  завершена успешно."
"08.09.2026 22:07:26","400","Сведения","Microsoft-Windows-AppXDeployment-Server","Операция развертывания StageUserData с конечным томом C: для пакета Microsoft.WindowsCamera_2022.2605.7.0_neutral_~_8wekyb3d8bbwe из  (AppxBundleManifest.xml)  завершена успешно."
"08.09.2026 22:07:26","855","Сведения","Microsoft-Windows-AppXDeployment-Server","Завершено разрешение списков действий. Списки действий DeploymentRequest:  addPackageList: Microsoft.WindowsAppRuntime.2_2.4.0.0_x86__8wekyb3d8bbwe Microsoft.WindowsAppRuntime.2_2.4.0.0_x64__8wekyb3d8bbwe Microsoft.Windows.Photos_2026.11060.2004.0_x64__8wekyb3d8bbwe Microsoft.Windows.Photos_2026.11060.2004.0_neutral_~_8wekyb3d8bbwe."
"08.09.2026 22:07:26","854","Сведения","Microsoft-Windows-AppXDeployment-Server","Успешно добавлены следующие универсальные коды ресурсов (URI), которые нужно обработать:  C:\Program Files\WindowsApps\Microsoft.WindowsCamera_2022.2605.7.0_neutral_~_8wekyb3d8bbwe\AppxMetadata\AppxBundleManifest.xml C:\Program Files\WindowsApps\Microsoft.WindowsCamera_2026.2605.7.0_x64__8wekyb3d8bbwe\AppxManifest.xml C:\Program Files\WindowsApps\Microsoft.WindowsCamera_2026.2605.7.0_neutral_split.language-ru_8wekyb3d8bbwe\AppxManifest.xml."
"08.09.2026 22:07:26","607","Сведения","Microsoft-Windows-AppXDeployment-Server","Операция развертывания StageUserData в отношении пакета Microsoft.WindowsCamera_2022.2605.7.0_neutral_~_8wekyb3d8bbwe выведена из очереди и выполняется для SID пользователя S-1-5-21-239302790-3235067425-44167425-1007."
"08.09.2026 22:07:26","10002","Подробно","Microsoft-Windows-AppXDeployment-Server","Создание файла устойчивости C:\ProgramData\Microsoft\Windows\AppRepository\4b941eda-7998-4f15-a1db-00b2c5a17261_S-1-5-21-239302790-3235067425-44167425-1007_57.rslc для операции StageUserData с пакетом Microsoft.WindowsCamera_2022.2605.7.0_neutral_~_8wekyb3d8bbwe."
"08.09.2026 22:07:26","603","Сведения","Microsoft-Windows-AppXDeployment-Server","Начата операция развертывания ""StageUserData"" для пакета. Основной параметр: Microsoft.WindowsCamera_2022.2605.7.0_neutral_~_8wekyb3d8bbwe. Необязательные параметры: ImmediatePriorityRequest,FirstLogonInstall и 0. Дополнительные сведения о диагностике проблем с развертыванием приложений см. на странице http://go.microsoft.com/fwlink/?LinkId=235160."
"08.09.2026 22:07:26","854","Сведения","Microsoft-Windows-AppXDeployment-Server","Успешно добавлены следующие универсальные коды ресурсов (URI), которые нужно обработать:  C:\Program Files\WindowsApps\Microsoft.Windows.Photos_2026.11060.2004.0_neutral_~_8wekyb3d8bbwe\AppxMetadata\AppxBundleManifest.xml C:\Program Files\WindowsApps\Microsoft.Windows.Photos_2026.11060.2004.0_x64__8wekyb3d8bbwe\AppxManifest.xml."
"08.09.2026 22:07:26","822","Подробно","Microsoft-Windows-AppXDeployment-Server","Обновление реестра для пакета Microsoft.DesktopAppInstaller_2026.728.1707.0_neutral_~_8wekyb3d8bbwe завершилось со следующим результатом: 0x0."
"08.09.2026 22:07:26","821","Подробно","Microsoft-Windows-AppXDeployment-Server","Выполняемая при входе регистрация пакета Microsoft.DesktopAppInstaller_2026.728.1707.0_neutral_~_8wekyb3d8bbwe для пользователя S-1-5-21-239302790-3235067425-44167425-1007 завершилась со следующим результатом: 0x0; обновление реестра..."
"08.09.2026 22:07:26","607","Сведения","Microsoft-Windows-AppXDeployment-Server","Операция развертывания Register в отношении пакета Microsoft.Windows.Photos_2026.11060.2004.0_neutral_~_8wekyb3d8bbwe выведена из очереди и выполняется для SID пользователя S-1-5-21-239302790-3235067425-44167425-1007."
"08.09.2026 22:07:26","10002","Подробно","Microsoft-Windows-AppXDeployment-Server","Создание файла устойчивости C:\ProgramData\Microsoft\Windows\AppRepository\4b941eda-7998-4f15-a1db-00b2c5a17261_S-1-5-21-239302790-3235067425-44167425-1007_56.rslc для операции Register с пакетом Microsoft.Windows.Photos_2026.11060.2004.0_neutral_~_8wekyb3d8bbwe."
"08.09.2026 22:07:26","613","Сведения","Microsoft-Windows-AppXDeployment-Server","Сводка по эффективности операции развертывания ""Register"" для пакета Microsoft.DesktopAppInstaller_2026.728.1707.0_neutral_~_8wekyb3d8bbwe: 
Overall time: 1109 ms
Enqueue cost: 16 ms
Dequeue delay: 0 ms
Bundle processing cost: 15 ms
Indexing cost: 94 ms
Resolve dependency cost: 109 ms
Gap: 16 ms
Check approval cost: 0 ms
Evaluation cost: 0 ms
Hardlinking evaluation cost: 0 ms
Stage required cost: 31 ms
Flushing and closing files cost: 0 ms
Machine register cost: 0 ms
Stage user data cost: 0 ms
Gap: 78 ms
Registration cost: 594 ms
Repository commit transaction cost: 109 ms
Gap: 32 ms
Data flush cost: 0 ms
Post DeStage repository commit transaction cost: 0 ms
Remaining cost: 15 ms
"
"08.09.2026 22:07:26","649","Сведения","Microsoft-Windows-AppXDeployment-Server","Операция развертывания ""Register"" для пакета Microsoft.DesktopAppInstaller_2026.728.1707.0_neutral_~_8wekyb3d8bbwe: PostDeploymentOperationCheck cost: 0 ms"
"08.09.2026 22:07:26","478","Подробно","Microsoft-Windows-AppXDeployment-Server","Операция развертывания Register с конечным томом C: для пакета Microsoft.DesktopAppInstaller_1.29.290.0_x64__8wekyb3d8bbwe из  (AppxBundleManifest.xml)  завершена успешно."
"08.09.2026 22:07:26","400","Сведения","Microsoft-Windows-AppXDeployment-Server","Операция развертывания Register с конечным томом C: для пакета Microsoft.DesktopAppInstaller_2026.728.1707.0_neutral_~_8wekyb3d8bbwe из  (AppxBundleManifest.xml)  завершена успешно."
"08.09.2026 22:07:25","10001","Подробно","Microsoft-Windows-AppXDeployment-Server","Обслуживание пакета Microsoft.DesktopAppInstaller_2026.728.1707.0_neutral_~_8wekyb3d8bbwe завершено. При изменении состояния пакета на ""включен"" было возвращено 0x0."
"08.09.2026 22:07:25","10001","Подробно","Microsoft-Windows-AppXDeployment-Server","Обслуживание пакета Microsoft.DesktopAppInstaller_2026.728.1707.0_neutral_~_8wekyb3d8bbwe завершено. При изменении состояния пакета на ""включен"" было возвращено 0x0."
"08.09.2026 22:07:25","10001","Подробно","Microsoft-Windows-AppXDeployment-Server","Обслуживание пакета Microsoft.DesktopAppInstaller_1.29.290.0_x64__8wekyb3d8bbwe завершено. При изменении состояния пакета на ""включен"" было возвращено 0x0."
"08.09.2026 22:07:25","10001","Подробно","Microsoft-Windows-AppXDeployment-Server","Обслуживание пакета Microsoft.DesktopAppInstaller_1.29.290.0_x64__8wekyb3d8bbwe завершено. При изменении состояния пакета на ""включен"" было возвращено 0x0."
"08.09.2026 22:07:25","10001","Подробно","Microsoft-Windows-AppXDeployment-Server","Обслуживание пакета Microsoft.DesktopAppInstaller_1.29.290.0_neutral_split.language-ru_8wekyb3d8bbwe завершено. При изменении состояния пакета на ""включен"" было возвращено 0x0."
"08.09.2026 22:07:25","10001","Подробно","Microsoft-Windows-AppXDeployment-Server","Обслуживание пакета Microsoft.DesktopAppInstaller_1.29.290.0_neutral_split.language-ru_8wekyb3d8bbwe завершено. При изменении состояния пакета на ""включен"" было возвращено 0x0."
"08.09.2026 22:07:25","10001","Подробно","Microsoft-Windows-AppXDeployment-Server","Обслуживание пакета Microsoft.WindowsAppRuntime.1.8_8000.946.1701.0_x64__8wekyb3d8bbwe завершено. При изменении состояния пакета на ""включен"" было возвращено 0x0."
"08.09.2026 22:07:25","10001","Подробно","Microsoft-Windows-AppXDeployment-Server","Обслуживание пакета Microsoft.WindowsAppRuntime.1.8_8000.946.1701.0_x64__8wekyb3d8bbwe завершено. При изменении состояния пакета на ""включен"" было возвращено 0x0."
"08.09.2026 22:07:25","10001","Подробно","Microsoft-Windows-AppXDeployment-Server","Обслуживание пакета Microsoft.WindowsAppRuntime.1.8_8000.946.1701.0_x86__8wekyb3d8bbwe завершено. При изменении состояния пакета на ""включен"" было возвращено 0x0."
"08.09.2026 22:07:25","10001","Подробно","Microsoft-Windows-AppXDeployment-Server","Обслуживание пакета Microsoft.WindowsAppRuntime.1.8_8000.946.1701.0_x86__8wekyb3d8bbwe завершено. При изменении состояния пакета на ""включен"" было возвращено 0x0."
"08.09.2026 22:07:25","10001","Подробно","Microsoft-Windows-AppXDeployment-Server","Обслуживание пакета Microsoft.VCLibs.140.00_14.0.33519.0_x86__8wekyb3d8bbwe завершено. При изменении состояния пакета на ""включен"" было возвращено 0x0."
"08.09.2026 22:07:25","10001","Подробно","Microsoft-Windows-AppXDeployment-Server","Обслуживание пакета Microsoft.VCLibs.140.00_14.0.33519.0_x86__8wekyb3d8bbwe завершено. При изменении состояния пакета на ""включен"" было возвращено 0x0."
"08.09.2026 22:07:25","10001","Подробно","Microsoft-Windows-AppXDeployment-Server","Обслуживание пакета Microsoft.VCLibs.140.00.UWPDesktop_14.0.33728.0_x64__8wekyb3d8bbwe завершено. При изменении состояния пакета на ""включен"" было возвращено 0x0."
"08.09.2026 22:07:25","10001","Подробно","Microsoft-Windows-AppXDeployment-Server","Обслуживание пакета Microsoft.VCLibs.140.00.UWPDesktop_14.0.33728.0_x64__8wekyb3d8bbwe завершено. При изменении состояния пакета на ""включен"" было возвращено 0x0."
"08.09.2026 22:07:25","10001","Подробно","Microsoft-Windows-AppXDeployment-Server","Обслуживание пакета Microsoft.VCLibs.140.00.UWPDesktop_14.0.33728.0_x86__8wekyb3d8bbwe завершено. При изменении состояния пакета на ""включен"" было возвращено 0x0."
"08.09.2026 22:07:25","10001","Подробно","Microsoft-Windows-AppXDeployment-Server","Обслуживание пакета Microsoft.VCLibs.140.00.UWPDesktop_14.0.33728.0_x86__8wekyb3d8bbwe завершено. При изменении состояния пакета на ""включен"" было возвращено 0x0."
"08.09.2026 22:07:25","10001","Подробно","Microsoft-Windows-AppXDeployment-Server","Обслуживание пакета Microsoft.WindowsFeedbackHub_1.2608.17301.0_x64__8wekyb3d8bbwe завершено. При изменении состояния пакета на ""включен"" было возвращено 0x0."
"08.09.2026 22:07:25","10001","Подробно","Microsoft-Windows-AppXDeployment-Server","Обслуживание пакета Microsoft.WindowsFeedbackHub_1.2608.17301.0_x64__8wekyb3d8bbwe завершено. При изменении состояния пакета на ""включен"" было возвращено 0x0."
"08.09.2026 22:07:25","10001","Подробно","Microsoft-Windows-AppXDeployment-Server","Обслуживание пакета Microsoft.YourPhone_1.25072.81.0_x64__8wekyb3d8bbwe завершено. При изменении состояния пакета на ""включен"" было возвращено 0x0."
"08.09.2026 22:07:25","10001","Подробно","Microsoft-Windows-AppXDeployment-Server","Обслуживание пакета Microsoft.YourPhone_1.25072.81.0_x64__8wekyb3d8bbwe завершено. При изменении состояния пакета на ""включен"" было возвращено 0x0."
"08.09.2026 22:07:25","10001","Подробно","Microsoft-Windows-AppXDeployment-Server","Обслуживание пакета Microsoft.XboxGamingOverlay_7.326.8061.0_x64__8wekyb3d8bbwe завершено. При изменении состояния пакета на ""включен"" было возвращено 0x0."
"08.09.2026 22:07:25","10001","Подробно","Microsoft-Windows-AppXDeployment-Server","Обслуживание пакета Microsoft.XboxGamingOverlay_7.326.8061.0_x64__8wekyb3d8bbwe завершено. При изменении состояния пакета на ""включен"" было возвращено 0x0."
"08.09.2026 22:07:25","10001","Подробно","Microsoft-Windows-AppXDeployment-Server","Обслуживание пакета Microsoft.WindowsAlarms_11.2606.11.0_x64__8wekyb3d8bbwe завершено. При изменении состояния пакета на ""включен"" было возвращено 0x0."
"08.09.2026 22:07:25","10001","Подробно","Microsoft-Windows-AppXDeployment-Server","Обслуживание пакета Microsoft.WindowsAlarms_11.2606.11.0_x64__8wekyb3d8bbwe завершено. При изменении состояния пакета на ""включен"" было возвращено 0x0."
"08.09.2026 22:07:25","10001","Подробно","Microsoft-Windows-AppXDeployment-Server","Обслуживание пакета Microsoft.WindowsCalculator_11.2606.0.0_x64__8wekyb3d8bbwe завершено. При изменении состояния пакета на ""включен"" было возвращено 0x0."
"08.09.2026 22:07:25","10001","Подробно","Microsoft-Windows-AppXDeployment-Server","Обслуживание пакета Microsoft.WindowsCalculator_11.2606.0.0_x64__8wekyb3d8bbwe завершено. При изменении состояния пакета на ""включен"" было возвращено 0x0."
"08.09.2026 22:07:25","10001","Подробно","Microsoft-Windows-AppXDeployment-Server","Обслуживание пакета Microsoft.ZuneVideo_10.26061.10051.0_x64__8wekyb3d8bbwe завершено. При изменении состояния пакета на ""включен"" было возвращено 0x0."
"08.09.2026 22:07:25","10001","Подробно","Microsoft-Windows-AppXDeployment-Server","Обслуживание пакета Microsoft.ZuneVideo_10.26061.10051.0_x64__8wekyb3d8bbwe завершено. При изменении состояния пакета на ""включен"" было возвращено 0x0."
"08.09.2026 22:07:25","10001","Подробно","Microsoft-Windows-AppXDeployment-Server","Обслуживание пакета Microsoft.Windows.Photos_2026.11060.2004.0_x64__8wekyb3d8bbwe завершено. При изменении состояния пакета на ""включен"" было возвращено 0x0."
"08.09.2026 22:07:25","10001","Подробно","Microsoft-Windows-AppXDeployment-Server","Обслуживание пакета Microsoft.Windows.Photos_2026.11060.2004.0_x64__8wekyb3d8bbwe завершено. При изменении состояния пакета на ""включен"" было возвращено 0x0."
"08.09.2026 22:07:25","10001","Подробно","Microsoft-Windows-AppXDeployment-Server","Обслуживание пакета Microsoft.GetHelp_10.2409.41132.0_x64__8wekyb3d8bbwe завершено. При изменении состояния пакета на ""включен"" было возвращено 0x0."
"08.09.2026 22:07:25","10001","Подробно","Microsoft-Windows-AppXDeployment-Server","Обслуживание пакета Microsoft.GetHelp_10.2409.41132.0_x64__8wekyb3d8bbwe завершено. При изменении состояния пакета на ""включен"" было возвращено 0x0."
"08.09.2026 22:07:25","10001","Подробно","Microsoft-Windows-AppXDeployment-Server","Обслуживание пакета Microsoft.MicrosoftSolitaireCollection_4.25.4020.0_x64__8wekyb3d8bbwe завершено. При изменении состояния пакета на ""включен"" было возвращено 0x0."
"08.09.2026 22:07:25","10001","Подробно","Microsoft-Windows-AppXDeployment-Server","Обслуживание пакета Microsoft.MicrosoftSolitaireCollection_4.25.4020.0_x64__8wekyb3d8bbwe завершено. При изменении состояния пакета на ""включен"" было возвращено 0x0."
"08.09.2026 22:07:25","10001","Подробно","Microsoft-Windows-AppXDeployment-Server","Обслуживание пакета Microsoft.Microsoft3DViewer_7.2602.8012.0_x64__8wekyb3d8bbwe завершено. При изменении состояния пакета на ""включен"" было возвращено 0x0."
"08.09.2026 22:07:25","10001","Подробно","Microsoft-Windows-AppXDeployment-Server","Обслуживание пакета Microsoft.Microsoft3DViewer_7.2602.8012.0_x64__8wekyb3d8bbwe завершено. При изменении состояния пакета на ""включен"" было возвращено 0x0."
"08.09.2026 22:07:25","10001","Подробно","Microsoft-Windows-AppXDeployment-Server","Обслуживание пакета Microsoft.BingWeather_4.54.63029.0_x64__8wekyb3d8bbwe завершено. При изменении состояния пакета на ""включен"" было возвращено 0x0."
"08.09.2026 22:07:25","10001","Подробно","Microsoft-Windows-AppXDeployment-Server","Обслуживание пакета Microsoft.BingWeather_4.54.63029.0_x64__8wekyb3d8bbwe завершено. При изменении состояния пакета на ""включен"" было возвращено 0x0."
"08.09.2026 22:07:25","10001","Подробно","Microsoft-Windows-AppXDeployment-Server","Обслуживание пакета Microsoft.XboxApp_48.104.4001.0_x64__8wekyb3d8bbwe завершено. При изменении состояния пакета на ""включен"" было возвращено 0x0."
"08.09.2026 22:07:25","10001","Подробно","Microsoft-Windows-AppXDeployment-Server","Обслуживание пакета Microsoft.XboxApp_48.104.4001.0_x64__8wekyb3d8bbwe завершено. При изменении состояния пакета на ""включен"" было возвращено 0x0."
"08.09.2026 22:07:25","10001","Подробно","Microsoft-Windows-AppXDeployment-Server","Обслуживание пакета Microsoft.Getstarted_10.2312.1.0_x64__8wekyb3d8bbwe завершено. При изменении состояния пакета на ""включен"" было возвращено 0x0."
"08.09.2026 22:07:25","10001","Подробно","Microsoft-Windows-AppXDeployment-Server","Обслуживание пакета Microsoft.Getstarted_10.2312.1.0_x64__8wekyb3d8bbwe завершено. При изменении состояния пакета на ""включен"" было возвращено 0x0."
"08.09.2026 22:07:25","10001","Подробно","Microsoft-Windows-AppXDeployment-Server","Обслуживание пакета Microsoft.DesktopAppInstaller_1.29.290.0_x64__8wekyb3d8bbwe завершено. При изменении состояния пакета на ""включен"" было возвращено 0x0."
"08.09.2026 22:07:25","10001","Подробно","Microsoft-Windows-AppXDeployment-Server","Обслуживание пакета Microsoft.DesktopAppInstaller_1.29.290.0_x64__8wekyb3d8bbwe завершено. При изменении состояния пакета на ""включен"" было возвращено 0x0."
"08.09.2026 22:07:25","10001","Подробно","Microsoft-Windows-AppXDeployment-Server","Обслуживание пакета Microsoft.WindowsAppRuntime.1.8_8000.946.1701.0_x64__8wekyb3d8bbwe завершено. При изменении состояния пакета на ""включен"" было возвращено 0x0."
"08.09.2026 22:07:25","10001","Подробно","Microsoft-Windows-AppXDeployment-Server","Обслуживание пакета Microsoft.WindowsAppRuntime.1.8_8000.946.1701.0_x64__8wekyb3d8bbwe завершено. При изменении состояния пакета на ""включен"" было возвращено 0x0."
"08.09.2026 22:07:25","10001","Подробно","Microsoft-Windows-AppXDeployment-Server","Обслуживание пакета Microsoft.WindowsAppRuntime.1.8_8000.946.1701.0_x86__8wekyb3d8bbwe завершено. При изменении состояния пакета на ""включен"" было возвращено 0x0."
"08.09.2026 22:07:25","10001","Подробно","Microsoft-Windows-AppXDeployment-Server","Обслуживание пакета Microsoft.WindowsAppRuntime.1.8_8000.946.1701.0_x86__8wekyb3d8bbwe завершено. При изменении состояния пакета на ""включен"" было возвращено 0x0."
"08.09.2026 22:07:25","10001","Подробно","Microsoft-Windows-AppXDeployment-Server","Обслуживание пакета Microsoft.VCLibs.140.00_14.0.33519.0_x86__8wekyb3d8bbwe завершено. При изменении состояния пакета на ""включен"" было возвращено 0x0."
"08.09.2026 22:07:25","10001","Подробно","Microsoft-Windows-AppXDeployment-Server","Обслуживание пакета Microsoft.VCLibs.140.00_14.0.33519.0_x86__8wekyb3d8bbwe завершено. При изменении состояния пакета на ""включен"" было возвращено 0x0."
"08.09.2026 22:07:25","10001","Подробно","Microsoft-Windows-AppXDeployment-Server","Обслуживание пакета Microsoft.VCLibs.140.00.UWPDesktop_14.0.33728.0_x64__8wekyb3d8bbwe завершено. При изменении состояния пакета на ""включен"" было возвращено 0x0."
"08.09.2026 22:07:25","10001","Подробно","Microsoft-Windows-AppXDeployment-Server","Обслуживание пакета Microsoft.VCLibs.140.00.UWPDesktop_14.0.33728.0_x64__8wekyb3d8bbwe завершено. При изменении состояния пакета на ""включен"" было возвращено 0x0."
"08.09.2026 22:07:25","10001","Подробно","Microsoft-Windows-AppXDeployment-Server","Обслуживание пакета Microsoft.VCLibs.140.00.UWPDesktop_14.0.33728.0_x86__8wekyb3d8bbwe завершено. При изменении состояния пакета на ""включен"" было возвращено 0x0."
"08.09.2026 22:07:25","10001","Подробно","Microsoft-Windows-AppXDeployment-Server","Обслуживание пакета Microsoft.VCLibs.140.00.UWPDesktop_14.0.33728.0_x86__8wekyb3d8bbwe завершено. При изменении состояния пакета на ""включен"" было возвращено 0x0."
"08.09.2026 22:07:25","813","Подробно","Microsoft-Windows-AppXDeployment-Server","Хранилище всех пользователей успешно обновлено пакетом Microsoft.DesktopAppInstaller_2026.728.1707.0_neutral_~_8wekyb3d8bbwe."
"08.09.2026 22:07:25","5507","Подробно","Microsoft-Windows-AppXDeployment-Server","Microsoft.DesktopAppInstaller_1.29.290.0_x64__8wekyb3d8bbwe : resources.ba9e93b4.pri : Current shared merged PRI file ignored"
"08.09.2026 22:07:25","5507","Подробно","Microsoft-Windows-AppXDeployment-Server","Microsoft.DesktopAppInstaller_1.29.290.0_x64__8wekyb3d8bbwe : C:\Program Files\WindowsApps\Microsoft.DesktopAppInstaller_1.29.290.0_x64__8wekyb3d8bbwe\microsoft.system.package.metadata\resources.6c5651e8.pri : Shared merged file still in use"
"08.09.2026 22:07:25","5507","Подробно","Microsoft-Windows-AppXDeployment-Server","Microsoft.DesktopAppInstaller_1.29.290.0_x64__8wekyb3d8bbwe : S-1-5-21-239302790-3235067425-44167425-1007-MergedResources-0.pri : Current user-specific merged PRI file ignored"
"08.09.2026 22:07:25","5507","Подробно","Microsoft-Windows-AppXDeployment-Server","Microsoft.DesktopAppInstaller_1.29.290.0_x64__8wekyb3d8bbwe : resources.ba9e93b4.pri : Current shared merged PRI file ignored"
"08.09.2026 22:07:25","5507","Подробно","Microsoft-Windows-AppXDeployment-Server","Microsoft.DesktopAppInstaller_1.29.290.0_x64__8wekyb3d8bbwe : C:\Program Files\WindowsApps\Microsoft.DesktopAppInstaller_1.29.290.0_x64__8wekyb3d8bbwe\microsoft.system.package.metadata\resources.6c5651e8.pri : Shared merged file still in use"
"08.09.2026 22:07:25","5507","Подробно","Microsoft-Windows-AppXDeployment-Server","Microsoft.DesktopAppInstaller_1.29.290.0_x64__8wekyb3d8bbwe : S-1-5-21-239302790-3235067425-44167425-1007-MergedResources-0.pri : Current user-specific merged PRI file ignored"
"08.09.2026 22:07:25","8101","Подробно","Microsoft-Windows-AppXDeployment-Server","Проверка и установка метки доверия для пакета Microsoft.DesktopAppInstaller_1.29.290.0_x64__8wekyb3d8bbwe с флагами 0x9 завершена."
"08.09.2026 22:07:25","8106","Подробно","Microsoft-Windows-AppXDeployment-Server","У пакета Microsoft.DesktopAppInstaller_1.29.290.0_x64__8wekyb3d8bbwe уже есть метка доверия. Флаги: 0x9"
"08.09.2026 22:07:25","8100","Подробно","Microsoft-Windows-AppXDeployment-Server","Начинается проверка и установка метки доверия для пакета Microsoft.DesktopAppInstaller_1.29.290.0_x64__8wekyb3d8bbwe с флагами 0x9."
"08.09.2026 22:07:25","8101","Подробно","Microsoft-Windows-AppXDeployment-Server","Проверка и установка метки доверия для пакета Microsoft.DesktopAppInstaller_1.29.290.0_neutral_split.language-ru_8wekyb3d8bbwe с флагами 0x9 завершена."
"08.09.2026 22:07:25","8106","Подробно","Microsoft-Windows-AppXDeployment-Server","У пакета Microsoft.DesktopAppInstaller_1.29.290.0_neutral_split.language-ru_8wekyb3d8bbwe уже есть метка доверия. Флаги: 0x9"
"08.09.2026 22:07:25","8100","Подробно","Microsoft-Windows-AppXDeployment-Server","Начинается проверка и установка метки доверия для пакета Microsoft.DesktopAppInstaller_1.29.290.0_neutral_split.language-ru_8wekyb3d8bbwe с флагами 0x9."
"08.09.2026 22:07:25","5505","Подробно","Microsoft-Windows-AppXDeployment-Server","Microsoft.DesktopAppInstaller_1.29.290.0_x64__8wekyb3d8bbwe : C:\Program Files\WindowsApps\Microsoft.DesktopAppInstaller_1.29.290.0_x64__8wekyb3d8bbwe\microsoft.system.package.metadata\S-1-5-21-239302790-3235067425-44167425-1007-MergedResources-0.pri : Linked user-specific merged PRI file"
"08.09.2026 22:07:25","5506","Подробно","Microsoft-Windows-AppXDeployment-Server","Microsoft.DesktopAppInstaller_1.29.290.0_x64__8wekyb3d8bbwe : C:\Program Files\WindowsApps\Microsoft.DesktopAppInstaller_1.29.290.0_x64__8wekyb3d8bbwe\microsoft.system.package.metadata\resources.ba9e93b4.pri : Created shared merged PRI file"
"08.09.2026 22:07:25","8101","Подробно","Microsoft-Windows-AppXDeployment-Server","Проверка и установка метки доверия для пакета Microsoft.WindowsAppRuntime.1.8_8000.946.1701.0_x64__8wekyb3d8bbwe с флагами 0x5 завершена."
"08.09.2026 22:07:25","8106","Подробно","Microsoft-Windows-AppXDeployment-Server","У пакета Microsoft.WindowsAppRuntime.1.8_8000.946.1701.0_x64__8wekyb3d8bbwe уже есть метка доверия. Флаги: 0x5"
"08.09.2026 22:07:25","8100","Подробно","Microsoft-Windows-AppXDeployment-Server","Начинается проверка и установка метки доверия для пакета Microsoft.WindowsAppRuntime.1.8_8000.946.1701.0_x64__8wekyb3d8bbwe с флагами 0x5."
"08.09.2026 22:07:25","8101","Подробно","Microsoft-Windows-AppXDeployment-Server","Проверка и установка метки доверия для пакета Microsoft.WindowsAppRuntime.1.8_8000.946.1701.0_x86__8wekyb3d8bbwe с флагами 0x5 завершена."
"08.09.2026 22:07:25","8106","Подробно","Microsoft-Windows-AppXDeployment-Server","У пакета Microsoft.WindowsAppRuntime.1.8_8000.946.1701.0_x86__8wekyb3d8bbwe уже есть метка доверия. Флаги: 0x5"
"08.09.2026 22:07:25","8100","Подробно","Microsoft-Windows-AppXDeployment-Server","Начинается проверка и установка метки доверия для пакета Microsoft.WindowsAppRuntime.1.8_8000.946.1701.0_x86__8wekyb3d8bbwe с флагами 0x5."
"08.09.2026 22:07:25","8101","Подробно","Microsoft-Windows-AppXDeployment-Server","Проверка и установка метки доверия для пакета Microsoft.VCLibs.140.00_14.0.33519.0_x86__8wekyb3d8bbwe с флагами 0x5 завершена."
"08.09.2026 22:07:25","8105","Подробно","Microsoft-Windows-AppXDeployment-Server","Проверено файлов из карты блоков для пакета Microsoft.VCLibs.140.00_14.0.33519.0_x86__8wekyb3d8bbwe: 12."
"08.09.2026 22:07:25","8100","Подробно","Microsoft-Windows-AppXDeployment-Server","Начинается проверка и установка метки доверия для пакета Microsoft.VCLibs.140.00_14.0.33519.0_x86__8wekyb3d8bbwe с флагами 0x5."
"08.09.2026 22:07:25","8101","Подробно","Microsoft-Windows-AppXDeployment-Server","Проверка и установка метки доверия для пакета Microsoft.VCLibs.140.00.UWPDesktop_14.0.33728.0_x64__8wekyb3d8bbwe с флагами 0x5 завершена."
"08.09.2026 22:07:25","8106","Подробно","Microsoft-Windows-AppXDeployment-Server","У пакета Microsoft.VCLibs.140.00.UWPDesktop_14.0.33728.0_x64__8wekyb3d8bbwe уже есть метка доверия. Флаги: 0x5"
"08.09.2026 22:07:25","8100","Подробно","Microsoft-Windows-AppXDeployment-Server","Начинается проверка и установка метки доверия для пакета Microsoft.VCLibs.140.00.UWPDesktop_14.0.33728.0_x64__8wekyb3d8bbwe с флагами 0x5."
"08.09.2026 22:07:25","8101","Подробно","Microsoft-Windows-AppXDeployment-Server","Проверка и установка метки доверия для пакета Microsoft.VCLibs.140.00.UWPDesktop_14.0.33728.0_x86__8wekyb3d8bbwe с флагами 0x5 завершена."
"08.09.2026 22:07:25","8105","Подробно","Microsoft-Windows-AppXDeployment-Server","Проверено файлов из карты блоков для пакета Microsoft.VCLibs.140.00.UWPDesktop_14.0.33728.0_x86__8wekyb3d8bbwe: 26."
"08.09.2026 22:07:25","8100","Подробно","Microsoft-Windows-AppXDeployment-Server","Начинается проверка и установка метки доверия для пакета Microsoft.VCLibs.140.00.UWPDesktop_14.0.33728.0_x86__8wekyb3d8bbwe с флагами 0x5."
"08.09.2026 22:07:25","603","Сведения","Microsoft-Windows-AppXDeployment-Server","Начата операция развертывания ""Register"" для пакета. Основной параметр: AppxBundleManifest.xml. Необязательные параметры: ForceTargetApplicationShutdownOption,SkipReregisterIfPackageStatusOk,NormalPriorityRequest,ImmediatePriorityRequest,FirstLogonInstall и SkipDeploymentOperationRpcCallerIsAdminCheck. Дополнительные сведения о диагностике проблем с развертыванием приложений см. на странице http://go.microsoft.com/fwlink/?LinkId=235160."
"08.09.2026 22:07:25","613","Сведения","Microsoft-Windows-AppXDeployment-Server","Сводка по эффективности операции развертывания ""StageUserData"" для пакета Microsoft.Windows.Photos_2026.11060.2004.0_neutral_~_8wekyb3d8bbwe: 
Overall time: 938 ms
Enqueue cost: 0 ms
Dequeue delay: 703 ms
Bundle processing cost: 16 ms
Indexing cost: 156 ms
Resolve dependency cost: 0 ms
Check approval cost: 0 ms
Evaluation cost: 0 ms
Hardlinking evaluation cost: 0 ms
Stage required cost: 0 ms
Flushing and closing files cost: 0 ms
Machine register cost: 0 ms
Stage user data cost: 0 ms
Registration cost: 0 ms
Repository commit transaction cost: 0 ms
Data flush cost: 0 ms
Post DeStage repository commit transaction cost: 63 ms
Remaining cost: 0 ms
"
"08.09.2026 22:07:25","10000","Подробно","Microsoft-Windows-AppXDeployment-Server","Будет выполнено обслуживание пакета Microsoft.WindowsFeedbackHub_1.2608.17301.0_x64__8wekyb3d8bbwe. При изменении состояния пакета на ""отключен"" было возвращено 0x0."
"08.09.2026 22:07:25","10000","Подробно","Microsoft-Windows-AppXDeployment-Server","Будет выполнено обслуживание пакета Microsoft.YourPhone_1.25072.81.0_x64__8wekyb3d8bbwe. При изменении состояния пакета на ""отключен"" было возвращено 0x0."
"08.09.2026 22:07:25","10000","Подробно","Microsoft-Windows-AppXDeployment-Server","Будет выполнено обслуживание пакета Microsoft.XboxGamingOverlay_7.326.8061.0_x64__8wekyb3d8bbwe. При изменении состояния пакета на ""отключен"" было возвращено 0x0."
"08.09.2026 22:07:25","10000","Подробно","Microsoft-Windows-AppXDeployment-Server","Будет выполнено обслуживание пакета Microsoft.WindowsAlarms_11.2606.11.0_x64__8wekyb3d8bbwe. При изменении состояния пакета на ""отключен"" было возвращено 0x0."
"08.09.2026 22:07:25","10000","Подробно","Microsoft-Windows-AppXDeployment-Server","Будет выполнено обслуживание пакета Microsoft.WindowsCalculator_11.2606.0.0_x64__8wekyb3d8bbwe. При изменении состояния пакета на ""отключен"" было возвращено 0x0."
"08.09.2026 22:07:25","10000","Подробно","Microsoft-Windows-AppXDeployment-Server","Будет выполнено обслуживание пакета Microsoft.ZuneVideo_10.26061.10051.0_x64__8wekyb3d8bbwe. При изменении состояния пакета на ""отключен"" было возвращено 0x0."
"08.09.2026 22:07:25","10000","Подробно","Microsoft-Windows-AppXDeployment-Server","Будет выполнено обслуживание пакета Microsoft.Windows.Photos_2026.11060.2004.0_x64__8wekyb3d8bbwe. При изменении состояния пакета на ""отключен"" было возвращено 0x0."
"08.09.2026 22:07:25","10000","Подробно","Microsoft-Windows-AppXDeployment-Server","Будет выполнено обслуживание пакета Microsoft.GetHelp_10.2409.41132.0_x64__8wekyb3d8bbwe. При изменении состояния пакета на ""отключен"" было возвращено 0x0."
"08.09.2026 22:07:25","10000","Подробно","Microsoft-Windows-AppXDeployment-Server","Будет выполнено обслуживание пакета Microsoft.MicrosoftSolitaireCollection_4.25.4020.0_x64__8wekyb3d8bbwe. При изменении состояния пакета на ""отключен"" было возвращено 0x0."
"08.09.2026 22:07:25","10000","Подробно","Microsoft-Windows-AppXDeployment-Server","Будет выполнено обслуживание пакета Microsoft.Microsoft3DViewer_7.2602.8012.0_x64__8wekyb3d8bbwe. При изменении состояния пакета на ""отключен"" было возвращено 0x0."
"08.09.2026 22:07:25","10000","Подробно","Microsoft-Windows-AppXDeployment-Server","Будет выполнено обслуживание пакета Microsoft.BingWeather_4.54.63029.0_x64__8wekyb3d8bbwe. При изменении состояния пакета на ""отключен"" было возвращено 0x0."
"08.09.2026 22:07:25","10000","Подробно","Microsoft-Windows-AppXDeployment-Server","Будет выполнено обслуживание пакета Microsoft.XboxApp_48.104.4001.0_x64__8wekyb3d8bbwe. При изменении состояния пакета на ""отключен"" было возвращено 0x0."
"08.09.2026 22:07:25","10000","Подробно","Microsoft-Windows-AppXDeployment-Server","Будет выполнено обслуживание пакета Microsoft.Getstarted_10.2312.1.0_x64__8wekyb3d8bbwe. При изменении состояния пакета на ""отключен"" было возвращено 0x0."
"08.09.2026 22:07:25","10000","Подробно","Microsoft-Windows-AppXDeployment-Server","Будет выполнено обслуживание пакета Microsoft.DesktopAppInstaller_1.29.290.0_x64__8wekyb3d8bbwe. При изменении состояния пакета на ""отключен"" было возвращено 0x0."
"08.09.2026 22:07:25","10000","Подробно","Microsoft-Windows-AppXDeployment-Server","Будет выполнено обслуживание пакета Microsoft.WindowsAppRuntime.1.8_8000.946.1701.0_x64__8wekyb3d8bbwe. При изменении состояния пакета на ""отключен"" было возвращено 0x0."
"08.09.2026 22:07:25","10000","Подробно","Microsoft-Windows-AppXDeployment-Server","Будет выполнено обслуживание пакета Microsoft.WindowsAppRuntime.1.8_8000.946.1701.0_x86__8wekyb3d8bbwe. При изменении состояния пакета на ""отключен"" было возвращено 0x0."
"08.09.2026 22:07:25","10000","Подробно","Microsoft-Windows-AppXDeployment-Server","Будет выполнено обслуживание пакета Microsoft.VCLibs.140.00_14.0.33519.0_x86__8wekyb3d8bbwe. При изменении состояния пакета на ""отключен"" было возвращено 0x0."
"08.09.2026 22:07:25","10000","Подробно","Microsoft-Windows-AppXDeployment-Server","Будет выполнено обслуживание пакета Microsoft.VCLibs.140.00.UWPDesktop_14.0.33728.0_x64__8wekyb3d8bbwe. При изменении состояния пакета на ""отключен"" было возвращено 0x0."
"08.09.2026 22:07:25","10000","Подробно","Microsoft-Windows-AppXDeployment-Server","Будет выполнено обслуживание пакета Microsoft.VCLibs.140.00.UWPDesktop_14.0.33728.0_x86__8wekyb3d8bbwe. При изменении состояния пакета на ""отключен"" было возвращено 0x0."
"08.09.2026 22:07:25","649","Сведения","Microsoft-Windows-AppXDeployment-Server","Операция развертывания ""StageUserData"" для пакета Microsoft.Windows.Photos_2026.11060.2004.0_neutral_~_8wekyb3d8bbwe: PostDeploymentOperationCheck cost: 0 ms"
"08.09.2026 22:07:25","478","Подробно","Microsoft-Windows-AppXDeployment-Server","Операция развертывания StageUserData с конечным томом C: для пакета Microsoft.Windows.Photos_2026.11060.2004.0_x64__8wekyb3d8bbwe из  (AppxBundleManifest.xml)  завершена успешно."
"08.09.2026 22:07:25","400","Сведения","Microsoft-Windows-AppXDeployment-Server","Операция развертывания StageUserData с конечным томом C: для пакета Microsoft.Windows.Photos_2026.11060.2004.0_neutral_~_8wekyb3d8bbwe из  (AppxBundleManifest.xml)  завершена успешно."
"08.09.2026 22:07:25","855","Сведения","Microsoft-Windows-AppXDeployment-Server","Завершено разрешение списков действий. Списки действий DeploymentRequest:  addPackageList: Microsoft.VCLibs.140.00.UWPDesktop_14.0.33728.0_x86__8wekyb3d8bbwe Microsoft.VCLibs.140.00.UWPDesktop_14.0.33728.0_x64__8wekyb3d8bbwe Microsoft.VCLibs.140.00_14.0.33519.0_x86__8wekyb3d8bbwe Microsoft.WindowsAppRuntime.1.8_8000.946.1701.0_x86__8wekyb3d8bbwe Microsoft.WindowsAppRuntime.1.8_8000.946.1701.0_x64__8wekyb3d8bbwe Microsoft.DesktopAppInstaller_1.29.290.0_neutral_split.language-ru_8wekyb3d8bbwe Microsoft.DesktopAppInstaller_1.29.290.0_x64__8wekyb3d8bbwe Microsoft.DesktopAppInstaller_2026.728.1707.0_neutral_~_8wekyb3d8bbwe."
"08.09.2026 22:07:25","854","Сведения","Microsoft-Windows-AppXDeployment-Server","Успешно добавлены следующие универсальные коды ресурсов (URI), которые нужно обработать:  C:\Program Files\WindowsApps\Microsoft.Windows.Photos_2026.11060.2004.0_neutral_~_8wekyb3d8bbwe\AppxMetadata\AppxBundleManifest.xml C:\Program Files\WindowsApps\Microsoft.Windows.Photos_2026.11060.2004.0_x64__8wekyb3d8bbwe\AppxManifest.xml."
"08.09.2026 22:07:25","603","Сведения","Microsoft-Windows-AppXDeployment-Server","Начата операция развертывания ""Register"" для пакета. Основной параметр: AppxBundleManifest.xml. Необязательные параметры: ForceTargetApplicationShutdownOption,SkipReregisterIfPackageStatusOk,NormalPriorityRequest,ImmediatePriorityRequest,FirstLogonInstall и SkipDeploymentOperationRpcCallerIsAdminCheck. Дополнительные сведения о диагностике проблем с развертыванием приложений см. на странице http://go.microsoft.com/fwlink/?LinkId=235160."
"08.09.2026 22:07:25","607","Сведения","Microsoft-Windows-AppXDeployment-Server","Операция развертывания StageUserData в отношении пакета Microsoft.Windows.Photos_2026.11060.2004.0_neutral_~_8wekyb3d8bbwe выведена из очереди и выполняется для SID пользователя S-1-5-21-239302790-3235067425-44167425-1007."
"08.09.2026 22:07:25","10002","Подробно","Microsoft-Windows-AppXDeployment-Server","Создание файла устойчивости C:\ProgramData\Microsoft\Windows\AppRepository\4b941eda-7998-4f15-a1db-00b2c5a17261_S-1-5-21-239302790-3235067425-44167425-1007_55.rslc для операции StageUserData с пакетом Microsoft.Windows.Photos_2026.11060.2004.0_neutral_~_8wekyb3d8bbwe."
"08.09.2026 22:07:25","613","Сведения","Microsoft-Windows-AppXDeployment-Server","Сводка по эффективности операции развертывания ""StageUserData"" для пакета microsoft.windowscommunicationsapps_16005.14326.22342.0_neutral_~_8wekyb3d8bbwe: 
Overall time: 703 ms
Enqueue cost: 0 ms
Dequeue delay: 594 ms
Bundle processing cost: 16 ms
Indexing cost: 31 ms
Resolve dependency cost: 0 ms
Check approval cost: 0 ms
Evaluation cost: 0 ms
Hardlinking evaluation cost: 0 ms
Stage required cost: 0 ms
Flushing and closing files cost: 0 ms
Machine register cost: 0 ms
Stage user data cost: 0 ms
Registration cost: 0 ms
Repository commit transaction cost: 0 ms
Data flush cost: 0 ms
Post DeStage repository commit transaction cost: 62 ms
Remaining cost: 0 ms
"
"08.09.2026 22:07:24","649","Сведения","Microsoft-Windows-AppXDeployment-Server","Операция развертывания ""StageUserData"" для пакета microsoft.windowscommunicationsapps_16005.14326.22342.0_neutral_~_8wekyb3d8bbwe: PostDeploymentOperationCheck cost: 0 ms"
"08.09.2026 22:07:24","478","Подробно","Microsoft-Windows-AppXDeployment-Server","Операция развертывания StageUserData с конечным томом C: для пакета microsoft.windowscommunicationsapps_16005.14326.22342.0_x64__8wekyb3d8bbwe из  (AppxBundleManifest.xml)  завершена успешно."
"08.09.2026 22:07:24","400","Сведения","Microsoft-Windows-AppXDeployment-Server","Операция развертывания StageUserData с конечным томом C: для пакета microsoft.windowscommunicationsapps_16005.14326.22342.0_neutral_~_8wekyb3d8bbwe из  (AppxBundleManifest.xml)  завершена успешно."
"08.09.2026 22:07:24","854","Сведения","Microsoft-Windows-AppXDeployment-Server","Успешно добавлены следующие универсальные коды ресурсов (URI), которые нужно обработать:  C:\Program Files\WindowsApps\Microsoft.DesktopAppInstaller_2026.728.1707.0_neutral_~_8wekyb3d8bbwe\AppxMetadata\AppxBundleManifest.xml C:\Program Files\WindowsApps\Microsoft.DesktopAppInstaller_1.29.290.0_x64__8wekyb3d8bbwe\AppxManifest.xml C:\Program Files\WindowsApps\Microsoft.DesktopAppInstaller_1.29.290.0_neutral_split.language-ru_8wekyb3d8bbwe\AppxManifest.xml."
"08.09.2026 22:07:24","607","Сведения","Microsoft-Windows-AppXDeployment-Server","Операция развертывания Register в отношении пакета Microsoft.DesktopAppInstaller_2026.728.1707.0_neutral_~_8wekyb3d8bbwe выведена из очереди и выполняется для SID пользователя S-1-5-21-239302790-3235067425-44167425-1007."
"08.09.2026 22:07:24","10002","Подробно","Microsoft-Windows-AppXDeployment-Server","Создание файла устойчивости C:\ProgramData\Microsoft\Windows\AppRepository\4b941eda-7998-4f15-a1db-00b2c5a17261_S-1-5-21-239302790-3235067425-44167425-1007_54.rslc для операции Register с пакетом Microsoft.DesktopAppInstaller_2026.728.1707.0_neutral_~_8wekyb3d8bbwe."
"08.09.2026 22:07:24","854","Сведения","Microsoft-Windows-AppXDeployment-Server","Успешно добавлены следующие универсальные коды ресурсов (URI), которые нужно обработать:  C:\Program Files\WindowsApps\microsoft.windowscommunicationsapps_16005.14326.22342.0_neutral_~_8wekyb3d8bbwe\AppxMetadata\AppxBundleManifest.xml C:\Program Files\WindowsApps\microsoft.windowscommunicationsapps_16005.14326.22342.0_x64__8wekyb3d8bbwe\AppxManifest.xml C:\Program Files\WindowsApps\microsoft.windowscommunicationsapps_16005.14326.22342.0_neutral_ru-ru_8wekyb3d8bbwe\AppxManifest.xml."
"08.09.2026 22:07:24","603","Сведения","Microsoft-Windows-AppXDeployment-Server","Начата операция развертывания ""Register"" для пакета. Основной параметр: AppxBundleManifest.xml. Необязательные параметры: ForceTargetApplicationShutdownOption,SkipReregisterIfPackageStatusOk,NormalPriorityRequest,ImmediatePriorityRequest,FirstLogonInstall и SkipDeploymentOperationRpcCallerIsAdminCheck. Дополнительные сведения о диагностике проблем с развертыванием приложений см. на странице http://go.microsoft.com/fwlink/?LinkId=235160."
"08.09.2026 22:07:24","607","Сведения","Microsoft-Windows-AppXDeployment-Server","Операция развертывания StageUserData в отношении пакета microsoft.windowscommunicationsapps_16005.14326.22342.0_neutral_~_8wekyb3d8bbwe выведена из очереди и выполняется для SID пользователя S-1-5-21-239302790-3235067425-44167425-1007."
"08.09.2026 22:07:24","10002","Подробно","Microsoft-Windows-AppXDeployment-Server","Создание файла устойчивости C:\ProgramData\Microsoft\Windows\AppRepository\4b941eda-7998-4f15-a1db-00b2c5a17261_S-1-5-21-239302790-3235067425-44167425-1007_53.rslc для операции StageUserData с пакетом microsoft.windowscommunicationsapps_16005.14326.22342.0_neutral_~_8wekyb3d8bbwe."
"08.09.2026 22:07:24","613","Сведения","Microsoft-Windows-AppXDeployment-Server","Сводка по эффективности операции развертывания ""StageUserData"" для пакета Microsoft.DesktopAppInstaller_2026.728.1707.0_neutral_~_8wekyb3d8bbwe: 
Overall time: 594 ms
Enqueue cost: 0 ms
Dequeue delay: 485 ms
Bundle processing cost: 15 ms
Indexing cost: 31 ms
Resolve dependency cost: 0 ms
Check approval cost: 0 ms
Evaluation cost: 0 ms
Hardlinking evaluation cost: 0 ms
Stage required cost: 0 ms
Flushing and closing files cost: 0 ms
Machine register cost: 0 ms
Stage user data cost: 0 ms
Registration cost: 0 ms
Repository commit transaction cost: 0 ms
Data flush cost: 0 ms
Post DeStage repository commit transaction cost: 47 ms
Remaining cost: 16 ms
"
"08.09.2026 22:07:24","649","Сведения","Microsoft-Windows-AppXDeployment-Server","Операция развертывания ""StageUserData"" для пакета Microsoft.DesktopAppInstaller_2026.728.1707.0_neutral_~_8wekyb3d8bbwe: PostDeploymentOperationCheck cost: 0 ms"
"08.09.2026 22:07:24","478","Подробно","Microsoft-Windows-AppXDeployment-Server","Операция развертывания StageUserData с конечным томом C: для пакета Microsoft.DesktopAppInstaller_1.29.290.0_x64__8wekyb3d8bbwe из  (AppxBundleManifest.xml)  завершена успешно."
"08.09.2026 22:07:24","400","Сведения","Microsoft-Windows-AppXDeployment-Server","Операция развертывания StageUserData с конечным томом C: для пакета Microsoft.DesktopAppInstaller_2026.728.1707.0_neutral_~_8wekyb3d8bbwe из  (AppxBundleManifest.xml)  завершена успешно."
"08.09.2026 22:07:24","854","Сведения","Microsoft-Windows-AppXDeployment-Server","Успешно добавлены следующие универсальные коды ресурсов (URI), которые нужно обработать:  C:\Program Files\WindowsApps\Microsoft.DesktopAppInstaller_2026.728.1707.0_neutral_~_8wekyb3d8bbwe\AppxMetadata\AppxBundleManifest.xml C:\Program Files\WindowsApps\Microsoft.DesktopAppInstaller_1.29.290.0_x64__8wekyb3d8bbwe\AppxManifest.xml C:\Program Files\WindowsApps\Microsoft.DesktopAppInstaller_1.29.290.0_neutral_split.language-ru_8wekyb3d8bbwe\AppxManifest.xml."
"08.09.2026 22:07:24","607","Сведения","Microsoft-Windows-AppXDeployment-Server","Операция развертывания StageUserData в отношении пакета Microsoft.DesktopAppInstaller_2026.728.1707.0_neutral_~_8wekyb3d8bbwe выведена из очереди и выполняется для SID пользователя S-1-5-21-239302790-3235067425-44167425-1007."
"08.09.2026 22:07:24","10002","Подробно","Microsoft-Windows-AppXDeployment-Server","Создание файла устойчивости C:\ProgramData\Microsoft\Windows\AppRepository\4b941eda-7998-4f15-a1db-00b2c5a17261_S-1-5-21-239302790-3235067425-44167425-1007_52.rslc для операции StageUserData с пакетом Microsoft.DesktopAppInstaller_2026.728.1707.0_neutral_~_8wekyb3d8bbwe."
"08.09.2026 22:07:24","649","Сведения","Microsoft-Windows-AppXDeployment-Server","Операция развертывания ""OnDemandRegisterOperation"" для пакета 1527c705-839a-4832-9118-54d4Bd6a0c89_10.0.19041.4239_neutral_neutral_cw5n1h2txyewy: PostDeploymentOperationCheck cost: 0 ms"
"08.09.2026 22:07:24","400","Сведения","Microsoft-Windows-AppXDeployment-Server","Операция развертывания OnDemandRegisterOperation с конечным томом C: для пакета 1527c705-839a-4832-9118-54d4Bd6a0c89_10.0.19041.4239_neutral_neutral_cw5n1h2txyewy из   завершена успешно."
"08.09.2026 22:07:24","643","Сведения","Microsoft-Windows-AppXDeployment-Server","OnDemandRegisterPackage RealtekSemiconductorCorp.RealtekAudioControl_1.1.137.0_x64__dt26b99r8h8gj: добавление строки PackageUser; пакет: 189; AppDataVolume: 1"
"08.09.2026 22:07:24","643","Сведения","Microsoft-Windows-AppXDeployment-Server","OnDemandRegisterPackage NVIDIACorp.NVIDIAControlPanel_8.1.969.0_x64__56jybvy8sckqj: добавление строки PackageUser; пакет: 819; AppDataVolume: 1"
"08.09.2026 22:07:24","643","Сведения","Microsoft-Windows-AppXDeployment-Server","OnDemandRegisterPackage Microsoft.ZuneVideo_10.26061.10051.0_x64__8wekyb3d8bbwe: добавление строки PackageUser; пакет: 1424; AppDataVolume: 1"
"08.09.2026 22:07:24","643","Сведения","Microsoft-Windows-AppXDeployment-Server","OnDemandRegisterPackage Microsoft.ZuneMusic_11.2606.19.0_x64__8wekyb3d8bbwe: добавление строки PackageUser; пакет: 1438; AppDataVolume: 1"
"08.09.2026 22:07:24","643","Сведения","Microsoft-Windows-AppXDeployment-Server","OnDemandRegisterPackage Microsoft.YourPhone_1.25072.81.0_x64__8wekyb3d8bbwe: добавление строки PackageUser; пакет: 1516; AppDataVolume: 1"
"08.09.2026 22:07:24","643","Сведения","Microsoft-Windows-AppXDeployment-Server","OnDemandRegisterPackage Microsoft.XboxSpeechToTextOverlay_1.21.13002.0_x64__8wekyb3d8bbwe: добавление строки PackageUser; пакет: 257; AppDataVolume: 1"
"08.09.2026 22:07:24","643","Сведения","Microsoft-Windows-AppXDeployment-Server","OnDemandRegisterPackage Microsoft.XboxIdentityProvider_12.130.16001.0_x64__8wekyb3d8bbwe: добавление строки PackageUser; пакет: 797; AppDataVolume: 1"
"08.09.2026 22:07:24","643","Сведения","Microsoft-Windows-AppXDeployment-Server","OnDemandRegisterPackage Microsoft.XboxGamingOverlay_7.326.8061.0_x64__8wekyb3d8bbwe: добавление строки PackageUser; пакет: 1499; AppDataVolume: 1"
"08.09.2026 22:07:24","643","Сведения","Microsoft-Windows-AppXDeployment-Server","OnDemandRegisterPackage Microsoft.XboxGameOverlay_1.54.4001.0_x64__8wekyb3d8bbwe: добавление строки PackageUser; пакет: 247; AppDataVolume: 1"
"08.09.2026 22:07:24","643","Сведения","Microsoft-Windows-AppXDeployment-Server","OnDemandRegisterPackage Microsoft.XboxApp_48.104.4001.0_x64__8wekyb3d8bbwe: добавление строки PackageUser; пакет: 250; AppDataVolume: 1"
"08.09.2026 22:07:24","643","Сведения","Microsoft-Windows-AppXDeployment-Server","OnDemandRegisterPackage Microsoft.Xbox.TCUI_1.24.10001.0_x64__8wekyb3d8bbwe: добавление строки PackageUser; пакет: 254; AppDataVolume: 1"
"08.09.2026 22:07:24","643","Сведения","Microsoft-Windows-AppXDeployment-Server","OnDemandRegisterPackage Microsoft.WindowsStore_22607.1401.6.0_x64__8wekyb3d8bbwe: добавление строки PackageUser; пакет: 1514; AppDataVolume: 1"
"08.09.2026 22:07:24","643","Сведения","Microsoft-Windows-AppXDeployment-Server","OnDemandRegisterPackage Microsoft.WindowsSoundRecorder_10.2103.28.0_x64__8wekyb3d8bbwe: добавление строки PackageUser; пакет: 277; AppDataVolume: 1"
"08.09.2026 22:07:24","643","Сведения","Microsoft-Windows-AppXDeployment-Server","OnDemandRegisterPackage Microsoft.WindowsMaps_11.2506.3.0_x64__8wekyb3d8bbwe: добавление строки PackageUser; пакет: 558; AppDataVolume: 1"
"08.09.2026 22:07:24","643","Сведения","Microsoft-Windows-AppXDeployment-Server","OnDemandRegisterPackage Microsoft.WindowsFeedbackHub_1.2608.17301.0_x64__8wekyb3d8bbwe: добавление строки PackageUser; пакет: 1520; AppDataVolume: 1"
"08.09.2026 22:07:24","643","Сведения","Microsoft-Windows-AppXDeployment-Server","OnDemandRegisterPackage microsoft.windowscommunicationsapps_16005.14326.22342.0_x64__8wekyb3d8bbwe: добавление строки PackageUser; пакет: 386; AppDataVolume: 1"
"08.09.2026 22:07:24","643","Сведения","Microsoft-Windows-AppXDeployment-Server","OnDemandRegisterPackage Microsoft.WindowsCamera_2026.2605.7.0_x64__8wekyb3d8bbwe: добавление строки PackageUser; пакет: 1350; AppDataVolume: 1"
"08.09.2026 22:07:24","643","Сведения","Microsoft-Windows-AppXDeployment-Server","OnDemandRegisterPackage Microsoft.WindowsCalculator_11.2606.0.0_x64__8wekyb3d8bbwe: добавление строки PackageUser; пакет: 1442; AppDataVolume: 1"
"08.09.2026 22:07:24","643","Сведения","Microsoft-Windows-AppXDeployment-Server","OnDemandRegisterPackage Microsoft.WindowsAlarms_11.2606.11.0_x64__8wekyb3d8bbwe: добавление строки PackageUser; пакет: 1453; AppDataVolume: 1"
"08.09.2026 22:07:24","643","Сведения","Microsoft-Windows-AppXDeployment-Server","OnDemandRegisterPackage Microsoft.Windows.Photos_2026.11060.2004.0_x64__8wekyb3d8bbwe: добавление строки PackageUser; пакет: 1330; AppDataVolume: 1"
"08.09.2026 22:07:24","643","Сведения","Microsoft-Windows-AppXDeployment-Server","OnDemandRegisterPackage Microsoft.Windows.DevHome_0.2100.858.0_x64__8wekyb3d8bbwe: добавление строки PackageUser; пакет: 464; AppDataVolume: 1"
"08.09.2026 22:07:24","643","Сведения","Microsoft-Windows-AppXDeployment-Server","OnDemandRegisterPackage Microsoft.WebpImageExtension_1.2.31.0_x64__8wekyb3d8bbwe: добавление строки PackageUser; пакет: 1470; AppDataVolume: 1"
"08.09.2026 22:07:24","643","Сведения","Microsoft-Windows-AppXDeployment-Server","OnDemandRegisterPackage Microsoft.WebMediaExtensions_1.2.29.0_x64__8wekyb3d8bbwe: добавление строки PackageUser; пакет: 1386; AppDataVolume: 1"
"08.09.2026 22:07:24","643","Сведения","Microsoft-Windows-AppXDeployment-Server","OnDemandRegisterPackage Microsoft.Wallet_2.4.18324.0_x64__8wekyb3d8bbwe: добавление строки PackageUser; пакет: 97; AppDataVolume: 1"
"08.09.2026 22:07:24","643","Сведения","Microsoft-Windows-AppXDeployment-Server","OnDemandRegisterPackage Microsoft.VP9VideoExtensions_1.2.20.0_x64__8wekyb3d8bbwe: добавление строки PackageUser; пакет: 1370; AppDataVolume: 1"
"08.09.2026 22:07:24","643","Сведения","Microsoft-Windows-AppXDeployment-Server","OnDemandRegisterPackage Microsoft.StorePurchaseApp_22607.1401.2.0_x64__8wekyb3d8bbwe: добавление строки PackageUser; пакет: 1512; AppDataVolume: 1"
"08.09.2026 22:07:24","643","Сведения","Microsoft-Windows-AppXDeployment-Server","OnDemandRegisterPackage Microsoft.SkypeApp_15.150.3125.0_x64__kzf8qxf38zg5c: добавление строки PackageUser; пакет: 450; AppDataVolume: 1"
"08.09.2026 22:07:24","643","Сведения","Microsoft-Windows-AppXDeployment-Server","OnDemandRegisterPackage Microsoft.ScreenSketch_10.2008.3001.0_x64__8wekyb3d8bbwe: добавление строки PackageUser; пакет: 301; AppDataVolume: 1"
"08.09.2026 22:07:24","643","Сведения","Microsoft-Windows-AppXDeployment-Server","OnDemandRegisterPackage Microsoft.OutlookForWindows_1.2025.828.402_x64__8wekyb3d8bbwe: добавление строки PackageUser; пакет: 661; AppDataVolume: 1"
"08.09.2026 22:07:24","643","Сведения","Microsoft-Windows-AppXDeployment-Server","OnDemandRegisterPackage Microsoft.OfficePushNotificationUtility_16.0.20326.20132_neutral__8wekyb3d8bbwe: добавление строки PackageUser; пакет: 1529; AppDataVolume: 1"
"08.09.2026 22:07:24","643","Сведения","Microsoft-Windows-AppXDeployment-Server","OnDemandRegisterPackage Microsoft.Office.ActionsServer_16.0.20326.20132_neutral__8wekyb3d8bbwe: добавление строки PackageUser; пакет: 1530; AppDataVolume: 1"
"08.09.2026 22:07:24","643","Сведения","Microsoft-Windows-AppXDeployment-Server","OnDemandRegisterPackage Microsoft.MSPaint_6.1907.29027.0_x64__8wekyb3d8bbwe: добавление строки PackageUser; пакет: 81; AppDataVolume: 1"
"08.09.2026 22:07:24","643","Сведения","Microsoft-Windows-AppXDeployment-Server","OnDemandRegisterPackage Microsoft.MicrosoftStickyNotes_6.1.4.0_x64__8wekyb3d8bbwe: добавление строки PackageUser; пакет: 263; AppDataVolume: 1"
"08.09.2026 22:07:24","643","Сведения","Microsoft-Windows-AppXDeployment-Server","OnDemandRegisterPackage Microsoft.MicrosoftSolitaireCollection_4.25.4020.0_x64__8wekyb3d8bbwe: добавление строки PackageUser; пакет: 1135; AppDataVolume: 1"
"08.09.2026 22:07:24","643","Сведения","Microsoft-Windows-AppXDeployment-Server","OnDemandRegisterPackage Microsoft.Microsoft3DViewer_7.2602.8012.0_x64__8wekyb3d8bbwe: добавление строки PackageUser; пакет: 1035; AppDataVolume: 1"
"08.09.2026 22:07:24","643","Сведения","Microsoft-Windows-AppXDeployment-Server","OnDemandRegisterPackage Microsoft.HEIFImageExtension_1.2.48.0_x64__8wekyb3d8bbwe: добавление строки PackageUser; пакет: 1447; AppDataVolume: 1"
"08.09.2026 22:07:24","643","Сведения","Microsoft-Windows-AppXDeployment-Server","OnDemandRegisterPackage Microsoft.Getstarted_10.2312.1.0_x64__8wekyb3d8bbwe: добавление строки PackageUser; пакет: 204; AppDataVolume: 1"
"08.09.2026 22:07:24","643","Сведения","Microsoft-Windows-AppXDeployment-Server","OnDemandRegisterPackage Microsoft.GetHelp_10.2409.41132.0_x64__8wekyb3d8bbwe: добавление строки PackageUser; пакет: 1181; AppDataVolume: 1"
"08.09.2026 22:07:24","643","Сведения","Microsoft-Windows-AppXDeployment-Server","OnDemandRegisterPackage Microsoft.DesktopAppInstaller_1.29.290.0_x64__8wekyb3d8bbwe: добавление строки PackageUser; пакет: 1486; AppDataVolume: 1"
"08.09.2026 22:07:24","643","Сведения","Microsoft-Windows-AppXDeployment-Server","OnDemandRegisterPackage Microsoft.BingWeather_4.54.63029.0_x64__8wekyb3d8bbwe: добавление строки PackageUser; пакет: 751; AppDataVolume: 1"
"08.09.2026 22:07:24","643","Сведения","Microsoft-Windows-AppXDeployment-Server","OnDemandRegisterPackage aimgr_0.20.61.0_x64__8wekyb3d8bbwe: добавление строки PackageUser; пакет: 1493; AppDataVolume: 1"
"08.09.2026 22:07:24","603","Сведения","Microsoft-Windows-AppXDeployment-Server","Начата операция развертывания ""StageUserData"" для пакета. Основной параметр: Microsoft.DesktopAppInstaller_2026.728.1707.0_neutral_~_8wekyb3d8bbwe. Необязательные параметры: ImmediatePriorityRequest,FirstLogonInstall и 0. Дополнительные сведения о диагностике проблем с развертыванием приложений см. на странице http://go.microsoft.com/fwlink/?LinkId=235160."
"08.09.2026 22:07:24","603","Сведения","Microsoft-Windows-AppXDeployment-Server","Начата операция развертывания ""StageUserData"" для пакета. Основной параметр: microsoft.windowscommunicationsapps_16005.14326.22342.0_neutral_~_8wekyb3d8bbwe. Необязательные параметры: ImmediatePriorityRequest,FirstLogonInstall и 0. Дополнительные сведения о диагностике проблем с развертыванием приложений см. на странице http://go.microsoft.com/fwlink/?LinkId=235160."
"08.09.2026 22:07:24","603","Сведения","Microsoft-Windows-AppXDeployment-Server","Начата операция развертывания ""StageUserData"" для пакета. Основной параметр: Microsoft.Windows.Photos_2026.11060.2004.0_neutral_~_8wekyb3d8bbwe. Необязательные параметры: ImmediatePriorityRequest,FirstLogonInstall и 0. Дополнительные сведения о диагностике проблем с развертыванием приложений см. на странице http://go.microsoft.com/fwlink/?LinkId=235160."
"08.09.2026 22:07:24","607","Сведения","Microsoft-Windows-AppXDeployment-Server","Операция развертывания OnDemandRegisterOperation в отношении пакета 1527c705-839a-4832-9118-54d4Bd6a0c89_10.0.19041.4239_neutral_neutral_cw5n1h2txyewy выведена из очереди и выполняется для SID пользователя S-1-5-21-239302790-3235067425-44167425-1007."
"08.09.2026 22:07:24","10002","Подробно","Microsoft-Windows-AppXDeployment-Server","Создание файла устойчивости C:\ProgramData\Microsoft\Windows\AppRepository\4b941eda-7998-4f15-a1db-00b2c5a17261_S-1-5-21-239302790-3235067425-44167425-1007_51.rslc для операции OnDemandRegisterOperation с пакетом 1527c705-839a-4832-9118-54d4Bd6a0c89_10.0.19041.4239_neutral_neutral_cw5n1h2txyewy."
"08.09.2026 22:07:24","604","Сведения","Microsoft-Windows-AppXDeployment-Server","Начата операция развертывания ""OnDemandRegisterOperation"" для пакета. Основной параметр: . Параметры зависимостей: 1527c705-839a-4832-9118-54d4Bd6a0c89_10.0.19041.4239_neutral_neutral_cw5n1h2txyewy, c5e2524a-ea46-4f67-841f-6a9465d9d515_10.0.19041.4239_neutral_neutral_cw5n1h2txyewy, E2A4F912-2574-4A75-9BB0-0D023378592B_10.0.19041.4239_neutral_neutral_cw5n1h2txyewy, F46D4000-FD22-4DB4-AC8E-4E1DDDE828FE_10.0.19041.4239_neutral_neutral_cw5n1h2txyewy, Microsoft.AccountsControl_10.0.19041.4239_neutral_neutral_cw5n1h2txyewy, Microsoft.AsyncTextService_10.0.19041.4239_neutral_neutral_8wekyb3d8bbwe, Microsoft.CredDialogHost_10.0.19041.4239_neutral_neutral_cw5n1h2txyewy, Microsoft.ECApp_10.0.19041.4597_neutral_neutral_8wekyb3d8bbwe, Microsoft.LockApp_10.0.19041.4239_neutral_neutral_cw5n1h2txyewy, Microsoft.MicrosoftEdgeDevToolsClient_10.0.19041.4239_neutral__8wekyb3d8bbwe, Microsoft.Win32WebViewHost_10.0.19041.4239_neutral_neutral_cw5n1h2txyewy, Microsoft.Windows.AppRep.ChxApp_10.0.19041.4239_neutral_neutral_cw5n1h2txyewy, Microsoft.Windows.AssignedAccessLockApp_10.0.19041.4239_neutral_neutral_cw5n1h2txyewy, Microsoft.Windows.CallingShellApp_10.0.19041.4239_neutral_neutral_cw5n1h2txyewy, Microsoft.Windows.CapturePicker_10.0.19041.4239_neutral_neutral_cw5n1h2txyewy, Microsoft.Windows.NarratorQuickStart_10.0.19041.4239_neutral_neutral_8wekyb3d8bbwe, Microsoft.Windows.ParentalControls_10.0.19041.4239_neutral_neutral_cw5n1h2txyewy, Microsoft.Windows.PeopleExperienceHost_10.0.19041.4239_neutral_neutral_cw5n1h2txyewy, Microsoft.Windows.PinningConfirmationDialog_10.0.19041.4239_neutral_neutral_cw5n1h2txyewy, Microsoft.Windows.SecHealthUI_10.0.19041.4239_neutral__cw5n1h2txyewy, Microsoft.Windows.SecureAssessmentBrowser_10.0.19041.4239_neutral_neutral_cw5n1h2txyewy, Microsoft.Windows.XGpuEjectDialog_10.0.19041.4239_neutral_neutral_cw5n1h2txyewy, Microsoft.XboxGameCallableUI_10.0.19041.4239_neutral_neutral_cw5n1h2txyewy, NcsiUwpApp_10.0.19041.4239_neutral_neutral_8wekyb3d8bbwe, Windows.CBSPreview_10.0.19041.4239_neutral_neutral_cw5n1h2txyewy, Windows.PrintDialog_6.2.1.0_neutral_neutral_cw5n1h2txyewy, aimgr_0.20.61.0_x64__8wekyb3d8bbwe, Microsoft.BingWeather_4.54.63029.0_neutral_~_8wekyb3d8bbwe, Microsoft.DesktopAppInstaller_2026.728.1707.0_neutral_~_8wekyb3d8bbwe, Microsoft.GetHelp_10.2409.41132.0_neutral_~_8wekyb3d8bbwe, Microsoft.Getstarted_2021.2312.1.0_neutral_~_8wekyb3d8bbwe, Microsoft.HEIFImageExtension_1.2.48.0_neutral_~_8wekyb3d8bbwe, Microsoft.Microsoft3DViewer_2026.2602.8012.0_neutral_~_8wekyb3d8bbwe, Microsoft.MicrosoftSolitaireCollection_4.25.4020.0_neutral_~_8wekyb3d8bbwe, Microsoft.MicrosoftStickyNotes_6.1.4.0_neutral_~_8wekyb3d8bbwe, Microsoft.MSPaint_2019.729.2301.0_neutral_~_8wekyb3d8bbwe, Microsoft.Office.ActionsServer_16.0.20326.20132_neutral__8wekyb3d8bbwe, Microsoft.OfficePushNotificationUtility_16.0.20326.20132_neutral__8wekyb3d8bbwe, Microsoft.OutlookForWindows_1.2025.828.402_x64__8wekyb3d8bbwe, Microsoft.ScreenSketch_2021.2008.3001.0_neutral_~_8wekyb3d8bbwe, Microsoft.SkypeApp_15.150.3125.0_neutral_~_kzf8qxf38zg5c, Microsoft.StorePurchaseApp_22607.1401.2.0_neutral_~_8wekyb3d8bbwe, Microsoft.VP9VideoExtensions_1.2.20.0_neutral_~_8wekyb3d8bbwe, Microsoft.Wallet_2.4.18324.0_neutral_~_8wekyb3d8bbwe, Microsoft.WebMediaExtensions_1.2.29.0_neutral_~_8wekyb3d8bbwe, Microsoft.WebpImageExtension_1.2.31.0_neutral_~_8wekyb3d8bbwe, Microsoft.Windows.DevHome_0.2101.858.0_neutral_~_8wekyb3d8bbwe, Microsoft.Windows.Photos_2026.11060.2004.0_neutral_~_8wekyb3d8bbwe, Microsoft.WindowsAlarms_2021.2606.11.0_neutral_~_8wekyb3d8bbwe, Microsoft.WindowsCalculator_2021.2606.0.0_neutral_~_8wekyb3d8bbwe, Microsoft.WindowsCamera_2022.2605.7.0_neutral_~_8wekyb3d8bbwe, microsoft.windowscommunicationsapps_16005.14326.22342.0_neutral_~_8wekyb3d8bbwe, Microsoft.WindowsFeedbackHub_2026.818.113.0_neutral_~_8wekyb3d8bbwe, Microsoft.WindowsMaps_2022.2506.3.0_neutral_~_8wekyb3d8bbwe, Microsoft.WindowsSoundRecorder_2021.2103.28.0_neutral_~_8wekyb3d8bbwe, Microsoft.WindowsStore_22607.1401.6.0_neutral_~_8wekyb3d8bbwe, Microsoft.Xbox.TCUI_1.24.10001.0_neutral_~_8wekyb3d8bbwe, Microsoft.XboxApp_48.104.4001.0_neutral_~_8wekyb3d8bbwe, Microsoft.XboxGameOverlay_1.54.4001.0_neutral_~_8wekyb3d8bbwe, Microsoft.XboxGamingOverlay_7.326.8061.0_neutral_~_8wekyb3d8bbwe, Microsoft.XboxIdentityProvider_12.130.16001.0_neutral_~_8wekyb3d8bbwe, Microsoft.XboxSpeechToTextOverlay_1.21.13002.0_neutral_~_8wekyb3d8bbwe, Microsoft.YourPhone_1.25072.81.0_neutral_~_8wekyb3d8bbwe, Microsoft.ZuneMusic_11.2606.19.0_neutral_~_8wekyb3d8bbwe, Microsoft.ZuneVideo_2019.26061.10051.0_neutral_~_8wekyb3d8bbwe, NVIDIACorp.NVIDIAControlPanel_8.1.969.0_x64__56jybvy8sckqj, RealtekSemiconductorCorp.RealtekAudioControl_1.1.137.0_neutral_~_dt26b99r8h8gj. Необязательные параметры: ImmediatePriorityRequest и 0. Дополнительные сведения о диагностике проблем с развертыванием приложений см. на странице http://go.microsoft.com/fwlink/?LinkId=235160."
"08.09.2026 22:07:24","636","Сведения","Microsoft-Windows-AppXDeployment-Server","Результат ServerSideRPCPreRegisterAllInboxPackages: 0x0."
"08.09.2026 22:07:24","633","Сведения","Microsoft-Windows-AppXDeployment-Server","PreRegisterPackage: Windows.PrintDialog_6.2.1.0_neutral_neutral_cw5n1h2txyewy; IsInstalled=true."
"08.09.2026 22:07:24","633","Сведения","Microsoft-Windows-AppXDeployment-Server","PreRegisterPackage: windows.immersivecontrolpanel_10.0.2.1000_neutral_neutral_cw5n1h2txyewy; IsInstalled=true."
"08.09.2026 22:07:24","633","Сведения","Microsoft-Windows-AppXDeployment-Server","PreRegisterPackage: Windows.CBSPreview_10.0.19041.4239_neutral_neutral_cw5n1h2txyewy; IsInstalled=true."
"08.09.2026 22:07:24","633","Сведения","Microsoft-Windows-AppXDeployment-Server","PreRegisterPackage: NcsiUwpApp_1000.19041.4239.0_neutral_neutral_8wekyb3d8bbwe; IsInstalled=true."
"08.09.2026 22:07:24","633","Сведения","Microsoft-Windows-AppXDeployment-Server","PreRegisterPackage: MicrosoftWindows.UndockedDevKit_10.0.19041.4239_neutral_neutral_cw5n1h2txyewy; IsInstalled=true."
"08.09.2026 22:07:24","633","Сведения","Microsoft-Windows-AppXDeployment-Server","PreRegisterPackage: Microsoft.XboxGameCallableUI_1000.19041.4239.0_neutral_neutral_cw5n1h2txyewy; IsInstalled=true."
"08.09.2026 22:07:24","633","Сведения","Microsoft-Windows-AppXDeployment-Server","PreRegisterPackage: Microsoft.Windows.XGpuEjectDialog_10.0.19041.4239_neutral_neutral_cw5n1h2txyewy; IsInstalled=true."
"08.09.2026 22:07:23","633","Сведения","Microsoft-Windows-AppXDeployment-Server","PreRegisterPackage: Microsoft.Windows.StartMenuExperienceHost_10.0.19041.5438_neutral_neutral_cw5n1h2txyewy; IsInstalled=true."
"08.09.2026 22:07:23","633","Сведения","Microsoft-Windows-AppXDeployment-Server","PreRegisterPackage: Microsoft.Windows.ShellExperienceHost_10.0.19041.5072_neutral_neutral_cw5n1h2txyewy; IsInstalled=true."
"08.09.2026 22:07:23","633","Сведения","Microsoft-Windows-AppXDeployment-Server","PreRegisterPackage: Microsoft.Windows.SecureAssessmentBrowser_10.0.19041.4239_neutral_neutral_cw5n1h2txyewy; IsInstalled=true."
"08.09.2026 22:07:23","633","Сведения","Microsoft-Windows-AppXDeployment-Server","PreRegisterPackage: Microsoft.Windows.SecHealthUI_10.0.19041.4239_neutral__cw5n1h2txyewy; IsInstalled=true."
"08.09.2026 22:07:23","633","Сведения","Microsoft-Windows-AppXDeployment-Server","PreRegisterPackage: Microsoft.Windows.Search_1.14.18.19041_neutral_neutral_cw5n1h2txyewy; IsInstalled=true."
"08.09.2026 22:07:23","633","Сведения","Microsoft-Windows-AppXDeployment-Server","PreRegisterPackage: Microsoft.Windows.PinningConfirmationDialog_1000.19041.4239.0_neutral__cw5n1h2txyewy; IsInstalled=true."
"08.09.2026 22:07:23","633","Сведения","Microsoft-Windows-AppXDeployment-Server","PreRegisterPackage: Microsoft.Windows.PeopleExperienceHost_10.0.19041.4239_neutral_neutral_cw5n1h2txyewy; IsInstalled=true."
"08.09.2026 22:07:23","633","Сведения","Microsoft-Windows-AppXDeployment-Server","PreRegisterPackage: Microsoft.Windows.ParentalControls_1000.19041.4239.0_neutral_neutral_cw5n1h2txyewy; IsInstalled=true."
"08.09.2026 22:07:23","633","Сведения","Microsoft-Windows-AppXDeployment-Server","PreRegisterPackage: Microsoft.Windows.OOBENetworkConnectionFlow_10.0.19041.4239_neutral__cw5n1h2txyewy; IsInstalled=true."
"08.09.2026 22:07:23","633","Сведения","Microsoft-Windows-AppXDeployment-Server","PreRegisterPackage: Microsoft.Windows.OOBENetworkCaptivePortal_10.0.19041.4239_neutral__cw5n1h2txyewy; IsInstalled=true."
"08.09.2026 22:07:23","633","Сведения","Microsoft-Windows-AppXDeployment-Server","PreRegisterPackage: Microsoft.Windows.NarratorQuickStart_10.0.19041.4239_neutral_neutral_8wekyb3d8bbwe; IsInstalled=true."
"08.09.2026 22:07:23","633","Сведения","Microsoft-Windows-AppXDeployment-Server","PreRegisterPackage: Microsoft.Windows.ContentDeliveryManager_10.0.19041.4239_neutral_neutral_cw5n1h2txyewy; IsInstalled=true."
"08.09.2026 22:07:23","633","Сведения","Microsoft-Windows-AppXDeployment-Server","PreRegisterPackage: Microsoft.Windows.CloudExperienceHost_10.0.19041.6396_neutral_neutral_cw5n1h2txyewy; IsInstalled=true."
"08.09.2026 22:07:23","633","Сведения","Microsoft-Windows-AppXDeployment-Server","PreRegisterPackage: Microsoft.Windows.CapturePicker_10.0.19041.4239_neutral__cw5n1h2txyewy; IsInstalled=true."
"08.09.2026 22:07:23","633","Сведения","Microsoft-Windows-AppXDeployment-Server","PreRegisterPackage: Microsoft.Windows.CallingShellApp_1000.19041.4239.0_neutral_neutral_cw5n1h2txyewy; IsInstalled=true."
"08.09.2026 22:07:23","633","Сведения","Microsoft-Windows-AppXDeployment-Server","PreRegisterPackage: Microsoft.Windows.AssignedAccessLockApp_1000.19041.4239.0_neutral_neutral_cw5n1h2txyewy; IsInstalled=true."
"08.09.2026 22:07:23","633","Сведения","Microsoft-Windows-AppXDeployment-Server","PreRegisterPackage: Microsoft.Windows.Apprep.ChxApp_1000.19041.4239.0_neutral_neutral_cw5n1h2txyewy; IsInstalled=true."
"08.09.2026 22:07:23","633","Сведения","Microsoft-Windows-AppXDeployment-Server","PreRegisterPackage: Microsoft.Win32WebViewHost_10.0.19041.4239_neutral_neutral_cw5n1h2txyewy; IsInstalled=true."
"08.09.2026 22:07:23","633","Сведения","Microsoft-Windows-AppXDeployment-Server","PreRegisterPackage: Microsoft.MicrosoftEdgeDevToolsClient_1000.19041.4239.0_neutral_neutral_8wekyb3d8bbwe; IsInstalled=true."
"08.09.2026 22:07:23","613","Сведения","Microsoft-Windows-AppXDeployment-Server","Сводка по эффективности операции развертывания ""Register"" для пакета Microsoft.MicrosoftEdge.Stable_152.0.4191.66_neutral__8wekyb3d8bbwe: 
Overall time: 265 ms
Enqueue cost: 15 ms
Dequeue delay: 16 ms
Bundle processing cost: 0 ms
Indexing cost: 15 ms
Resolve dependency cost: 0 ms
Check approval cost: 0 ms
Evaluation cost: 0 ms
Hardlinking evaluation cost: 0 ms
Stage required cost: 0 ms
Flushing and closing files cost: 0 ms
Machine register cost: 0 ms
Stage user data cost: 0 ms
Gap: 32 ms
Registration cost: 62 ms
Repository commit transaction cost: 78 ms
Gap: 32 ms
Data flush cost: 0 ms
Post DeStage repository commit transaction cost: 0 ms
Remaining cost: 15 ms
"
"08.09.2026 22:07:23","649","Сведения","Microsoft-Windows-AppXDeployment-Server","Операция развертывания ""Register"" для пакета Microsoft.MicrosoftEdge.Stable_152.0.4191.66_neutral__8wekyb3d8bbwe: PostDeploymentOperationCheck cost: 0 ms"
"08.09.2026 22:07:23","400","Сведения","Microsoft-Windows-AppXDeployment-Server","Операция развертывания Register с конечным томом C: для пакета Microsoft.MicrosoftEdge.Stable_152.0.4191.66_neutral__8wekyb3d8bbwe из  (AppxManifest.xml)  завершена успешно."
"08.09.2026 22:07:23","10001","Подробно","Microsoft-Windows-AppXDeployment-Server","Обслуживание пакета Microsoft.MicrosoftEdge.Stable_152.0.4191.66_neutral__8wekyb3d8bbwe завершено. При изменении состояния пакета на ""включен"" было возвращено 0x0."
"08.09.2026 22:07:23","10001","Подробно","Microsoft-Windows-AppXDeployment-Server","Обслуживание пакета Microsoft.MicrosoftEdge.Stable_152.0.4191.66_neutral__8wekyb3d8bbwe завершено. При изменении состояния пакета на ""включен"" было возвращено 0x0."
"08.09.2026 22:07:23","10001","Подробно","Microsoft-Windows-AppXDeployment-Server","Обслуживание пакета Microsoft.MicrosoftEdge.Stable_152.0.4191.66_neutral__8wekyb3d8bbwe завершено. При изменении состояния пакета на ""включен"" было возвращено 0x0."
"08.09.2026 22:07:23","10001","Подробно","Microsoft-Windows-AppXDeployment-Server","Обслуживание пакета Microsoft.MicrosoftEdge.Stable_152.0.4191.66_neutral__8wekyb3d8bbwe завершено. При изменении состояния пакета на ""включен"" было возвращено 0x0."
"08.09.2026 22:07:23","10001","Подробно","Microsoft-Windows-AppXDeployment-Server","Обслуживание пакета Microsoft.MicrosoftEdge.Stable_152.0.4191.53_neutral__8wekyb3d8bbwe завершено. При изменении состояния пакета на ""включен"" было возвращено 0x0."
"08.09.2026 22:07:23","10001","Подробно","Microsoft-Windows-AppXDeployment-Server","Обслуживание пакета Microsoft.MicrosoftEdge.Stable_152.0.4191.53_neutral__8wekyb3d8bbwe завершено. При изменении состояния пакета на ""включен"" было возвращено 0x0."
"08.09.2026 22:07:23","633","Сведения","Microsoft-Windows-AppXDeployment-Server","PreRegisterPackage: Microsoft.LockApp_10.0.19041.4239_neutral__cw5n1h2txyewy; IsInstalled=true."
"08.09.2026 22:07:22","633","Сведения","Microsoft-Windows-AppXDeployment-Server","PreRegisterPackage: Microsoft.ECApp_10.0.19041.4597_neutral__8wekyb3d8bbwe; IsInstalled=true."
"08.09.2026 22:07:22","5507","Подробно","Microsoft-Windows-AppXDeployment-Server","Microsoft.MicrosoftEdge.Stable_152.0.4191.66_neutral__8wekyb3d8bbwe : C:\Program Files\WindowsApps\Microsoft.MicrosoftEdge.Stable_152.0.4191.66_neutral__8wekyb3d8bbwe\microsoft.system.package.metadata\Resources.????????.pri : No shared merged files found"
"08.09.2026 22:07:22","5507","Подробно","Microsoft-Windows-AppXDeployment-Server","Microsoft.MicrosoftEdge.Stable_152.0.4191.66_neutral__8wekyb3d8bbwe : C:\Program Files\WindowsApps\Microsoft.MicrosoftEdge.Stable_152.0.4191.66_neutral__8wekyb3d8bbwe\microsoft.system.package.metadata\S-1-5-21-239302790-3235067425-44167425-1007-MergedResources-*.pri : No user-specific merged files found"
"08.09.2026 22:07:22","5507","Подробно","Microsoft-Windows-AppXDeployment-Server","Microsoft.MicrosoftEdge.Stable_152.0.4191.66_neutral__8wekyb3d8bbwe : C:\Program Files\WindowsApps\Microsoft.MicrosoftEdge.Stable_152.0.4191.66_neutral__8wekyb3d8bbwe\microsoft.system.package.metadata\Resources.????????.pri : No shared merged files found"
"08.09.2026 22:07:22","5507","Подробно","Microsoft-Windows-AppXDeployment-Server","Microsoft.MicrosoftEdge.Stable_152.0.4191.66_neutral__8wekyb3d8bbwe : C:\Program Files\WindowsApps\Microsoft.MicrosoftEdge.Stable_152.0.4191.66_neutral__8wekyb3d8bbwe\microsoft.system.package.metadata\S-1-5-21-239302790-3235067425-44167425-1007-MergedResources-*.pri : No user-specific merged files found"
"08.09.2026 22:07:22","633","Сведения","Microsoft-Windows-AppXDeployment-Server","PreRegisterPackage: Microsoft.CredDialogHost_10.0.19041.4239_neutral__cw5n1h2txyewy; IsInstalled=true."
"08.09.2026 22:07:22","9643","Подробно","Microsoft-Windows-AppXDeployment-Server","0x0: успешное выполнение TerminateApplications."
"08.09.2026 22:07:22","9643","Подробно","Microsoft-Windows-AppXDeployment-Server","0x0: успешное выполнение TerminateApplications."
"08.09.2026 22:07:22","633","Сведения","Microsoft-Windows-AppXDeployment-Server","PreRegisterPackage: Microsoft.BioEnrollment_10.0.19041.4239_neutral__cw5n1h2txyewy; IsInstalled=true."
"08.09.2026 22:07:22","10000","Подробно","Microsoft-Windows-AppXDeployment-Server","Будет выполнено обслуживание пакета Microsoft.MicrosoftEdge.Stable_152.0.4191.66_neutral__8wekyb3d8bbwe. При изменении состояния пакета на ""отключен"" было возвращено 0x0."
"08.09.2026 22:07:22","10000","Подробно","Microsoft-Windows-AppXDeployment-Server","Будет выполнено обслуживание пакета Microsoft.MicrosoftEdge.Stable_152.0.4191.53_neutral__8wekyb3d8bbwe. При изменении состояния пакета на ""отключен"" было возвращено 0x0."
"08.09.2026 22:07:22","9643","Подробно","Microsoft-Windows-AppXDeployment-Server","0x0: успешное выполнение TerminateApplications."
"08.09.2026 22:07:22","9643","Подробно","Microsoft-Windows-AppXDeployment-Server","0x0: успешное выполнение TerminateApplications."
"08.09.2026 22:07:22","855","Сведения","Microsoft-Windows-AppXDeployment-Server","Завершено разрешение списков действий. Списки действий DeploymentRequest:  updateList: Microsoft.MicrosoftEdge.Stable_152.0.4191.53_neutral__8wekyb3d8bbwe is updating to Microsoft.MicrosoftEdge.Stable_152.0.4191.66_neutral__8wekyb3d8bbwe."
"08.09.2026 22:07:22","854","Сведения","Microsoft-Windows-AppXDeployment-Server","Успешно добавлены следующие универсальные коды ресурсов (URI), которые нужно обработать:  C:\Program Files\WindowsApps\Microsoft.MicrosoftEdge.Stable_152.0.4191.66_neutral__8wekyb3d8bbwe\AppxManifest.xml."
"08.09.2026 22:07:22","607","Сведения","Microsoft-Windows-AppXDeployment-Server","Операция развертывания Register в отношении пакета Microsoft.MicrosoftEdge.Stable_152.0.4191.66_neutral__8wekyb3d8bbwe выведена из очереди и выполняется для SID пользователя S-1-5-21-239302790-3235067425-44167425-1007."
"08.09.2026 22:07:22","626","Подробно","Microsoft-Windows-AppXDeployment-Server","Операция развертывания Register в отношении пакета Microsoft.MicrosoftEdge.Stable_152.0.4191.66_neutral__8wekyb3d8bbwe повторно поставлена в очередь для SID пользователя S-1-5-21-239302790-3235067425-44167425-1007."
"08.09.2026 22:07:22","854","Сведения","Microsoft-Windows-AppXDeployment-Server","Успешно добавлены следующие универсальные коды ресурсов (URI), которые нужно обработать:  C:\Program Files\WindowsApps\Microsoft.MicrosoftEdge.Stable_152.0.4191.66_neutral__8wekyb3d8bbwe\AppxManifest.xml."
"08.09.2026 22:07:22","607","Сведения","Microsoft-Windows-AppXDeployment-Server","Операция развертывания Register в отношении пакета Microsoft.MicrosoftEdge.Stable_152.0.4191.66_neutral__8wekyb3d8bbwe выведена из очереди и выполняется для SID пользователя S-1-5-21-239302790-3235067425-44167425-1007."
"08.09.2026 22:07:22","10002","Подробно","Microsoft-Windows-AppXDeployment-Server","Создание файла устойчивости C:\ProgramData\Microsoft\Windows\AppRepository\4b941eda-7998-4f15-a1db-00b2c5a17261_S-1-5-21-239302790-3235067425-44167425-1007_50.rslc для операции Register с пакетом Microsoft.MicrosoftEdge.Stable_152.0.4191.66_neutral__8wekyb3d8bbwe."
"08.09.2026 22:07:22","633","Сведения","Microsoft-Windows-AppXDeployment-Server","PreRegisterPackage: Microsoft.AsyncTextService_10.0.19041.4239_neutral__8wekyb3d8bbwe; IsInstalled=true."
"08.09.2026 22:07:22","603","Сведения","Microsoft-Windows-AppXDeployment-Server","Начата операция развертывания ""RegisterByPackageFamilyName"" для пакета. Основной параметр: Microsoft.MicrosoftEdge.Stable_8wekyb3d8bbwe. Необязательные параметры: ForceApplicationShutdownOption и 0. Дополнительные сведения о диагностике проблем с развертыванием приложений см. на странице http://go.microsoft.com/fwlink/?LinkId=235160."
"08.09.2026 22:07:22","613","Сведения","Microsoft-Windows-AppXDeployment-Server","Сводка по эффективности операции развертывания ""Stage"" для пакета Microsoft.MicrosoftEdge.Stable_152.0.4191.66_neutral__8wekyb3d8bbwe: 
Overall time: 13843 ms
Enqueue cost: 187 ms
Dequeue delay: 13172 ms
Bundle processing cost: 62 ms
Indexing cost: 32 ms
Resolve dependency cost: 0 ms
Check approval cost: 0 ms
Evaluation cost: 218 ms
Hardlinking evaluation cost: 172 ms
Stage required cost: 16 ms
Flushing and closing files cost: 0 ms
Machine register cost: 16 ms
Stage user data cost: 0 ms
Registration cost: 0 ms
Repository commit transaction cost: 125 ms
Data flush cost: 0 ms
Post DeStage repository commit transaction cost: 0 ms
Remaining cost: 15 ms
"
"08.09.2026 22:07:22","633","Сведения","Microsoft-Windows-AppXDeployment-Server","PreRegisterPackage: Microsoft.AccountsControl_10.0.19041.4239_neutral__cw5n1h2txyewy; IsInstalled=true."
"08.09.2026 22:07:22","649","Сведения","Microsoft-Windows-AppXDeployment-Server","Операция развертывания ""Stage"" для пакета Microsoft.MicrosoftEdge.Stable_152.0.4191.66_neutral__8wekyb3d8bbwe: PostDeploymentOperationCheck cost: 0 ms"
"08.09.2026 22:07:22","400","Сведения","Microsoft-Windows-AppXDeployment-Server","Операция развертывания Stage с конечным томом C: для пакета Microsoft.MicrosoftEdge.Stable_152.0.4191.66_neutral__8wekyb3d8bbwe из  (identity_helper.sparse.stable.msix)  завершена успешно."
"08.09.2026 22:07:22","633","Сведения","Microsoft-Windows-AppXDeployment-Server","PreRegisterPackage: Microsoft.AAD.BrokerPlugin_1000.19041.4239.0_neutral_neutral_cw5n1h2txyewy; IsInstalled=true."
"08.09.2026 22:07:22","633","Сведения","Microsoft-Windows-AppXDeployment-Server","PreRegisterPackage: F46D4000-FD22-4DB4-AC8E-4E1DDDE828FE_10.0.19041.4239_neutral_neutral_cw5n1h2txyewy; IsInstalled=true."
"08.09.2026 22:07:22","1230","Предупреждение","Microsoft-Windows-AppXDeployment-Server","У этих жестких ссылок не было пакетов в репозитории: \Program Files\WindowsApps\Microsoft.MicrosoftEdge.Stable_149.0.4022.80_neutral__8wekyb3d8bbwe\Logo.png;\Program Files\WindowsApps\Microsoft.MicrosoftEdge.Stable_149.0.4022.80_neutral__8wekyb3d8bbwe\SmallLogo.png;."
"08.09.2026 22:07:22","633","Сведения","Microsoft-Windows-AppXDeployment-Server","PreRegisterPackage: E2A4F912-2574-4A75-9BB0-0D023378592B_10.0.19041.4239_neutral_neutral_cw5n1h2txyewy; IsInstalled=true."
"08.09.2026 22:07:22","633","Сведения","Microsoft-Windows-AppXDeployment-Server","PreRegisterPackage: c5e2524a-ea46-4f67-841f-6a9465d9d515_10.0.19041.4239_neutral_neutral_cw5n1h2txyewy; IsInstalled=true."
"08.09.2026 22:07:22","633","Сведения","Microsoft-Windows-AppXDeployment-Server","PreRegisterPackage: 1527c705-839a-4832-9118-54d4Bd6a0c89_10.0.19041.4239_neutral_neutral_cw5n1h2txyewy; IsInstalled=true."
"08.09.2026 22:07:22","819","Подробно","Microsoft-Windows-AppXDeployment-Server","Будут установлены следующие пакеты: 1527c705-839a-4832-9118-54d4Bd6a0c89_10.0.19041.4239_neutral_neutral_cw5n1h2txyewy c5e2524a-ea46-4f67-841f-6a9465d9d515_10.0.19041.4239_neutral_neutral_cw5n1h2txyewy E2A4F912-2574-4A75-9BB0-0D023378592B_10.0.19041.4239_neutral_neutral_cw5n1h2txyewy F46D4000-FD22-4DB4-AC8E-4E1DDDE828FE_10.0.19041.4239_neutral_neutral_cw5n1h2txyewy Microsoft.AAD.BrokerPlugin_10.0.19041.4239_neutral_neutral_cw5n1h2txyewy Microsoft.AccountsControl_10.0.19041.4239_neutral_neutral_cw5n1h2txyewy Microsoft.AsyncTextService_10.0.19041.4239_neutral_neutral_8wekyb3d8bbwe Microsoft.BioEnrollment_10.0.19041.4239_neutral_neutral_cw5n1h2txyewy Microsoft.CredDialogHost_10.0.19041.4239_neutral_neutral_cw5n1h2txyewy Microsoft.ECApp_10.0.19041.4597_neutral_neutral_8wekyb3d8bbwe Microsoft.LockApp_10.0.19041.4239_neutral_neutral_cw5n1h2txyewy Microsoft.MicrosoftEdgeDevToolsClient_10.0.19041.4239_neutral__8wekyb3d8bbwe Microsoft.Win32WebViewHost_10.0.19041.4239_neutral_neutral_cw5n1h2txyewy Microsoft.Windows.AppRep.ChxApp_10.0.19041.4239_neutral_neutral_cw5n1h2txyewy Microsoft.Windows.AssignedAccessLockApp_10.0.19041.4239_neutral_neutral_cw5n1h2txyewy Microsoft.Windows.CallingShellApp_10.0.19041.4239_neutral_neutral_cw5n1h2txyewy Microsoft.Windows.CapturePicker_10.0.19041.4239_neutral_neutral_cw5n1h2txyewy Microsoft.Windows.CloudExperienceHost_10.0.19041.6396_neutral_neutral_cw5n1h2txyewy Microsoft.Windows.ContentDeliveryManager_10.0.19041.4239_neutral_neutral_cw5n1h2txyewy Microsoft.Windows.NarratorQuickStart_10.0.19041.4239_neutral_neutral_8wekyb3d8bbwe Microsoft.Windows.OOBENetworkCaptivePortal_10.0.19041.4239_neutral_neutral_cw5n1h2txyewy Microsoft.Windows.OOBENetworkConnectionFlow_10.0.19041.4239_neutral_neutral_cw5n1h2txyewy Microsoft.Windows.ParentalControls_10.0.19041.4239_neutral_neutral_cw5n1h2txyewy Microsoft.Windows.PeopleExperienceHost_10.0.19041.4239_neutral_neutral_cw5n1h2txyewy Microsoft.Windows.PinningConfirmationDialog_10.0.19041.4239_neutral_neutral_cw5n1h2txyewy Microsoft.Windows.Search_10.0.19041.6157_neutral_neutral_cw5n1h2txyewy Microsoft.Windows.SecHealthUI_10.0.19041.4239_neutral__cw5n1h2txyewy Microsoft.Windows.SecureAssessmentBrowser_10.0.19041.4239_neutral_neutral_cw5n1h2txyewy Microsoft.Windows.ShellExperienceHost_10.0.19041.5072_neutral_neutral_cw5n1h2txyewy Microsoft.Windows.StartMenuExperienceHost_10.0.19041.5438_neutral_neutral_cw5n1h2txyewy Microsoft.Windows.XGpuEjectDialog_10.0.19041.4239_neutral_neutral_cw5n1h2txyewy Microsoft.XboxGameCallableUI_10.0.19041.4239_neutral_neutral_cw5n1h2txyewy MicrosoftWindows.UndockedDevKit_10.0.19041.4239_neutral_neutral_cw5n1h2txyewy NcsiUwpApp_10.0.19041.4239_neutral_neutral_8wekyb3d8bbwe Windows.CBSPreview_10.0.19041.4239_neutral_neutral_cw5n1h2txyewy windows.immersivecontrolpanel_10.0.2.1000_neutral_neutral_cw5n1h2txyewy Windows.PrintDialog_6.2.1.0_neutral_neutral_cw5n1h2txyewy . Будут удалены следующие пакеты: NULL"
"08.09.2026 22:07:22","819","Подробно","Microsoft-Windows-AppXDeployment-Server","Будут установлены следующие пакеты: 1527c705-839a-4832-9118-54d4Bd6a0c89_10.0.19041.4239_neutral_neutral_cw5n1h2txyewy c5e2524a-ea46-4f67-841f-6a9465d9d515_10.0.19041.4239_neutral_neutral_cw5n1h2txyewy E2A4F912-2574-4A75-9BB0-0D023378592B_10.0.19041.4239_neutral_neutral_cw5n1h2txyewy F46D4000-FD22-4DB4-AC8E-4E1DDDE828FE_10.0.19041.4239_neutral_neutral_cw5n1h2txyewy Microsoft.AccountsControl_10.0.19041.4239_neutral_neutral_cw5n1h2txyewy Microsoft.AsyncTextService_10.0.19041.4239_neutral_neutral_8wekyb3d8bbwe Microsoft.CredDialogHost_10.0.19041.4239_neutral_neutral_cw5n1h2txyewy Microsoft.ECApp_10.0.19041.4597_neutral_neutral_8wekyb3d8bbwe Microsoft.LockApp_10.0.19041.4239_neutral_neutral_cw5n1h2txyewy Microsoft.MicrosoftEdgeDevToolsClient_10.0.19041.4239_neutral__8wekyb3d8bbwe Microsoft.Win32WebViewHost_10.0.19041.4239_neutral_neutral_cw5n1h2txyewy Microsoft.Windows.AppRep.ChxApp_10.0.19041.4239_neutral_neutral_cw5n1h2txyewy Microsoft.Windows.AssignedAccessLockApp_10.0.19041.4239_neutral_neutral_cw5n1h2txyewy Microsoft.Windows.CallingShellApp_10.0.19041.4239_neutral_neutral_cw5n1h2txyewy Microsoft.Windows.CapturePicker_10.0.19041.4239_neutral_neutral_cw5n1h2txyewy Microsoft.Windows.NarratorQuickStart_10.0.19041.4239_neutral_neutral_8wekyb3d8bbwe Microsoft.Windows.ParentalControls_10.0.19041.4239_neutral_neutral_cw5n1h2txyewy Microsoft.Windows.PeopleExperienceHost_10.0.19041.4239_neutral_neutral_cw5n1h2txyewy Microsoft.Windows.PinningConfirmationDialog_10.0.19041.4239_neutral_neutral_cw5n1h2txyewy Microsoft.Windows.SecHealthUI_10.0.19041.4239_neutral__cw5n1h2txyewy Microsoft.Windows.SecureAssessmentBrowser_10.0.19041.4239_neutral_neutral_cw5n1h2txyewy Microsoft.Windows.XGpuEjectDialog_10.0.19041.4239_neutral_neutral_cw5n1h2txyewy Microsoft.XboxGameCallableUI_10.0.19041.4239_neutral_neutral_cw5n1h2txyewy NcsiUwpApp_10.0.19041.4239_neutral_neutral_8wekyb3d8bbwe Windows.CBSPreview_10.0.19041.4239_neutral_neutral_cw5n1h2txyewy Windows.PrintDialog_6.2.1.0_neutral_neutral_cw5n1h2txyewy aimgr_0.20.61.0_x64__8wekyb3d8bbwe Microsoft.BingWeather_4.54.63029.0_neutral_~_8wekyb3d8bbwe Microsoft.DesktopAppInstaller_2026.728.1707.0_neutral_~_8wekyb3d8bbwe Microsoft.GetHelp_10.2409.41132.0_neutral_~_8wekyb3d8bbwe Microsoft.Getstarted_2021.2312.1.0_neutral_~_8wekyb3d8bbwe Microsoft.HEIFImageExtension_1.2.48.0_neutral_~_8wekyb3d8bbwe Microsoft.Microsoft3DViewer_2026.2602.8012.0_neutral_~_8wekyb3d8bbwe Microsoft.MicrosoftSolitaireCollection_4.25.4020.0_neutral_~_8wekyb3d8bbwe Microsoft.MicrosoftStickyNotes_6.1.4.0_neutral_~_8wekyb3d8bbwe Microsoft.MSPaint_2019.729.2301.0_neutral_~_8wekyb3d8bbwe Microsoft.Office.ActionsServer_16.0.20326.20132_neutral__8wekyb3d8bbwe Microsoft.OfficePushNotificationUtility_16.0.20326.20132_neutral__8wekyb3d8bbwe Microsoft.OutlookForWindows_1.2025.828.402_x64__8wekyb3d8bbwe Microsoft.ScreenSketch_2021.2008.3001.0_neutral_~_8wekyb3d8bbwe Microsoft.SkypeApp_15.150.3125.0_neutral_~_kzf8qxf38zg5c Microsoft.StorePurchaseApp_22607.1401.2.0_neutral_~_8wekyb3d8bbwe Microsoft.VP9VideoExtensions_1.2.20.0_neutral_~_8wekyb3d8bbwe Microsoft.Wallet_2.4.18324.0_neutral_~_8wekyb3d8bbwe Microsoft.WebMediaExtensions_1.2.29.0_neutral_~_8wekyb3d8bbwe Microsoft.WebpImageExtension_1.2.31.0_neutral_~_8wekyb3d8bbwe Microsoft.Windows.DevHome_0.2101.858.0_neutral_~_8wekyb3d8bbwe Microsoft.Windows.Photos_2026.11060.2004.0_neutral_~_8wekyb3d8bbwe Microsoft.WindowsAlarms_2021.2606.11.0_neutral_~_8wekyb3d8bbwe Microsoft.WindowsCalculator_2021.2606.0.0_neutral_~_8wekyb3d8bbwe Microsoft.WindowsCamera_2022.2605.7.0_neutral_~_8wekyb3d8bbwe microsoft.windowscommunicationsapps_16005.14326.22342.0_neutral_~_8wekyb3d8bbwe Microsoft.WindowsFeedbackHub_2026.818.113.0_neutral_~_8wekyb3d8bbwe Microsoft.WindowsMaps_2022.2506.3.0_neutral_~_8wekyb3d8bbwe Microsoft.WindowsSoundRecorder_2021.2103.28.0_neutral_~_8wekyb3d8bbwe Microsoft.WindowsStore_22607.1401.6.0_neutral_~_8wekyb3d8bbwe Microsoft.Xbox.TCUI_1.24.10001.0_neutral_~_8wekyb3d8bbwe Microsoft.XboxApp_48.104.4001.0_neutral_~_8wekyb3d8bbwe Microsoft.XboxGameOverlay_1.54.4001.0_neutral_~_8wekyb3d8bbwe Microsoft.XboxGamingOverlay_7.326.8061.0_neutral_~_8wekyb3d8bbwe Microsoft.XboxIdentityProvider_12.130.16001.0_neutral_~_8wekyb3d8bbwe Microsoft.XboxSpeechToTextOverlay_1.21.13002.0_neutral_~_8wekyb3d8bbwe Microsoft.YourPhone_1.25072.81.0_neutral_~_8wekyb3d8bbwe Microsoft.ZuneMusic_11.2606.19.0_neutral_~_8wekyb3d8bbwe Microsoft.ZuneVideo_2019.26061.10051.0_neutral_~_8wekyb3d8bbwe NVIDIACorp.NVIDIAControlPanel_8.1.969.0_x64__56jybvy8sckqj RealtekSemiconductorCorp.RealtekAudioControl_1.1.137.0_neutral_~_dt26b99r8h8gj . Будут удалены следующие пакеты: NULL"
"08.09.2026 22:07:22","818","Подробно","Microsoft-Windows-AppXDeployment-Server","Определение пакетов, которые будут установлены при входе для пользователя: S-1-5-21-239302790-3235067425-44167425-1007."
"08.09.2026 22:07:22","854","Сведения","Microsoft-Windows-AppXDeployment-Server","Успешно добавлены следующие универсальные коды ресурсов (URI), которые нужно обработать:  file:///C:/Program%20Files%20(x86)/Microsoft/Edge/Application/152.0.4191.66/identity_proxy/win10/identity_helper.sparse.stable.msix."
"08.09.2026 22:07:22","822","Подробно","Microsoft-Windows-AppXDeployment-Server","Обновление реестра для пакета Microsoft.MicrosoftEdge.Stable_152.0.4191.53_neutral__8wekyb3d8bbwe завершилось со следующим результатом: 0x0."
"08.09.2026 22:07:22","821","Подробно","Microsoft-Windows-AppXDeployment-Server","Выполняемая при входе регистрация пакета Microsoft.MicrosoftEdge.Stable_152.0.4191.53_neutral__8wekyb3d8bbwe для пользователя S-1-5-21-239302790-3235067425-44167425-1007 завершилась со следующим результатом: 0x0; обновление реестра..."
"08.09.2026 22:07:22","607","Сведения","Microsoft-Windows-AppXDeployment-Server","Операция развертывания Stage в отношении пакета Microsoft.MicrosoftEdge.Stable_152.0.4191.66_neutral__8wekyb3d8bbwe выведена из очереди и выполняется для SID пользователя S-1-5-21-239302790-3235067425-44167425-1007."
"08.09.2026 22:07:22","613","Сведения","Microsoft-Windows-AppXDeployment-Server","Сводка по эффективности операции развертывания ""Register"" для пакета Microsoft.MicrosoftEdge.Stable_152.0.4191.53_neutral__8wekyb3d8bbwe: 
Overall time: 13297 ms
Gap: 16 ms
Enqueue cost: 15 ms
Dequeue delay: 13047 ms
Bundle processing cost: 0 ms
Indexing cost: 47 ms
Resolve dependency cost: 0 ms
Check approval cost: 0 ms
Evaluation cost: 0 ms
Hardlinking evaluation cost: 0 ms
Stage required cost: 16 ms
Flushing and closing files cost: 0 ms
Gap: 15 ms
Machine register cost: 0 ms
Stage user data cost: 0 ms
Registration cost: 47 ms
Gap: 16 ms
Repository commit transaction cost: 62 ms
Gap: 16 ms
Data flush cost: 0 ms
Post DeStage repository commit transaction cost: 0 ms
Remaining cost: 0 ms
"
"08.09.2026 22:07:22","649","Сведения","Microsoft-Windows-AppXDeployment-Server","Операция развертывания ""Register"" для пакета Microsoft.MicrosoftEdge.Stable_152.0.4191.53_neutral__8wekyb3d8bbwe: PostDeploymentOperationCheck cost: 0 ms"
"08.09.2026 22:07:22","400","Сведения","Microsoft-Windows-AppXDeployment-Server","Операция развертывания Register с конечным томом C: для пакета Microsoft.MicrosoftEdge.Stable_152.0.4191.53_neutral__8wekyb3d8bbwe из  (AppxManifest.xml)  завершена успешно."
"08.09.2026 22:07:22","10001","Подробно","Microsoft-Windows-AppXDeployment-Server","Обслуживание пакета Microsoft.MicrosoftEdge.Stable_152.0.4191.53_neutral__8wekyb3d8bbwe завершено. При изменении состояния пакета на ""включен"" было возвращено 0x0."
"08.09.2026 22:07:22","10001","Подробно","Microsoft-Windows-AppXDeployment-Server","Обслуживание пакета Microsoft.MicrosoftEdge.Stable_152.0.4191.53_neutral__8wekyb3d8bbwe завершено. При изменении состояния пакета на ""включен"" было возвращено 0x0."
"08.09.2026 22:07:22","10001","Подробно","Microsoft-Windows-AppXDeployment-Server","Обслуживание пакета Microsoft.MicrosoftEdge.Stable_152.0.4191.53_neutral__8wekyb3d8bbwe завершено. При изменении состояния пакета на ""включен"" было возвращено 0x0."
"08.09.2026 22:07:22","10001","Подробно","Microsoft-Windows-AppXDeployment-Server","Обслуживание пакета Microsoft.MicrosoftEdge.Stable_152.0.4191.53_neutral__8wekyb3d8bbwe завершено. При изменении состояния пакета на ""включен"" было возвращено 0x0."
"08.09.2026 22:07:22","5507","Подробно","Microsoft-Windows-AppXDeployment-Server","Microsoft.MicrosoftEdge.Stable_152.0.4191.53_neutral__8wekyb3d8bbwe : C:\Program Files\WindowsApps\Microsoft.MicrosoftEdge.Stable_152.0.4191.53_neutral__8wekyb3d8bbwe\microsoft.system.package.metadata\Resources.????????.pri : No shared merged files found"
"08.09.2026 22:07:22","5507","Подробно","Microsoft-Windows-AppXDeployment-Server","Microsoft.MicrosoftEdge.Stable_152.0.4191.53_neutral__8wekyb3d8bbwe : C:\Program Files\WindowsApps\Microsoft.MicrosoftEdge.Stable_152.0.4191.53_neutral__8wekyb3d8bbwe\microsoft.system.package.metadata\S-1-5-21-239302790-3235067425-44167425-1007-MergedResources-*.pri : No user-specific merged files found"
"08.09.2026 22:07:22","5507","Подробно","Microsoft-Windows-AppXDeployment-Server","Microsoft.MicrosoftEdge.Stable_152.0.4191.53_neutral__8wekyb3d8bbwe : C:\Program Files\WindowsApps\Microsoft.MicrosoftEdge.Stable_152.0.4191.53_neutral__8wekyb3d8bbwe\microsoft.system.package.metadata\Resources.????????.pri : No shared merged files found"
"08.09.2026 22:07:22","5507","Подробно","Microsoft-Windows-AppXDeployment-Server","Microsoft.MicrosoftEdge.Stable_152.0.4191.53_neutral__8wekyb3d8bbwe : C:\Program Files\WindowsApps\Microsoft.MicrosoftEdge.Stable_152.0.4191.53_neutral__8wekyb3d8bbwe\microsoft.system.package.metadata\S-1-5-21-239302790-3235067425-44167425-1007-MergedResources-*.pri : No user-specific merged files found"
"08.09.2026 22:07:22","626","Подробно","Microsoft-Windows-AppXDeployment-Server","Операция развертывания Stage в отношении пакета Microsoft.MicrosoftEdge.Stable_152.0.4191.66_neutral__8wekyb3d8bbwe повторно поставлена в очередь для SID пользователя S-1-5-21-239302790-3235067425-44167425-1007."
"08.09.2026 22:07:22","10000","Подробно","Microsoft-Windows-AppXDeployment-Server","Будет выполнено обслуживание пакета Microsoft.MicrosoftEdge.Stable_152.0.4191.53_neutral__8wekyb3d8bbwe. При изменении состояния пакета на ""отключен"" было возвращено 0x0."
"08.09.2026 22:07:22","573","Сведения","Microsoft-Windows-AppXDeployment-Server","Настройка состояния ""Синхронизация включена"", имя семейства пакетов Microsoft.MicrosoftEdge.Stable_8wekyb3d8bbwe, включено false."
"08.09.2026 22:07:22","855","Сведения","Microsoft-Windows-AppXDeployment-Server","Завершено разрешение списков действий. Списки действий DeploymentRequest:  addPackageList: Microsoft.MicrosoftEdge.Stable_152.0.4191.53_neutral__8wekyb3d8bbwe."
"08.09.2026 22:07:22","854","Сведения","Microsoft-Windows-AppXDeployment-Server","Успешно добавлены следующие универсальные коды ресурсов (URI), которые нужно обработать:  C:\Program Files\WindowsApps\Microsoft.MicrosoftEdge.Stable_152.0.4191.53_neutral__8wekyb3d8bbwe\AppxManifest.xml."
"08.09.2026 22:07:22","607","Сведения","Microsoft-Windows-AppXDeployment-Server","Операция развертывания Register в отношении пакета Microsoft.MicrosoftEdge.Stable_152.0.4191.53_neutral__8wekyb3d8bbwe выведена из очереди и выполняется для SID пользователя S-1-5-21-239302790-3235067425-44167425-1007."
"08.09.2026 22:07:22","854","Сведения","Microsoft-Windows-AppXDeployment-Server","Успешно добавлены следующие универсальные коды ресурсов (URI), которые нужно обработать:  file:///C:/Program%20Files%20(x86)/Microsoft/Edge/Application/152.0.4191.66/identity_proxy/win10/identity_helper.sparse.stable.msix."
"08.09.2026 22:07:21","613","Сведения","Microsoft-Windows-AppXDeployment-Server","Сводка по эффективности операции развертывания ""Register"" для пакета Microsoft.Windows.ShellExperienceHost_10.0.19041.5072_neutral_neutral_cw5n1h2txyewy: 
Overall time: 14672 ms
Enqueue cost: 78 ms
Dequeue delay: 14141 ms
Bundle processing cost: 0 ms
Indexing cost: 0 ms
Resolve dependency cost: 0 ms
Check approval cost: 16 ms
Evaluation cost: 0 ms
Hardlinking evaluation cost: 0 ms
Stage required cost: 0 ms
Flushing and closing files cost: 0 ms
Machine register cost: 0 ms
Stage user data cost: 0 ms
Gap: 15 ms
Registration cost: 203 ms
Repository commit transaction cost: 78 ms
Gap: 16 ms
Data flush cost: 0 ms
Post DeStage repository commit transaction cost: 0 ms
Remaining cost: 125 ms
"
"08.09.2026 22:07:21","607","Сведения","Microsoft-Windows-AppXDeployment-Server","Операция развертывания Stage в отношении пакета Microsoft.MicrosoftEdge.Stable_152.0.4191.66_neutral__8wekyb3d8bbwe выведена из очереди и выполняется для SID пользователя S-1-5-21-239302790-3235067425-44167425-1007."
"08.09.2026 22:07:21","626","Подробно","Microsoft-Windows-AppXDeployment-Server","Операция развертывания Stage в отношении пакета Microsoft.MicrosoftEdge.Stable_152.0.4191.66_neutral__8wekyb3d8bbwe повторно поставлена в очередь для SID пользователя S-1-5-21-239302790-3235067425-44167425-1007."
"08.09.2026 22:07:21","649","Сведения","Microsoft-Windows-AppXDeployment-Server","Операция развертывания ""Register"" для пакета Microsoft.Windows.ShellExperienceHost_10.0.19041.5072_neutral_neutral_cw5n1h2txyewy: PostDeploymentOperationCheck cost: 0 ms"
"08.09.2026 22:07:21","854","Сведения","Microsoft-Windows-AppXDeployment-Server","Успешно добавлены следующие универсальные коды ресурсов (URI), которые нужно обработать:  file:///C:/Program%20Files%20(x86)/Microsoft/Edge/Application/152.0.4191.66/identity_proxy/win10/identity_helper.sparse.stable.msix."
"08.09.2026 22:07:21","400","Сведения","Microsoft-Windows-AppXDeployment-Server","Операция развертывания Register с конечным томом C: для пакета Microsoft.Windows.ShellExperienceHost_10.0.19041.5072_neutral_neutral_cw5n1h2txyewy из  (AppxManifest.xml)  завершена успешно."
"08.09.2026 22:07:21","10001","Подробно","Microsoft-Windows-AppXDeployment-Server","Обслуживание пакета Microsoft.Windows.ShellExperienceHost_10.0.19041.5072_neutral_neutral_cw5n1h2txyewy завершено. При изменении состояния пакета на ""включен"" было возвращено 0x0."
"08.09.2026 22:07:21","10001","Подробно","Microsoft-Windows-AppXDeployment-Server","Обслуживание пакета Microsoft.Windows.ShellExperienceHost_10.0.19041.5072_neutral_neutral_cw5n1h2txyewy завершено. При изменении состояния пакета на ""включен"" было возвращено 0x0."
"08.09.2026 22:07:21","10001","Подробно","Microsoft-Windows-AppXDeployment-Server","Обслуживание пакета Microsoft.Windows.ShellExperienceHost_10.0.19041.5072_neutral_neutral_cw5n1h2txyewy завершено. При изменении состояния пакета на ""включен"" было возвращено 0x0."
"08.09.2026 22:07:21","10001","Подробно","Microsoft-Windows-AppXDeployment-Server","Обслуживание пакета Microsoft.Windows.ShellExperienceHost_10.0.19041.5072_neutral_neutral_cw5n1h2txyewy завершено. При изменении состояния пакета на ""включен"" было возвращено 0x0."
"08.09.2026 22:07:21","613","Сведения","Microsoft-Windows-AppXDeployment-Server","Сводка по эффективности операции развертывания ""Register"" для пакета Microsoft.Windows.ContentDeliveryManager_10.0.19041.4239_neutral_neutral_cw5n1h2txyewy: 
Overall time: 15265 ms
Enqueue cost: 78 ms
Dequeue delay: 14812 ms
Bundle processing cost: 16 ms
Indexing cost: 15 ms
Resolve dependency cost: 0 ms
Check approval cost: 0 ms
Evaluation cost: 0 ms
Hardlinking evaluation cost: 0 ms
Stage required cost: 0 ms
Flushing and closing files cost: 0 ms
Machine register cost: 0 ms
Stage user data cost: 0 ms
Gap: 16 ms
Registration cost: 172 ms
Repository commit transaction cost: 94 ms
Gap: 15 ms
Data flush cost: 0 ms
Post DeStage repository commit transaction cost: 0 ms
Remaining cost: 47 ms
"
"08.09.2026 22:07:21","607","Сведения","Microsoft-Windows-AppXDeployment-Server","Операция развертывания Stage в отношении пакета Microsoft.MicrosoftEdge.Stable_152.0.4191.66_neutral__8wekyb3d8bbwe выведена из очереди и выполняется для SID пользователя S-1-5-21-239302790-3235067425-44167425-1007."
"08.09.2026 22:07:21","613","Сведения","Microsoft-Windows-AppXDeployment-Server","Сводка по эффективности операции развертывания ""Register"" для пакета Microsoft.MicrosoftEdgeDevToolsClient_1000.19041.4239.0_neutral_neutral_8wekyb3d8bbwe: 
Overall time: 15735 ms
Enqueue cost: 63 ms
Dequeue delay: 15406 ms
Gap: 16 ms
Bundle processing cost: 0 ms
Indexing cost: 31 ms
Resolve dependency cost: 0 ms
Check approval cost: 0 ms
Evaluation cost: 15 ms
Hardlinking evaluation cost: 0 ms
Stage required cost: 0 ms
Flushing and closing files cost: 0 ms
Machine register cost: 0 ms
Stage user data cost: 0 ms
Gap: 16 ms
Registration cost: 94 ms
Repository commit transaction cost: 47 ms
Gap: 15 ms
Data flush cost: 0 ms
Post DeStage repository commit transaction cost: 0 ms
Remaining cost: 32 ms
"
"08.09.2026 22:07:21","649","Сведения","Microsoft-Windows-AppXDeployment-Server","Операция развертывания ""Register"" для пакета Microsoft.MicrosoftEdgeDevToolsClient_1000.19041.4239.0_neutral_neutral_8wekyb3d8bbwe: PostDeploymentOperationCheck cost: 0 ms"
"08.09.2026 22:07:21","400","Сведения","Microsoft-Windows-AppXDeployment-Server","Операция развертывания Register с конечным томом C: для пакета Microsoft.MicrosoftEdgeDevToolsClient_1000.19041.4239.0_neutral_neutral_8wekyb3d8bbwe из  (AppxManifest.xml)  завершена успешно."
"08.09.2026 22:07:21","649","Сведения","Microsoft-Windows-AppXDeployment-Server","Операция развертывания ""Register"" для пакета Microsoft.Windows.ContentDeliveryManager_10.0.19041.4239_neutral_neutral_cw5n1h2txyewy: PostDeploymentOperationCheck cost: 0 ms"
"08.09.2026 22:07:21","400","Сведения","Microsoft-Windows-AppXDeployment-Server","Операция развертывания Register с конечным томом C: для пакета Microsoft.Windows.ContentDeliveryManager_10.0.19041.4239_neutral_neutral_cw5n1h2txyewy из  (AppxManifest.xml)  завершена успешно."
"08.09.2026 22:07:21","10001","Подробно","Microsoft-Windows-AppXDeployment-Server","Обслуживание пакета Microsoft.MicrosoftEdgeDevToolsClient_1000.19041.4239.0_neutral_neutral_8wekyb3d8bbwe завершено. При изменении состояния пакета на ""включен"" было возвращено 0x0."
"08.09.2026 22:07:21","10001","Подробно","Microsoft-Windows-AppXDeployment-Server","Обслуживание пакета Microsoft.MicrosoftEdgeDevToolsClient_1000.19041.4239.0_neutral_neutral_8wekyb3d8bbwe завершено. При изменении состояния пакета на ""включен"" было возвращено 0x0."
"08.09.2026 22:07:21","10001","Подробно","Microsoft-Windows-AppXDeployment-Server","Обслуживание пакета Microsoft.MicrosoftEdgeDevToolsClient_1000.19041.4239.0_neutral_neutral_8wekyb3d8bbwe завершено. При изменении состояния пакета на ""включен"" было возвращено 0x0."
"08.09.2026 22:07:21","10001","Подробно","Microsoft-Windows-AppXDeployment-Server","Обслуживание пакета Microsoft.MicrosoftEdgeDevToolsClient_1000.19041.4239.0_neutral_neutral_8wekyb3d8bbwe завершено. При изменении состояния пакета на ""включен"" было возвращено 0x0."
"08.09.2026 22:07:21","10001","Подробно","Microsoft-Windows-AppXDeployment-Server","Обслуживание пакета Microsoft.Windows.ContentDeliveryManager_10.0.19041.4239_neutral_neutral_cw5n1h2txyewy завершено. При изменении состояния пакета на ""включен"" было возвращено 0x0."
"08.09.2026 22:07:21","10001","Подробно","Microsoft-Windows-AppXDeployment-Server","Обслуживание пакета Microsoft.Windows.ContentDeliveryManager_10.0.19041.4239_neutral_neutral_cw5n1h2txyewy завершено. При изменении состояния пакета на ""включен"" было возвращено 0x0."
"08.09.2026 22:07:21","10001","Подробно","Microsoft-Windows-AppXDeployment-Server","Обслуживание пакета Microsoft.Windows.ContentDeliveryManager_10.0.19041.4239_neutral_neutral_cw5n1h2txyewy завершено. При изменении состояния пакета на ""включен"" было возвращено 0x0."
"08.09.2026 22:07:21","10001","Подробно","Microsoft-Windows-AppXDeployment-Server","Обслуживание пакета Microsoft.Windows.ContentDeliveryManager_10.0.19041.4239_neutral_neutral_cw5n1h2txyewy завершено. При изменении состояния пакета на ""включен"" было возвращено 0x0."
"08.09.2026 22:07:21","603","Сведения","Microsoft-Windows-AppXDeployment-Server","Начата операция развертывания ""RegisterByPackageFamilyName"" для пакета. Основной параметр: Microsoft.Windows.ContentDeliveryManager_cw5n1h2txyewy. Необязательные параметры: SkipReregisterIfPackageStatusOk,ImmediatePriorityRequest и SkipDeploymentOperationRpcCallerIsAdminCheck. Дополнительные сведения о диагностике проблем с развертыванием приложений см. на странице http://go.microsoft.com/fwlink/?LinkId=235160."
"08.09.2026 22:07:21","9643","Подробно","Microsoft-Windows-AppXDeployment-Server","0x0: успешное выполнение TerminateApplications."
"08.09.2026 22:07:21","9643","Подробно","Microsoft-Windows-AppXDeployment-Server","0x0: успешное выполнение TerminateApplications."
"08.09.2026 22:07:21","10000","Подробно","Microsoft-Windows-AppXDeployment-Server","Будет выполнено обслуживание пакета Microsoft.MicrosoftEdgeDevToolsClient_1000.19041.4239.0_neutral_neutral_8wekyb3d8bbwe. При изменении состояния пакета на ""отключен"" было возвращено 0x0."
"08.09.2026 22:07:21","9643","Подробно","Microsoft-Windows-AppXDeployment-Server","0x0: успешное выполнение TerminateApplications."
"08.09.2026 22:07:21","9643","Подробно","Microsoft-Windows-AppXDeployment-Server","0x0: успешное выполнение TerminateApplications."
"08.09.2026 22:07:21","573","Сведения","Microsoft-Windows-AppXDeployment-Server","Настройка состояния ""Синхронизация включена"", имя семейства пакетов Microsoft.MicrosoftEdgeDevToolsClient_8wekyb3d8bbwe, включено false."
"08.09.2026 22:07:21","855","Сведения","Microsoft-Windows-AppXDeployment-Server","Завершено разрешение списков действий. Списки действий DeploymentRequest:  addPackageList: Microsoft.MicrosoftEdgeDevToolsClient_1000.19041.4239.0_neutral_neutral_8wekyb3d8bbwe."
"08.09.2026 22:07:21","9643","Подробно","Microsoft-Windows-AppXDeployment-Server","0x0: успешное выполнение TerminateApplications."
"08.09.2026 22:07:21","9643","Подробно","Microsoft-Windows-AppXDeployment-Server","0x0: успешное выполнение TerminateApplications."
"08.09.2026 22:07:21","10000","Подробно","Microsoft-Windows-AppXDeployment-Server","Будет выполнено обслуживание пакета Microsoft.Windows.ShellExperienceHost_10.0.19041.5072_neutral_neutral_cw5n1h2txyewy. При изменении состояния пакета на ""отключен"" было возвращено 0x0."
"08.09.2026 22:07:21","9643","Подробно","Microsoft-Windows-AppXDeployment-Server","0x0: успешное выполнение TerminateApplications."
"08.09.2026 22:07:21","9643","Подробно","Microsoft-Windows-AppXDeployment-Server","0x0: успешное выполнение TerminateApplications."
"08.09.2026 22:07:21","613","Сведения","Microsoft-Windows-AppXDeployment-Server","Сводка по эффективности операции развертывания ""Register"" для пакета Microsoft.Windows.CallingShellApp_1000.19041.4239.0_neutral_neutral_cw5n1h2txyewy: 
Overall time: 15141 ms
Enqueue cost: 62 ms
Dequeue delay: 14672 ms
Bundle processing cost: 0 ms
Indexing cost: 63 ms
Resolve dependency cost: 0 ms
Check approval cost: 0 ms
Evaluation cost: 0 ms
Hardlinking evaluation cost: 0 ms
Stage required cost: 0 ms
Flushing and closing files cost: 0 ms
Gap: 15 ms
Machine register cost: 0 ms
Stage user data cost: 0 ms
Registration cost: 125 ms
Repository commit transaction cost: 172 ms
Gap: 16 ms
Data flush cost: 0 ms
Post DeStage repository commit transaction cost: 0 ms
Remaining cost: 16 ms
"
"08.09.2026 22:07:21","573","Сведения","Microsoft-Windows-AppXDeployment-Server","Настройка состояния ""Синхронизация включена"", имя семейства пакетов Microsoft.Windows.ShellExperienceHost_cw5n1h2txyewy, включено false."
"08.09.2026 22:07:21","854","Сведения","Microsoft-Windows-AppXDeployment-Server","Успешно добавлены следующие универсальные коды ресурсов (URI), которые нужно обработать:  C:\Windows\SystemApps\Microsoft.MicrosoftEdgeDevToolsClient_8wekyb3d8bbwe\AppxManifest.xml."
"08.09.2026 22:07:21","607","Сведения","Microsoft-Windows-AppXDeployment-Server","Операция развертывания Register в отношении пакета Microsoft.MicrosoftEdgeDevToolsClient_1000.19041.4239.0_neutral_neutral_8wekyb3d8bbwe выведена из очереди и выполняется для SID пользователя S-1-5-21-239302790-3235067425-44167425-1007."
"08.09.2026 22:07:21","10002","Подробно","Microsoft-Windows-AppXDeployment-Server","Создание файла устойчивости C:\ProgramData\Microsoft\Windows\AppRepository\4b941eda-7998-4f15-a1db-00b2c5a17261_S-1-5-21-239302790-3235067425-44167425-1007_49.rslc для операции Register с пакетом Microsoft.MicrosoftEdgeDevToolsClient_1000.19041.4239.0_neutral_neutral_8wekyb3d8bbwe."
"08.09.2026 22:07:21","855","Сведения","Microsoft-Windows-AppXDeployment-Server","Завершено разрешение списков действий. Списки действий DeploymentRequest:  addPackageList: Microsoft.Windows.ShellExperienceHost_10.0.19041.5072_neutral_neutral_cw5n1h2txyewy."
"08.09.2026 22:07:21","649","Сведения","Microsoft-Windows-AppXDeployment-Server","Операция развертывания ""Register"" для пакета Microsoft.Windows.CallingShellApp_1000.19041.4239.0_neutral_neutral_cw5n1h2txyewy: PostDeploymentOperationCheck cost: 0 ms"
"08.09.2026 22:07:21","400","Сведения","Microsoft-Windows-AppXDeployment-Server","Операция развертывания Register с конечным томом C: для пакета Microsoft.Windows.CallingShellApp_1000.19041.4239.0_neutral_neutral_cw5n1h2txyewy из  (AppxManifest.xml)  завершена успешно."
"08.09.2026 22:07:21","613","Сведения","Microsoft-Windows-AppXDeployment-Server","Сводка по эффективности операции развертывания ""Register"" для пакета Windows.CBSPreview_10.0.19041.4239_neutral_neutral_cw5n1h2txyewy: 
Overall time: 13719 ms
Enqueue cost: 78 ms
Dequeue delay: 13407 ms
Bundle processing cost: 0 ms
Indexing cost: 15 ms
Resolve dependency cost: 0 ms
Check approval cost: 0 ms
Evaluation cost: 0 ms
Hardlinking evaluation cost: 0 ms
Stage required cost: 0 ms
Flushing and closing files cost: 0 ms
Gap: 16 ms
Machine register cost: 0 ms
Stage user data cost: 0 ms
Registration cost: 78 ms
Repository commit transaction cost: 94 ms
Data flush cost: 0 ms
Post DeStage repository commit transaction cost: 0 ms
Remaining cost: 31 ms
"
"08.09.2026 22:07:21","854","Сведения","Microsoft-Windows-AppXDeployment-Server","Успешно добавлены следующие универсальные коды ресурсов (URI), которые нужно обработать:  C:\Windows\SystemApps\ShellExperienceHost_cw5n1h2txyewy\AppxManifest.xml."
"08.09.2026 22:07:21","607","Сведения","Microsoft-Windows-AppXDeployment-Server","Операция развертывания Register в отношении пакета Microsoft.Windows.ShellExperienceHost_10.0.19041.5072_neutral_neutral_cw5n1h2txyewy выведена из очереди и выполняется для SID пользователя S-1-5-21-239302790-3235067425-44167425-1007."
"08.09.2026 22:07:21","10002","Подробно","Microsoft-Windows-AppXDeployment-Server","Создание файла устойчивости C:\ProgramData\Microsoft\Windows\AppRepository\4b941eda-7998-4f15-a1db-00b2c5a17261_S-1-5-21-239302790-3235067425-44167425-1007_48.rslc для операции Register с пакетом Microsoft.Windows.ShellExperienceHost_10.0.19041.5072_neutral_neutral_cw5n1h2txyewy."
"08.09.2026 22:07:21","613","Сведения","Microsoft-Windows-AppXDeployment-Server","Сводка по эффективности операции развертывания ""Register"" для пакета F46D4000-FD22-4DB4-AC8E-4E1DDDE828FE_10.0.19041.4239_neutral_neutral_cw5n1h2txyewy: 
Overall time: 16031 ms
Enqueue cost: 63 ms
Dequeue delay: 15375 ms
Bundle processing cost: 15 ms
Indexing cost: 63 ms
Resolve dependency cost: 0 ms
Check approval cost: 0 ms
Evaluation cost: 0 ms
Hardlinking evaluation cost: 0 ms
Stage required cost: 0 ms
Flushing and closing files cost: 0 ms
Gap: 62 ms
Machine register cost: 0 ms
Stage user data cost: 0 ms
Registration cost: 188 ms
Repository commit transaction cost: 234 ms
Gap: 16 ms
Data flush cost: 0 ms
Post DeStage repository commit transaction cost: 0 ms
Remaining cost: 15 ms
"
"08.09.2026 22:07:21","10001","Подробно","Microsoft-Windows-AppXDeployment-Server","Обслуживание пакета Microsoft.Windows.CallingShellApp_1000.19041.4239.0_neutral_neutral_cw5n1h2txyewy завершено. При изменении состояния пакета на ""включен"" было возвращено 0x0."
"08.09.2026 22:07:21","10001","Подробно","Microsoft-Windows-AppXDeployment-Server","Обслуживание пакета Microsoft.Windows.CallingShellApp_1000.19041.4239.0_neutral_neutral_cw5n1h2txyewy завершено. При изменении состояния пакета на ""включен"" было возвращено 0x0."
"08.09.2026 22:07:21","10001","Подробно","Microsoft-Windows-AppXDeployment-Server","Обслуживание пакета Microsoft.Windows.CallingShellApp_1000.19041.4239.0_neutral_neutral_cw5n1h2txyewy завершено. При изменении состояния пакета на ""включен"" было возвращено 0x0."
"08.09.2026 22:07:21","10001","Подробно","Microsoft-Windows-AppXDeployment-Server","Обслуживание пакета Microsoft.Windows.CallingShellApp_1000.19041.4239.0_neutral_neutral_cw5n1h2txyewy завершено. При изменении состояния пакета на ""включен"" было возвращено 0x0."
"08.09.2026 22:07:21","649","Сведения","Microsoft-Windows-AppXDeployment-Server","Операция развертывания ""Register"" для пакета Windows.CBSPreview_10.0.19041.4239_neutral_neutral_cw5n1h2txyewy: PostDeploymentOperationCheck cost: 0 ms"
"08.09.2026 22:07:21","400","Сведения","Microsoft-Windows-AppXDeployment-Server","Операция развертывания Register с конечным томом C: для пакета Windows.CBSPreview_10.0.19041.4239_neutral_neutral_cw5n1h2txyewy из  (AppxManifest.xml)  завершена успешно."
"08.09.2026 22:07:21","649","Сведения","Microsoft-Windows-AppXDeployment-Server","Операция развертывания ""Register"" для пакета F46D4000-FD22-4DB4-AC8E-4E1DDDE828FE_10.0.19041.4239_neutral_neutral_cw5n1h2txyewy: PostDeploymentOperationCheck cost: 0 ms"
"08.09.2026 22:07:21","400","Сведения","Microsoft-Windows-AppXDeployment-Server","Операция развертывания Register с конечным томом C: для пакета F46D4000-FD22-4DB4-AC8E-4E1DDDE828FE_10.0.19041.4239_neutral_neutral_cw5n1h2txyewy из  (AppxManifest.xml)  завершена успешно."
"08.09.2026 22:07:21","10001","Подробно","Microsoft-Windows-AppXDeployment-Server","Обслуживание пакета Windows.CBSPreview_10.0.19041.4239_neutral_neutral_cw5n1h2txyewy завершено. При изменении состояния пакета на ""включен"" было возвращено 0x0."
"08.09.2026 22:07:21","10001","Подробно","Microsoft-Windows-AppXDeployment-Server","Обслуживание пакета Windows.CBSPreview_10.0.19041.4239_neutral_neutral_cw5n1h2txyewy завершено. При изменении состояния пакета на ""включен"" было возвращено 0x0."
"08.09.2026 22:07:21","10001","Подробно","Microsoft-Windows-AppXDeployment-Server","Обслуживание пакета Windows.CBSPreview_10.0.19041.4239_neutral_neutral_cw5n1h2txyewy завершено. При изменении состояния пакета на ""включен"" было возвращено 0x0."
"08.09.2026 22:07:21","10001","Подробно","Microsoft-Windows-AppXDeployment-Server","Обслуживание пакета Windows.CBSPreview_10.0.19041.4239_neutral_neutral_cw5n1h2txyewy завершено. При изменении состояния пакета на ""включен"" было возвращено 0x0."
"08.09.2026 22:07:21","10001","Подробно","Microsoft-Windows-AppXDeployment-Server","Обслуживание пакета F46D4000-FD22-4DB4-AC8E-4E1DDDE828FE_10.0.19041.4239_neutral_neutral_cw5n1h2txyewy завершено. При изменении состояния пакета на ""включен"" было возвращено 0x0."
"08.09.2026 22:07:21","10001","Подробно","Microsoft-Windows-AppXDeployment-Server","Обслуживание пакета F46D4000-FD22-4DB4-AC8E-4E1DDDE828FE_10.0.19041.4239_neutral_neutral_cw5n1h2txyewy завершено. При изменении состояния пакета на ""включен"" было возвращено 0x0."
"08.09.2026 22:07:21","10001","Подробно","Microsoft-Windows-AppXDeployment-Server","Обслуживание пакета F46D4000-FD22-4DB4-AC8E-4E1DDDE828FE_10.0.19041.4239_neutral_neutral_cw5n1h2txyewy завершено. При изменении состояния пакета на ""включен"" было возвращено 0x0."
"08.09.2026 22:07:21","10001","Подробно","Microsoft-Windows-AppXDeployment-Server","Обслуживание пакета F46D4000-FD22-4DB4-AC8E-4E1DDDE828FE_10.0.19041.4239_neutral_neutral_cw5n1h2txyewy завершено. При изменении состояния пакета на ""включен"" было возвращено 0x0."
"08.09.2026 22:07:21","9643","Подробно","Microsoft-Windows-AppXDeployment-Server","0x0: успешное выполнение TerminateApplications."
"08.09.2026 22:07:21","9643","Подробно","Microsoft-Windows-AppXDeployment-Server","0x0: успешное выполнение TerminateApplications."
"08.09.2026 22:07:21","10000","Подробно","Microsoft-Windows-AppXDeployment-Server","Будет выполнено обслуживание пакета Microsoft.Windows.ContentDeliveryManager_10.0.19041.4239_neutral_neutral_cw5n1h2txyewy. При изменении состояния пакета на ""отключен"" было возвращено 0x0."
"08.09.2026 22:07:21","9643","Подробно","Microsoft-Windows-AppXDeployment-Server","0x0: успешное выполнение TerminateApplications."
"08.09.2026 22:07:21","9643","Подробно","Microsoft-Windows-AppXDeployment-Server","0x0: успешное выполнение TerminateApplications."
"08.09.2026 22:07:21","573","Сведения","Microsoft-Windows-AppXDeployment-Server","Настройка состояния ""Синхронизация включена"", имя семейства пакетов Microsoft.Windows.ContentDeliveryManager_cw5n1h2txyewy, включено false."
"08.09.2026 22:07:21","855","Сведения","Microsoft-Windows-AppXDeployment-Server","Завершено разрешение списков действий. Списки действий DeploymentRequest:  addPackageList: Microsoft.Windows.ContentDeliveryManager_10.0.19041.4239_neutral_neutral_cw5n1h2txyewy."
"08.09.2026 22:07:21","854","Сведения","Microsoft-Windows-AppXDeployment-Server","Успешно добавлены следующие универсальные коды ресурсов (URI), которые нужно обработать:  C:\Windows\SystemApps\Microsoft.Windows.ContentDeliveryManager_cw5n1h2txyewy\AppxManifest.xml."
"08.09.2026 22:07:21","607","Сведения","Microsoft-Windows-AppXDeployment-Server","Операция развертывания Register в отношении пакета Microsoft.Windows.ContentDeliveryManager_10.0.19041.4239_neutral_neutral_cw5n1h2txyewy выведена из очереди и выполняется для SID пользователя S-1-5-21-239302790-3235067425-44167425-1007."
"08.09.2026 22:07:21","10002","Подробно","Microsoft-Windows-AppXDeployment-Server","Создание файла устойчивости C:\ProgramData\Microsoft\Windows\AppRepository\4b941eda-7998-4f15-a1db-00b2c5a17261_S-1-5-21-239302790-3235067425-44167425-1007_47.rslc для операции Register с пакетом Microsoft.Windows.ContentDeliveryManager_10.0.19041.4239_neutral_neutral_cw5n1h2txyewy."
"08.09.2026 22:07:21","613","Сведения","Microsoft-Windows-AppXDeployment-Server","Сводка по эффективности операции развертывания ""Register"" для пакета Microsoft.Windows.Search_1.14.18.19041_neutral_neutral_cw5n1h2txyewy: 
Overall time: 14375 ms
Enqueue cost: 78 ms
Dequeue delay: 2907 ms
Bundle processing cost: 0 ms
Indexing cost: 10468 ms
Resolve dependency cost: 0 ms
Check approval cost: 0 ms
Evaluation cost: 0 ms
Hardlinking evaluation cost: 0 ms
Stage required cost: 0 ms
Flushing and closing files cost: 0 ms
Gap: 47 ms
Machine register cost: 0 ms
Stage user data cost: 0 ms
Registration cost: 375 ms
Repository commit transaction cost: 453 ms
Gap: 16 ms
Data flush cost: 0 ms
Post DeStage repository commit transaction cost: 0 ms
Remaining cost: 31 ms
"
"08.09.2026 22:07:21","649","Сведения","Microsoft-Windows-AppXDeployment-Server","Операция развертывания ""Register"" для пакета Microsoft.Windows.Search_1.14.18.19041_neutral_neutral_cw5n1h2txyewy: PostDeploymentOperationCheck cost: 0 ms"
"08.09.2026 22:07:21","400","Сведения","Microsoft-Windows-AppXDeployment-Server","Операция развертывания Register с конечным томом C: для пакета Microsoft.Windows.Search_1.14.18.19041_neutral_neutral_cw5n1h2txyewy из  (AppxManifest.xml)  завершена успешно."
"08.09.2026 22:07:21","10001","Подробно","Microsoft-Windows-AppXDeployment-Server","Обслуживание пакета Microsoft.Windows.Search_1.14.18.19041_neutral_neutral_cw5n1h2txyewy завершено. При изменении состояния пакета на ""включен"" было возвращено 0x0."
"08.09.2026 22:07:21","10001","Подробно","Microsoft-Windows-AppXDeployment-Server","Обслуживание пакета Microsoft.Windows.Search_1.14.18.19041_neutral_neutral_cw5n1h2txyewy завершено. При изменении состояния пакета на ""включен"" было возвращено 0x0."
"08.09.2026 22:07:21","10001","Подробно","Microsoft-Windows-AppXDeployment-Server","Обслуживание пакета Microsoft.Windows.Search_1.14.18.19041_neutral_neutral_cw5n1h2txyewy завершено. При изменении состояния пакета на ""включен"" было возвращено 0x0."
"08.09.2026 22:07:21","10001","Подробно","Microsoft-Windows-AppXDeployment-Server","Обслуживание пакета Microsoft.Windows.Search_1.14.18.19041_neutral_neutral_cw5n1h2txyewy завершено. При изменении состояния пакета на ""включен"" было возвращено 0x0."
"08.09.2026 22:07:21","9643","Подробно","Microsoft-Windows-AppXDeployment-Server","0x0: успешное выполнение TerminateApplications."
"08.09.2026 22:07:21","9643","Подробно","Microsoft-Windows-AppXDeployment-Server","0x0: успешное выполнение TerminateApplications."
"08.09.2026 22:07:21","10000","Подробно","Microsoft-Windows-AppXDeployment-Server","Будет выполнено обслуживание пакета Windows.CBSPreview_10.0.19041.4239_neutral_neutral_cw5n1h2txyewy. При изменении состояния пакета на ""отключен"" было возвращено 0x0."
"08.09.2026 22:07:21","9643","Подробно","Microsoft-Windows-AppXDeployment-Server","0x0: успешное выполнение TerminateApplications."
"08.09.2026 22:07:21","9643","Подробно","Microsoft-Windows-AppXDeployment-Server","0x0: успешное выполнение TerminateApplications."
"08.09.2026 22:07:21","573","Сведения","Microsoft-Windows-AppXDeployment-Server","Настройка состояния ""Синхронизация включена"", имя семейства пакетов Windows.CBSPreview_cw5n1h2txyewy, включено false."
"08.09.2026 22:07:21","855","Сведения","Microsoft-Windows-AppXDeployment-Server","Завершено разрешение списков действий. Списки действий DeploymentRequest:  addPackageList: Windows.CBSPreview_10.0.19041.4239_neutral_neutral_cw5n1h2txyewy."
"08.09.2026 22:07:21","854","Сведения","Microsoft-Windows-AppXDeployment-Server","Успешно добавлены следующие универсальные коды ресурсов (URI), которые нужно обработать:  C:\Windows\SystemApps\Windows.CBSPreview_cw5n1h2txyewy\AppxManifest.xml."
"08.09.2026 22:07:21","607","Сведения","Microsoft-Windows-AppXDeployment-Server","Операция развертывания Register в отношении пакета Windows.CBSPreview_10.0.19041.4239_neutral_neutral_cw5n1h2txyewy выведена из очереди и выполняется для SID пользователя S-1-5-21-239302790-3235067425-44167425-1007."
"08.09.2026 22:07:21","10002","Подробно","Microsoft-Windows-AppXDeployment-Server","Создание файла устойчивости C:\ProgramData\Microsoft\Windows\AppRepository\4b941eda-7998-4f15-a1db-00b2c5a17261_S-1-5-21-239302790-3235067425-44167425-1007_46.rslc для операции Register с пакетом Windows.CBSPreview_10.0.19041.4239_neutral_neutral_cw5n1h2txyewy."
"08.09.2026 22:07:21","613","Сведения","Microsoft-Windows-AppXDeployment-Server","Сводка по эффективности операции развертывания ""Register"" для пакета Microsoft.Windows.OOBENetworkConnectionFlow_10.0.19041.4239_neutral__cw5n1h2txyewy: 
Overall time: 14516 ms
Enqueue cost: 63 ms
Dequeue delay: 14172 ms
Bundle processing cost: 0 ms
Indexing cost: 15 ms
Resolve dependency cost: 0 ms
Check approval cost: 0 ms
Evaluation cost: 0 ms
Hardlinking evaluation cost: 0 ms
Stage required cost: 0 ms
Flushing and closing files cost: 0 ms
Machine register cost: 0 ms
Stage user data cost: 0 ms
Gap: 16 ms
Registration cost: 109 ms
Repository commit transaction cost: 94 ms
Gap: 16 ms
Data flush cost: 0 ms
Post DeStage repository commit transaction cost: 0 ms
Remaining cost: 31 ms
"
"08.09.2026 22:07:21","649","Сведения","Microsoft-Windows-AppXDeployment-Server","Операция развертывания ""Register"" для пакета Microsoft.Windows.OOBENetworkConnectionFlow_10.0.19041.4239_neutral__cw5n1h2txyewy: PostDeploymentOperationCheck cost: 0 ms"
"08.09.2026 22:07:21","400","Сведения","Microsoft-Windows-AppXDeployment-Server","Операция развертывания Register с конечным томом C: для пакета Microsoft.Windows.OOBENetworkConnectionFlow_10.0.19041.4239_neutral__cw5n1h2txyewy из  (AppxManifest.xml)  завершена успешно."
"08.09.2026 22:07:21","10001","Подробно","Microsoft-Windows-AppXDeployment-Server","Обслуживание пакета Microsoft.Windows.OOBENetworkConnectionFlow_10.0.19041.4239_neutral__cw5n1h2txyewy завершено. При изменении состояния пакета на ""включен"" было возвращено 0x0."
"08.09.2026 22:07:21","10001","Подробно","Microsoft-Windows-AppXDeployment-Server","Обслуживание пакета Microsoft.Windows.OOBENetworkConnectionFlow_10.0.19041.4239_neutral__cw5n1h2txyewy завершено. При изменении состояния пакета на ""включен"" было возвращено 0x0."
"08.09.2026 22:07:21","10001","Подробно","Microsoft-Windows-AppXDeployment-Server","Обслуживание пакета Microsoft.Windows.OOBENetworkConnectionFlow_10.0.19041.4239_neutral__cw5n1h2txyewy завершено. При изменении состояния пакета на ""включен"" было возвращено 0x0."
"08.09.2026 22:07:21","10001","Подробно","Microsoft-Windows-AppXDeployment-Server","Обслуживание пакета Microsoft.Windows.OOBENetworkConnectionFlow_10.0.19041.4239_neutral__cw5n1h2txyewy завершено. При изменении состояния пакета на ""включен"" было возвращено 0x0."
"08.09.2026 22:07:21","9643","Подробно","Microsoft-Windows-AppXDeployment-Server","0x0: успешное выполнение TerminateApplications."
"08.09.2026 22:07:21","9643","Подробно","Microsoft-Windows-AppXDeployment-Server","0x0: успешное выполнение TerminateApplications."
"08.09.2026 22:07:21","10000","Подробно","Microsoft-Windows-AppXDeployment-Server","Будет выполнено обслуживание пакета Microsoft.Windows.CallingShellApp_1000.19041.4239.0_neutral_neutral_cw5n1h2txyewy. При изменении состояния пакета на ""отключен"" было возвращено 0x0."
"08.09.2026 22:07:21","9643","Подробно","Microsoft-Windows-AppXDeployment-Server","0x0: успешное выполнение TerminateApplications."
"08.09.2026 22:07:21","9643","Подробно","Microsoft-Windows-AppXDeployment-Server","0x0: успешное выполнение TerminateApplications."
"08.09.2026 22:07:21","573","Сведения","Microsoft-Windows-AppXDeployment-Server","Настройка состояния ""Синхронизация включена"", имя семейства пакетов Microsoft.Windows.CallingShellApp_cw5n1h2txyewy, включено false."
"08.09.2026 22:07:21","855","Сведения","Microsoft-Windows-AppXDeployment-Server","Завершено разрешение списков действий. Списки действий DeploymentRequest:  addPackageList: Microsoft.Windows.CallingShellApp_1000.19041.4239.0_neutral_neutral_cw5n1h2txyewy."
"08.09.2026 22:07:21","854","Сведения","Microsoft-Windows-AppXDeployment-Server","Успешно добавлены следующие универсальные коды ресурсов (URI), которые нужно обработать:  C:\Windows\SystemApps\Microsoft.Windows.CallingShellApp_cw5n1h2txyewy\AppxManifest.xml."
"08.09.2026 22:07:21","607","Сведения","Microsoft-Windows-AppXDeployment-Server","Операция развертывания Register в отношении пакета Microsoft.Windows.CallingShellApp_1000.19041.4239.0_neutral_neutral_cw5n1h2txyewy выведена из очереди и выполняется для SID пользователя S-1-5-21-239302790-3235067425-44167425-1007."
"08.09.2026 22:07:21","10002","Подробно","Microsoft-Windows-AppXDeployment-Server","Создание файла устойчивости C:\ProgramData\Microsoft\Windows\AppRepository\4b941eda-7998-4f15-a1db-00b2c5a17261_S-1-5-21-239302790-3235067425-44167425-1007_45.rslc для операции Register с пакетом Microsoft.Windows.CallingShellApp_1000.19041.4239.0_neutral_neutral_cw5n1h2txyewy."
"08.09.2026 22:07:21","613","Сведения","Microsoft-Windows-AppXDeployment-Server","Сводка по эффективности операции развертывания ""Register"" для пакета Microsoft.Windows.ParentalControls_1000.19041.4239.0_neutral_neutral_cw5n1h2txyewy: 
Overall time: 14312 ms
Gap: 31 ms
Enqueue cost: 47 ms
Dequeue delay: 13937 ms
Bundle processing cost: 0 ms
Indexing cost: 32 ms
Resolve dependency cost: 0 ms
Check approval cost: 0 ms
Evaluation cost: 0 ms
Hardlinking evaluation cost: 0 ms
Stage required cost: 0 ms
Flushing and closing files cost: 0 ms
Gap: 15 ms
Machine register cost: 0 ms
Stage user data cost: 0 ms
Registration cost: 141 ms
Repository commit transaction cost: 78 ms
Gap: 16 ms
Data flush cost: 0 ms
Post DeStage repository commit transaction cost: 0 ms
Remaining cost: 15 ms
"
"08.09.2026 22:07:21","649","Сведения","Microsoft-Windows-AppXDeployment-Server","Операция развертывания ""Register"" для пакета Microsoft.Windows.ParentalControls_1000.19041.4239.0_neutral_neutral_cw5n1h2txyewy: PostDeploymentOperationCheck cost: 0 ms"
"08.09.2026 22:07:21","400","Сведения","Microsoft-Windows-AppXDeployment-Server","Операция развертывания Register с конечным томом C: для пакета Microsoft.Windows.ParentalControls_1000.19041.4239.0_neutral_neutral_cw5n1h2txyewy из  (AppxManifest.xml)  завершена успешно."
"08.09.2026 22:07:21","10001","Подробно","Microsoft-Windows-AppXDeployment-Server","Обслуживание пакета Microsoft.Windows.ParentalControls_1000.19041.4239.0_neutral_neutral_cw5n1h2txyewy завершено. При изменении состояния пакета на ""включен"" было возвращено 0x0."
"08.09.2026 22:07:21","10001","Подробно","Microsoft-Windows-AppXDeployment-Server","Обслуживание пакета Microsoft.Windows.ParentalControls_1000.19041.4239.0_neutral_neutral_cw5n1h2txyewy завершено. При изменении состояния пакета на ""включен"" было возвращено 0x0."
"08.09.2026 22:07:21","10001","Подробно","Microsoft-Windows-AppXDeployment-Server","Обслуживание пакета Microsoft.Windows.ParentalControls_1000.19041.4239.0_neutral_neutral_cw5n1h2txyewy завершено. При изменении состояния пакета на ""включен"" было возвращено 0x0."
"08.09.2026 22:07:21","10001","Подробно","Microsoft-Windows-AppXDeployment-Server","Обслуживание пакета Microsoft.Windows.ParentalControls_1000.19041.4239.0_neutral_neutral_cw5n1h2txyewy завершено. При изменении состояния пакета на ""включен"" было возвращено 0x0."
"08.09.2026 22:07:21","9643","Подробно","Microsoft-Windows-AppXDeployment-Server","0x0: успешное выполнение TerminateApplications."
"08.09.2026 22:07:21","9643","Подробно","Microsoft-Windows-AppXDeployment-Server","0x0: успешное выполнение TerminateApplications."
"08.09.2026 22:07:21","10000","Подробно","Microsoft-Windows-AppXDeployment-Server","Будет выполнено обслуживание пакета F46D4000-FD22-4DB4-AC8E-4E1DDDE828FE_10.0.19041.4239_neutral_neutral_cw5n1h2txyewy. При изменении состояния пакета на ""отключен"" было возвращено 0x0."
"08.09.2026 22:07:21","9643","Подробно","Microsoft-Windows-AppXDeployment-Server","0x0: успешное выполнение TerminateApplications."
"08.09.2026 22:07:21","9643","Подробно","Microsoft-Windows-AppXDeployment-Server","0x0: успешное выполнение TerminateApplications."
"08.09.2026 22:07:21","573","Сведения","Microsoft-Windows-AppXDeployment-Server","Настройка состояния ""Синхронизация включена"", имя семейства пакетов F46D4000-FD22-4DB4-AC8E-4E1DDDE828FE_cw5n1h2txyewy, включено false."
"08.09.2026 22:07:21","9643","Подробно","Microsoft-Windows-AppXDeployment-Server","0x0: успешное выполнение TerminateApplications."
"08.09.2026 22:07:21","9643","Подробно","Microsoft-Windows-AppXDeployment-Server","0x0: успешное выполнение TerminateApplications."
"08.09.2026 22:07:21","10000","Подробно","Microsoft-Windows-AppXDeployment-Server","Будет выполнено обслуживание пакета Microsoft.Windows.OOBENetworkConnectionFlow_10.0.19041.4239_neutral__cw5n1h2txyewy. При изменении состояния пакета на ""отключен"" было возвращено 0x0."
"08.09.2026 22:07:21","9643","Подробно","Microsoft-Windows-AppXDeployment-Server","0x0: успешное выполнение TerminateApplications."
"08.09.2026 22:07:21","9643","Подробно","Microsoft-Windows-AppXDeployment-Server","0x0: успешное выполнение TerminateApplications."
"08.09.2026 22:07:21","855","Сведения","Microsoft-Windows-AppXDeployment-Server","Завершено разрешение списков действий. Списки действий DeploymentRequest:  addPackageList: Microsoft.Windows.OOBENetworkConnectionFlow_10.0.19041.4239_neutral__cw5n1h2txyewy."
"08.09.2026 22:07:21","854","Сведения","Microsoft-Windows-AppXDeployment-Server","Успешно добавлены следующие универсальные коды ресурсов (URI), которые нужно обработать:  C:\Windows\SystemApps\Microsoft.Windows.OOBENetworkConnectionFlow_cw5n1h2txyewy\AppxManifest.xml."
"08.09.2026 22:07:21","607","Сведения","Microsoft-Windows-AppXDeployment-Server","Операция развертывания Register в отношении пакета Microsoft.Windows.OOBENetworkConnectionFlow_10.0.19041.4239_neutral__cw5n1h2txyewy выведена из очереди и выполняется для SID пользователя S-1-5-21-239302790-3235067425-44167425-1007."
"08.09.2026 22:07:21","10002","Подробно","Microsoft-Windows-AppXDeployment-Server","Создание файла устойчивости C:\ProgramData\Microsoft\Windows\AppRepository\4b941eda-7998-4f15-a1db-00b2c5a17261_S-1-5-21-239302790-3235067425-44167425-1007_44.rslc для операции Register с пакетом Microsoft.Windows.OOBENetworkConnectionFlow_10.0.19041.4239_neutral__cw5n1h2txyewy."
"08.09.2026 22:07:21","855","Сведения","Microsoft-Windows-AppXDeployment-Server","Завершено разрешение списков действий. Списки действий DeploymentRequest:  addPackageList: F46D4000-FD22-4DB4-AC8E-4E1DDDE828FE_10.0.19041.4239_neutral_neutral_cw5n1h2txyewy."
"08.09.2026 22:07:20","613","Сведения","Microsoft-Windows-AppXDeployment-Server","Сводка по эффективности операции развертывания ""Register"" для пакета Microsoft.Windows.PeopleExperienceHost_10.0.19041.4239_neutral_neutral_cw5n1h2txyewy: 
Overall time: 14031 ms
Enqueue cost: 78 ms
Dequeue delay: 13672 ms
Bundle processing cost: 0 ms
Indexing cost: 0 ms
Resolve dependency cost: 16 ms
Check approval cost: 0 ms
Evaluation cost: 0 ms
Hardlinking evaluation cost: 0 ms
Stage required cost: 0 ms
Flushing and closing files cost: 0 ms
Machine register cost: 0 ms
Stage user data cost: 0 ms
Gap: 15 ms
Registration cost: 125 ms
Repository commit transaction cost: 94 ms
Gap: 16 ms
Data flush cost: 0 ms
Post DeStage repository commit transaction cost: 0 ms
Remaining cost: 15 ms
"
"08.09.2026 22:07:20","854","Сведения","Microsoft-Windows-AppXDeployment-Server","Успешно добавлены следующие универсальные коды ресурсов (URI), которые нужно обработать:  C:\Windows\SystemApps\Microsoft.Windows.AddSuggestedFoldersToLibraryDialog_cw5n1h2txyewy\AppxManifest.xml."
"08.09.2026 22:07:20","607","Сведения","Microsoft-Windows-AppXDeployment-Server","Операция развертывания Register в отношении пакета F46D4000-FD22-4DB4-AC8E-4E1DDDE828FE_10.0.19041.4239_neutral_neutral_cw5n1h2txyewy выведена из очереди и выполняется для SID пользователя S-1-5-21-239302790-3235067425-44167425-1007."
"08.09.2026 22:07:20","10002","Подробно","Microsoft-Windows-AppXDeployment-Server","Создание файла устойчивости C:\ProgramData\Microsoft\Windows\AppRepository\4b941eda-7998-4f15-a1db-00b2c5a17261_S-1-5-21-239302790-3235067425-44167425-1007_43.rslc для операции Register с пакетом F46D4000-FD22-4DB4-AC8E-4E1DDDE828FE_10.0.19041.4239_neutral_neutral_cw5n1h2txyewy."
"08.09.2026 22:07:20","613","Сведения","Microsoft-Windows-AppXDeployment-Server","Сводка по эффективности операции развертывания ""Register"" для пакета Microsoft.Windows.AssignedAccessLockApp_1000.19041.4239.0_neutral_neutral_cw5n1h2txyewy: 
Overall time: 14594 ms
Enqueue cost: 78 ms
Dequeue delay: 14219 ms
Bundle processing cost: 0 ms
Indexing cost: 0 ms
Resolve dependency cost: 15 ms
Check approval cost: 0 ms
Evaluation cost: 0 ms
Hardlinking evaluation cost: 0 ms
Stage required cost: 0 ms
Flushing and closing files cost: 0 ms
Gap: 16 ms
Machine register cost: 0 ms
Stage user data cost: 0 ms
Gap: 16 ms
Registration cost: 62 ms
Repository commit transaction cost: 63 ms
Gap: 31 ms
Data flush cost: 0 ms
Post DeStage repository commit transaction cost: 0 ms
Remaining cost: 94 ms
"
"08.09.2026 22:07:20","649","Сведения","Microsoft-Windows-AppXDeployment-Server","Операция развертывания ""Register"" для пакета Microsoft.Windows.PeopleExperienceHost_10.0.19041.4239_neutral_neutral_cw5n1h2txyewy: PostDeploymentOperationCheck cost: 0 ms"
"08.09.2026 22:07:20","400","Сведения","Microsoft-Windows-AppXDeployment-Server","Операция развертывания Register с конечным томом C: для пакета Microsoft.Windows.PeopleExperienceHost_10.0.19041.4239_neutral_neutral_cw5n1h2txyewy из  (AppxManifest.xml)  завершена успешно."
"08.09.2026 22:07:20","10001","Подробно","Microsoft-Windows-AppXDeployment-Server","Обслуживание пакета Microsoft.Windows.PeopleExperienceHost_10.0.19041.4239_neutral_neutral_cw5n1h2txyewy завершено. При изменении состояния пакета на ""включен"" было возвращено 0x0."
"08.09.2026 22:07:20","10001","Подробно","Microsoft-Windows-AppXDeployment-Server","Обслуживание пакета Microsoft.Windows.PeopleExperienceHost_10.0.19041.4239_neutral_neutral_cw5n1h2txyewy завершено. При изменении состояния пакета на ""включен"" было возвращено 0x0."
"08.09.2026 22:07:20","10001","Подробно","Microsoft-Windows-AppXDeployment-Server","Обслуживание пакета Microsoft.Windows.PeopleExperienceHost_10.0.19041.4239_neutral_neutral_cw5n1h2txyewy завершено. При изменении состояния пакета на ""включен"" было возвращено 0x0."
"08.09.2026 22:07:20","10001","Подробно","Microsoft-Windows-AppXDeployment-Server","Обслуживание пакета Microsoft.Windows.PeopleExperienceHost_10.0.19041.4239_neutral_neutral_cw5n1h2txyewy завершено. При изменении состояния пакета на ""включен"" было возвращено 0x0."
"08.09.2026 22:07:20","9643","Подробно","Microsoft-Windows-AppXDeployment-Server","0x0: успешное выполнение TerminateApplications."
"08.09.2026 22:07:20","9643","Подробно","Microsoft-Windows-AppXDeployment-Server","0x0: успешное выполнение TerminateApplications."
"08.09.2026 22:07:20","10000","Подробно","Microsoft-Windows-AppXDeployment-Server","Будет выполнено обслуживание пакета Microsoft.Windows.ParentalControls_1000.19041.4239.0_neutral_neutral_cw5n1h2txyewy. При изменении состояния пакета на ""отключен"" было возвращено 0x0."
"08.09.2026 22:07:20","9643","Подробно","Microsoft-Windows-AppXDeployment-Server","0x0: успешное выполнение TerminateApplications."
"08.09.2026 22:07:20","9643","Подробно","Microsoft-Windows-AppXDeployment-Server","0x0: успешное выполнение TerminateApplications."
"08.09.2026 22:07:20","573","Сведения","Microsoft-Windows-AppXDeployment-Server","Настройка состояния ""Синхронизация включена"", имя семейства пакетов Microsoft.Windows.ParentalControls_cw5n1h2txyewy, включено false."
"08.09.2026 22:07:20","855","Сведения","Microsoft-Windows-AppXDeployment-Server","Завершено разрешение списков действий. Списки действий DeploymentRequest:  addPackageList: Microsoft.Windows.ParentalControls_1000.19041.4239.0_neutral_neutral_cw5n1h2txyewy."
"08.09.2026 22:07:20","854","Сведения","Microsoft-Windows-AppXDeployment-Server","Успешно добавлены следующие универсальные коды ресурсов (URI), которые нужно обработать:  C:\Windows\SystemApps\ParentalControls_cw5n1h2txyewy\AppxManifest.xml."
"08.09.2026 22:07:20","607","Сведения","Microsoft-Windows-AppXDeployment-Server","Операция развертывания Register в отношении пакета Microsoft.Windows.ParentalControls_1000.19041.4239.0_neutral_neutral_cw5n1h2txyewy выведена из очереди и выполняется для SID пользователя S-1-5-21-239302790-3235067425-44167425-1007."
"08.09.2026 22:07:20","10002","Подробно","Microsoft-Windows-AppXDeployment-Server","Создание файла устойчивости C:\ProgramData\Microsoft\Windows\AppRepository\4b941eda-7998-4f15-a1db-00b2c5a17261_S-1-5-21-239302790-3235067425-44167425-1007_42.rslc для операции Register с пакетом Microsoft.Windows.ParentalControls_1000.19041.4239.0_neutral_neutral_cw5n1h2txyewy."
"08.09.2026 22:07:20","613","Сведения","Microsoft-Windows-AppXDeployment-Server","Сводка по эффективности операции развертывания ""Register"" для пакета Microsoft.Windows.SecHealthUI_10.0.19041.4239_neutral__cw5n1h2txyewy: 
Overall time: 13703 ms
Enqueue cost: 94 ms
Dequeue delay: 13281 ms
Bundle processing cost: 0 ms
Indexing cost: 16 ms
Resolve dependency cost: 0 ms
Check approval cost: 0 ms
Evaluation cost: 0 ms
Hardlinking evaluation cost: 0 ms
Stage required cost: 0 ms
Flushing and closing files cost: 0 ms
Machine register cost: 0 ms
Stage user data cost: 0 ms
Gap: 16 ms
Registration cost: 125 ms
Gap: 15 ms
Repository commit transaction cost: 110 ms
Gap: 15 ms
Data flush cost: 0 ms
Post DeStage repository commit transaction cost: 0 ms
Remaining cost: 31 ms
"
"08.09.2026 22:07:20","649","Сведения","Microsoft-Windows-AppXDeployment-Server","Операция развертывания ""Register"" для пакета Microsoft.Windows.AssignedAccessLockApp_1000.19041.4239.0_neutral_neutral_cw5n1h2txyewy: PostDeploymentOperationCheck cost: 0 ms"
"08.09.2026 22:07:20","400","Сведения","Microsoft-Windows-AppXDeployment-Server","Операция развертывания Register с конечным томом C: для пакета Microsoft.Windows.AssignedAccessLockApp_1000.19041.4239.0_neutral_neutral_cw5n1h2txyewy из  (AppxManifest.xml)  завершена успешно."
"08.09.2026 22:07:20","649","Сведения","Microsoft-Windows-AppXDeployment-Server","Операция развертывания ""Register"" для пакета Microsoft.Windows.SecHealthUI_10.0.19041.4239_neutral__cw5n1h2txyewy: PostDeploymentOperationCheck cost: 0 ms"
"08.09.2026 22:07:20","400","Сведения","Microsoft-Windows-AppXDeployment-Server","Операция развертывания Register с конечным томом C: для пакета Microsoft.Windows.SecHealthUI_10.0.19041.4239_neutral__cw5n1h2txyewy из  (AppxManifest.xml)  завершена успешно."
"08.09.2026 22:07:20","10001","Подробно","Microsoft-Windows-AppXDeployment-Server","Обслуживание пакета Microsoft.Windows.AssignedAccessLockApp_1000.19041.4239.0_neutral_neutral_cw5n1h2txyewy завершено. При изменении состояния пакета на ""включен"" было возвращено 0x0."
"08.09.2026 22:07:20","10001","Подробно","Microsoft-Windows-AppXDeployment-Server","Обслуживание пакета Microsoft.Windows.AssignedAccessLockApp_1000.19041.4239.0_neutral_neutral_cw5n1h2txyewy завершено. При изменении состояния пакета на ""включен"" было возвращено 0x0."
"08.09.2026 22:07:20","10001","Подробно","Microsoft-Windows-AppXDeployment-Server","Обслуживание пакета Microsoft.Windows.AssignedAccessLockApp_1000.19041.4239.0_neutral_neutral_cw5n1h2txyewy завершено. При изменении состояния пакета на ""включен"" было возвращено 0x0."
"08.09.2026 22:07:20","10001","Подробно","Microsoft-Windows-AppXDeployment-Server","Обслуживание пакета Microsoft.Windows.AssignedAccessLockApp_1000.19041.4239.0_neutral_neutral_cw5n1h2txyewy завершено. При изменении состояния пакета на ""включен"" было возвращено 0x0."
"08.09.2026 22:07:20","10001","Подробно","Microsoft-Windows-AppXDeployment-Server","Обслуживание пакета Microsoft.Windows.SecHealthUI_10.0.19041.4239_neutral__cw5n1h2txyewy завершено. При изменении состояния пакета на ""включен"" было возвращено 0x0."
"08.09.2026 22:07:20","10001","Подробно","Microsoft-Windows-AppXDeployment-Server","Обслуживание пакета Microsoft.Windows.SecHealthUI_10.0.19041.4239_neutral__cw5n1h2txyewy завершено. При изменении состояния пакета на ""включен"" было возвращено 0x0."
"08.09.2026 22:07:20","10001","Подробно","Microsoft-Windows-AppXDeployment-Server","Обслуживание пакета Microsoft.Windows.SecHealthUI_10.0.19041.4239_neutral__cw5n1h2txyewy завершено. При изменении состояния пакета на ""включен"" было возвращено 0x0."
"08.09.2026 22:07:20","10001","Подробно","Microsoft-Windows-AppXDeployment-Server","Обслуживание пакета Microsoft.Windows.SecHealthUI_10.0.19041.4239_neutral__cw5n1h2txyewy завершено. При изменении состояния пакета на ""включен"" было возвращено 0x0."
"08.09.2026 22:07:20","9643","Подробно","Microsoft-Windows-AppXDeployment-Server","0x0: успешное выполнение TerminateApplications."
"08.09.2026 22:07:20","9643","Подробно","Microsoft-Windows-AppXDeployment-Server","0x0: успешное выполнение TerminateApplications."
"08.09.2026 22:07:20","10000","Подробно","Microsoft-Windows-AppXDeployment-Server","Будет выполнено обслуживание пакета Microsoft.Windows.PeopleExperienceHost_10.0.19041.4239_neutral_neutral_cw5n1h2txyewy. При изменении состояния пакета на ""отключен"" было возвращено 0x0."
"08.09.2026 22:07:20","9643","Подробно","Microsoft-Windows-AppXDeployment-Server","0x0: успешное выполнение TerminateApplications."
"08.09.2026 22:07:20","9643","Подробно","Microsoft-Windows-AppXDeployment-Server","0x0: успешное выполнение TerminateApplications."
"08.09.2026 22:07:20","573","Сведения","Microsoft-Windows-AppXDeployment-Server","Настройка состояния ""Синхронизация включена"", имя семейства пакетов Microsoft.Windows.PeopleExperienceHost_cw5n1h2txyewy, включено false."
"08.09.2026 22:07:20","9643","Подробно","Microsoft-Windows-AppXDeployment-Server","0x0: успешное выполнение TerminateApplications."
"08.09.2026 22:07:20","9643","Подробно","Microsoft-Windows-AppXDeployment-Server","0x0: успешное выполнение TerminateApplications."
"08.09.2026 22:07:20","855","Сведения","Microsoft-Windows-AppXDeployment-Server","Завершено разрешение списков действий. Списки действий DeploymentRequest:  addPackageList: Microsoft.Windows.PeopleExperienceHost_10.0.19041.4239_neutral_neutral_cw5n1h2txyewy."
"08.09.2026 22:07:20","10000","Подробно","Microsoft-Windows-AppXDeployment-Server","Будет выполнено обслуживание пакета Microsoft.Windows.AssignedAccessLockApp_1000.19041.4239.0_neutral_neutral_cw5n1h2txyewy. При изменении состояния пакета на ""отключен"" было возвращено 0x0."
"08.09.2026 22:07:20","9643","Подробно","Microsoft-Windows-AppXDeployment-Server","0x0: успешное выполнение TerminateApplications."
"08.09.2026 22:07:20","9643","Подробно","Microsoft-Windows-AppXDeployment-Server","0x0: успешное выполнение TerminateApplications."
"08.09.2026 22:07:20","854","Сведения","Microsoft-Windows-AppXDeployment-Server","Успешно добавлены следующие универсальные коды ресурсов (URI), которые нужно обработать:  C:\Windows\SystemApps\Microsoft.Windows.PeopleExperienceHost_cw5n1h2txyewy\AppxManifest.xml."
"08.09.2026 22:07:20","607","Сведения","Microsoft-Windows-AppXDeployment-Server","Операция развертывания Register в отношении пакета Microsoft.Windows.PeopleExperienceHost_10.0.19041.4239_neutral_neutral_cw5n1h2txyewy выведена из очереди и выполняется для SID пользователя S-1-5-21-239302790-3235067425-44167425-1007."
"08.09.2026 22:07:20","10002","Подробно","Microsoft-Windows-AppXDeployment-Server","Создание файла устойчивости C:\ProgramData\Microsoft\Windows\AppRepository\4b941eda-7998-4f15-a1db-00b2c5a17261_S-1-5-21-239302790-3235067425-44167425-1007_41.rslc для операции Register с пакетом Microsoft.Windows.PeopleExperienceHost_10.0.19041.4239_neutral_neutral_cw5n1h2txyewy."
"08.09.2026 22:07:20","573","Сведения","Microsoft-Windows-AppXDeployment-Server","Настройка состояния ""Синхронизация включена"", имя семейства пакетов Microsoft.Windows.AssignedAccessLockApp_cw5n1h2txyewy, включено false."
"08.09.2026 22:07:20","613","Сведения","Microsoft-Windows-AppXDeployment-Server","Сводка по эффективности операции развертывания ""Register"" для пакета Microsoft.Windows.StartMenuExperienceHost_10.0.19041.5438_neutral_neutral_cw5n1h2txyewy: 
Overall time: 13266 ms
Enqueue cost: 78 ms
Dequeue delay: 1969 ms
Bundle processing cost: 0 ms
Indexing cost: 328 ms
Resolve dependency cost: 0 ms
Check approval cost: 0 ms
Evaluation cost: 0 ms
Hardlinking evaluation cost: 0 ms
Stage required cost: 16 ms
Flushing and closing files cost: 0 ms
Gap: 47 ms
Machine register cost: 0 ms
Stage user data cost: 0 ms
Gap: 15 ms
Registration cost: 172 ms
Repository commit transaction cost: 10594 ms
Gap: 16 ms
Data flush cost: 0 ms
Post DeStage repository commit transaction cost: 0 ms
Remaining cost: 31 ms
"
"08.09.2026 22:07:20","855","Сведения","Microsoft-Windows-AppXDeployment-Server","Завершено разрешение списков действий. Списки действий DeploymentRequest:  addPackageList: Microsoft.Windows.AssignedAccessLockApp_1000.19041.4239.0_neutral_neutral_cw5n1h2txyewy."
"08.09.2026 22:07:20","649","Сведения","Microsoft-Windows-AppXDeployment-Server","Операция развертывания ""Register"" для пакета Microsoft.Windows.StartMenuExperienceHost_10.0.19041.5438_neutral_neutral_cw5n1h2txyewy: PostDeploymentOperationCheck cost: 0 ms"
"08.09.2026 22:07:20","400","Сведения","Microsoft-Windows-AppXDeployment-Server","Операция развертывания Register с конечным томом C: для пакета Microsoft.Windows.StartMenuExperienceHost_10.0.19041.5438_neutral_neutral_cw5n1h2txyewy из  (AppxManifest.xml)  завершена успешно."
"08.09.2026 22:07:20","854","Сведения","Microsoft-Windows-AppXDeployment-Server","Успешно добавлены следующие универсальные коды ресурсов (URI), которые нужно обработать:  C:\Windows\SystemApps\Microsoft.Windows.AssignedAccessLockApp_cw5n1h2txyewy\AppxManifest.xml."
"08.09.2026 22:07:20","607","Сведения","Microsoft-Windows-AppXDeployment-Server","Операция развертывания Register в отношении пакета Microsoft.Windows.AssignedAccessLockApp_1000.19041.4239.0_neutral_neutral_cw5n1h2txyewy выведена из очереди и выполняется для SID пользователя S-1-5-21-239302790-3235067425-44167425-1007."
"08.09.2026 22:07:20","10002","Подробно","Microsoft-Windows-AppXDeployment-Server","Создание файла устойчивости C:\ProgramData\Microsoft\Windows\AppRepository\4b941eda-7998-4f15-a1db-00b2c5a17261_S-1-5-21-239302790-3235067425-44167425-1007_40.rslc для операции Register с пакетом Microsoft.Windows.AssignedAccessLockApp_1000.19041.4239.0_neutral_neutral_cw5n1h2txyewy."
"08.09.2026 22:07:20","613","Сведения","Microsoft-Windows-AppXDeployment-Server","Сводка по эффективности операции развертывания ""Register"" для пакета Microsoft.ECApp_10.0.19041.4597_neutral__8wekyb3d8bbwe: 
Overall time: 14735 ms
Enqueue cost: 94 ms
Dequeue delay: 3438 ms
Bundle processing cost: 0 ms
Indexing cost: 15 ms
Resolve dependency cost: 0 ms
Check approval cost: 0 ms
Evaluation cost: 16 ms
Hardlinking evaluation cost: 0 ms
Stage required cost: 0 ms
Flushing and closing files cost: 0 ms
Gap: 406 ms
Machine register cost: 0 ms
Stage user data cost: 0 ms
Registration cost: 94 ms
Repository commit transaction cost: 10625 ms
Gap: 15 ms
Data flush cost: 0 ms
Post DeStage repository commit transaction cost: 0 ms
Remaining cost: 32 ms
"
"08.09.2026 22:07:20","10001","Подробно","Microsoft-Windows-AppXDeployment-Server","Обслуживание пакета Microsoft.Windows.StartMenuExperienceHost_10.0.19041.5438_neutral_neutral_cw5n1h2txyewy завершено. При изменении состояния пакета на ""включен"" было возвращено 0x0."
"08.09.2026 22:07:20","10001","Подробно","Microsoft-Windows-AppXDeployment-Server","Обслуживание пакета Microsoft.Windows.StartMenuExperienceHost_10.0.19041.5438_neutral_neutral_cw5n1h2txyewy завершено. При изменении состояния пакета на ""включен"" было возвращено 0x0."
"08.09.2026 22:07:20","10001","Подробно","Microsoft-Windows-AppXDeployment-Server","Обслуживание пакета Microsoft.Windows.StartMenuExperienceHost_10.0.19041.5438_neutral_neutral_cw5n1h2txyewy завершено. При изменении состояния пакета на ""включен"" было возвращено 0x0."
"08.09.2026 22:07:20","10001","Подробно","Microsoft-Windows-AppXDeployment-Server","Обслуживание пакета Microsoft.Windows.StartMenuExperienceHost_10.0.19041.5438_neutral_neutral_cw5n1h2txyewy завершено. При изменении состояния пакета на ""включен"" было возвращено 0x0."
"08.09.2026 22:07:20","649","Сведения","Microsoft-Windows-AppXDeployment-Server","Операция развертывания ""Register"" для пакета Microsoft.ECApp_10.0.19041.4597_neutral__8wekyb3d8bbwe: PostDeploymentOperationCheck cost: 0 ms"
"08.09.2026 22:07:20","400","Сведения","Microsoft-Windows-AppXDeployment-Server","Операция развертывания Register с конечным томом C: для пакета Microsoft.ECApp_10.0.19041.4597_neutral__8wekyb3d8bbwe из  (AppxManifest.xml)  завершена успешно."
"08.09.2026 22:07:20","10001","Подробно","Microsoft-Windows-AppXDeployment-Server","Обслуживание пакета Microsoft.ECApp_10.0.19041.4597_neutral__8wekyb3d8bbwe завершено. При изменении состояния пакета на ""включен"" было возвращено 0x0."
"08.09.2026 22:07:20","10001","Подробно","Microsoft-Windows-AppXDeployment-Server","Обслуживание пакета Microsoft.ECApp_10.0.19041.4597_neutral__8wekyb3d8bbwe завершено. При изменении состояния пакета на ""включен"" было возвращено 0x0."
"08.09.2026 22:07:20","10001","Подробно","Microsoft-Windows-AppXDeployment-Server","Обслуживание пакета Microsoft.ECApp_10.0.19041.4597_neutral__8wekyb3d8bbwe завершено. При изменении состояния пакета на ""включен"" было возвращено 0x0."
"08.09.2026 22:07:20","10001","Подробно","Microsoft-Windows-AppXDeployment-Server","Обслуживание пакета Microsoft.ECApp_10.0.19041.4597_neutral__8wekyb3d8bbwe завершено. При изменении состояния пакета на ""включен"" было возвращено 0x0."
"08.09.2026 22:07:20","9643","Подробно","Microsoft-Windows-AppXDeployment-Server","0x0: успешное выполнение TerminateApplications."
"08.09.2026 22:07:20","9643","Подробно","Microsoft-Windows-AppXDeployment-Server","0x0: успешное выполнение TerminateApplications."
"08.09.2026 22:07:20","626","Подробно","Microsoft-Windows-AppXDeployment-Server","Операция развертывания Stage в отношении пакета Microsoft.MicrosoftEdge.Stable_152.0.4191.66_neutral__8wekyb3d8bbwe повторно поставлена в очередь для SID пользователя S-1-5-21-239302790-3235067425-44167425-1007."
"08.09.2026 22:07:20","10000","Подробно","Microsoft-Windows-AppXDeployment-Server","Будет выполнено обслуживание пакета Microsoft.Windows.Search_1.14.18.19041_neutral_neutral_cw5n1h2txyewy. При изменении состояния пакета на ""отключен"" было возвращено 0x0."
"08.09.2026 22:07:20","9643","Подробно","Microsoft-Windows-AppXDeployment-Server","0x0: успешное выполнение TerminateApplications."
"08.09.2026 22:07:20","9643","Подробно","Microsoft-Windows-AppXDeployment-Server","0x0: успешное выполнение TerminateApplications."
"08.09.2026 22:07:20","573","Сведения","Microsoft-Windows-AppXDeployment-Server","Настройка состояния ""Синхронизация включена"", имя семейства пакетов Microsoft.Windows.Search_cw5n1h2txyewy, включено false."
"08.09.2026 22:07:20","9643","Подробно","Microsoft-Windows-AppXDeployment-Server","0x0: успешное выполнение TerminateApplications."
"08.09.2026 22:07:20","9643","Подробно","Microsoft-Windows-AppXDeployment-Server","0x0: успешное выполнение TerminateApplications."
"08.09.2026 22:07:20","10000","Подробно","Microsoft-Windows-AppXDeployment-Server","Будет выполнено обслуживание пакета Microsoft.Windows.SecHealthUI_10.0.19041.4239_neutral__cw5n1h2txyewy. При изменении состояния пакета на ""отключен"" было возвращено 0x0."
"08.09.2026 22:07:20","9643","Подробно","Microsoft-Windows-AppXDeployment-Server","0x0: успешное выполнение TerminateApplications."
"08.09.2026 22:07:20","9643","Подробно","Microsoft-Windows-AppXDeployment-Server","0x0: успешное выполнение TerminateApplications."
"08.09.2026 22:07:20","573","Сведения","Microsoft-Windows-AppXDeployment-Server","Настройка состояния ""Синхронизация включена"", имя семейства пакетов Microsoft.Windows.SecHealthUI_cw5n1h2txyewy, включено false."
"08.09.2026 22:07:20","855","Сведения","Microsoft-Windows-AppXDeployment-Server","Завершено разрешение списков действий. Списки действий DeploymentRequest:  addPackageList: Microsoft.Windows.SecHealthUI_10.0.19041.4239_neutral__cw5n1h2txyewy."
"08.09.2026 22:07:20","854","Сведения","Microsoft-Windows-AppXDeployment-Server","Успешно добавлены следующие универсальные коды ресурсов (URI), которые нужно обработать:  C:\Windows\SystemApps\Microsoft.Windows.SecHealthUI_cw5n1h2txyewy\AppxManifest.xml."
"08.09.2026 22:07:20","607","Сведения","Microsoft-Windows-AppXDeployment-Server","Операция развертывания Register в отношении пакета Microsoft.Windows.SecHealthUI_10.0.19041.4239_neutral__cw5n1h2txyewy выведена из очереди и выполняется для SID пользователя S-1-5-21-239302790-3235067425-44167425-1007."
"08.09.2026 22:07:20","10002","Подробно","Microsoft-Windows-AppXDeployment-Server","Создание файла устойчивости C:\ProgramData\Microsoft\Windows\AppRepository\4b941eda-7998-4f15-a1db-00b2c5a17261_S-1-5-21-239302790-3235067425-44167425-1007_39.rslc для операции Register с пакетом Microsoft.Windows.SecHealthUI_10.0.19041.4239_neutral__cw5n1h2txyewy."
"08.09.2026 22:07:20","855","Сведения","Microsoft-Windows-AppXDeployment-Server","Завершено разрешение списков действий. Списки действий DeploymentRequest:  addPackageList: Microsoft.Windows.Search_1.14.18.19041_neutral_neutral_cw5n1h2txyewy."
"08.09.2026 22:07:10","822","Подробно","Microsoft-Windows-AppXDeployment-Server","Обновление реестра для пакета Microsoft.VCLibs.140.00_14.0.33519.0_x64__8wekyb3d8bbwe завершилось со следующим результатом: 0x0."
"08.09.2026 22:07:10","821","Подробно","Microsoft-Windows-AppXDeployment-Server","Выполняемая при входе регистрация пакета Microsoft.VCLibs.140.00_14.0.33519.0_x64__8wekyb3d8bbwe для пользователя S-1-5-21-239302790-3235067425-44167425-1007 завершилась со следующим результатом: 0x0; обновление реестра..."
"08.09.2026 22:07:10","854","Сведения","Microsoft-Windows-AppXDeployment-Server","Успешно добавлены следующие универсальные коды ресурсов (URI), которые нужно обработать:  C:\Windows\SystemApps\Microsoft.Windows.Search_cw5n1h2txyewy\AppxManifest.xml."
"08.09.2026 22:07:10","607","Сведения","Microsoft-Windows-AppXDeployment-Server","Операция развертывания Register в отношении пакета Microsoft.Windows.Search_1.14.18.19041_neutral_neutral_cw5n1h2txyewy выведена из очереди и выполняется для SID пользователя S-1-5-21-239302790-3235067425-44167425-1007."
"08.09.2026 22:07:10","10002","Подробно","Microsoft-Windows-AppXDeployment-Server","Создание файла устойчивости C:\ProgramData\Microsoft\Windows\AppRepository\4b941eda-7998-4f15-a1db-00b2c5a17261_S-1-5-21-239302790-3235067425-44167425-1007_38.rslc для операции Register с пакетом Microsoft.Windows.Search_1.14.18.19041_neutral_neutral_cw5n1h2txyewy."
"08.09.2026 22:07:10","613","Сведения","Microsoft-Windows-AppXDeployment-Server","Сводка по эффективности операции развертывания ""Register"" для пакета Microsoft.VCLibs.140.00_14.0.33519.0_x64__8wekyb3d8bbwe: 
Overall time: 610 ms
Gap: 16 ms
Enqueue cost: 0 ms
Dequeue delay: 312 ms
Bundle processing cost: 0 ms
Indexing cost: 16 ms
Resolve dependency cost: 0 ms
Check approval cost: 0 ms
Evaluation cost: 0 ms
Hardlinking evaluation cost: 0 ms
Stage required cost: 16 ms
Flushing and closing files cost: 0 ms
Gap: 46 ms
Machine register cost: 0 ms
Stage user data cost: 0 ms
Registration cost: 32 ms
Repository commit transaction cost: 140 ms
Data flush cost: 0 ms
Post DeStage repository commit transaction cost: 0 ms
Remaining cost: 32 ms
"
"08.09.2026 22:07:10","649","Сведения","Microsoft-Windows-AppXDeployment-Server","Операция развертывания ""Register"" для пакета Microsoft.VCLibs.140.00_14.0.33519.0_x64__8wekyb3d8bbwe: PostDeploymentOperationCheck cost: 0 ms"
"08.09.2026 22:07:10","400","Сведения","Microsoft-Windows-AppXDeployment-Server","Операция развертывания Register с конечным томом C: для пакета Microsoft.VCLibs.140.00_14.0.33519.0_x64__8wekyb3d8bbwe из  (AppxManifest.xml)  завершена успешно."
"08.09.2026 22:07:10","10001","Подробно","Microsoft-Windows-AppXDeployment-Server","Обслуживание пакета Microsoft.VCLibs.140.00_14.0.33519.0_x64__8wekyb3d8bbwe завершено. При изменении состояния пакета на ""включен"" было возвращено 0x0."
"08.09.2026 22:07:10","10001","Подробно","Microsoft-Windows-AppXDeployment-Server","Обслуживание пакета Microsoft.VCLibs.140.00_14.0.33519.0_x64__8wekyb3d8bbwe завершено. При изменении состояния пакета на ""включен"" было возвращено 0x0."
"08.09.2026 22:07:10","10001","Подробно","Microsoft-Windows-AppXDeployment-Server","Обслуживание пакета Microsoft.VCLibs.140.00_14.0.33519.0_x64__8wekyb3d8bbwe завершено. При изменении состояния пакета на ""включен"" было возвращено 0x0."
"08.09.2026 22:07:10","10001","Подробно","Microsoft-Windows-AppXDeployment-Server","Обслуживание пакета Microsoft.VCLibs.140.00_14.0.33519.0_x64__8wekyb3d8bbwe завершено. При изменении состояния пакета на ""включен"" было возвращено 0x0."
"08.09.2026 22:07:09","9643","Подробно","Microsoft-Windows-AppXDeployment-Server","0x0: успешное выполнение TerminateApplications."
"08.09.2026 22:07:09","9643","Подробно","Microsoft-Windows-AppXDeployment-Server","0x0: успешное выполнение TerminateApplications."
"08.09.2026 22:07:09","10000","Подробно","Microsoft-Windows-AppXDeployment-Server","Будет выполнено обслуживание пакета Microsoft.ECApp_10.0.19041.4597_neutral__8wekyb3d8bbwe. При изменении состояния пакета на ""отключен"" было возвращено 0x0."
"08.09.2026 22:07:09","9643","Подробно","Microsoft-Windows-AppXDeployment-Server","0x0: успешное выполнение TerminateApplications."
"08.09.2026 22:07:09","9643","Подробно","Microsoft-Windows-AppXDeployment-Server","0x0: успешное выполнение TerminateApplications."
"08.09.2026 22:07:09","573","Сведения","Microsoft-Windows-AppXDeployment-Server","Настройка состояния ""Синхронизация включена"", имя семейства пакетов Microsoft.ECApp_8wekyb3d8bbwe, включено false."
"08.09.2026 22:07:09","8101","Подробно","Microsoft-Windows-AppXDeployment-Server","Проверка и установка метки доверия для пакета Microsoft.VCLibs.140.00_14.0.33519.0_x64__8wekyb3d8bbwe с флагами 0x5 завершена."
"08.09.2026 22:07:09","8106","Подробно","Microsoft-Windows-AppXDeployment-Server","У пакета Microsoft.VCLibs.140.00_14.0.33519.0_x64__8wekyb3d8bbwe уже есть метка доверия. Флаги: 0x5"
"08.09.2026 22:07:09","8100","Подробно","Microsoft-Windows-AppXDeployment-Server","Начинается проверка и установка метки доверия для пакета Microsoft.VCLibs.140.00_14.0.33519.0_x64__8wekyb3d8bbwe с флагами 0x5."
"08.09.2026 22:07:09","9643","Подробно","Microsoft-Windows-AppXDeployment-Server","0x0: успешное выполнение TerminateApplications."
"08.09.2026 22:07:09","9643","Подробно","Microsoft-Windows-AppXDeployment-Server","0x0: успешное выполнение TerminateApplications."
"08.09.2026 22:07:09","10000","Подробно","Microsoft-Windows-AppXDeployment-Server","Будет выполнено обслуживание пакета Microsoft.VCLibs.140.00_14.0.33519.0_x64__8wekyb3d8bbwe. При изменении состояния пакета на ""отключен"" было возвращено 0x0."
"08.09.2026 22:07:09","10000","Подробно","Microsoft-Windows-AppXDeployment-Server","Будет выполнено обслуживание пакета Microsoft.Windows.StartMenuExperienceHost_10.0.19041.5438_neutral_neutral_cw5n1h2txyewy. При изменении состояния пакета на ""отключен"" было возвращено 0x0."
"08.09.2026 22:07:09","9643","Подробно","Microsoft-Windows-AppXDeployment-Server","0x0: успешное выполнение TerminateApplications."
"08.09.2026 22:07:09","9643","Подробно","Microsoft-Windows-AppXDeployment-Server","0x0: успешное выполнение TerminateApplications."
"08.09.2026 22:07:09","573","Сведения","Microsoft-Windows-AppXDeployment-Server","Настройка состояния ""Синхронизация включена"", имя семейства пакетов Microsoft.Windows.StartMenuExperienceHost_cw5n1h2txyewy, включено false."
"08.09.2026 22:07:09","855","Сведения","Microsoft-Windows-AppXDeployment-Server","Завершено разрешение списков действий. Списки действий DeploymentRequest:  addPackageList: Microsoft.VCLibs.140.00_14.0.33519.0_x64__8wekyb3d8bbwe."
"08.09.2026 22:07:09","854","Сведения","Microsoft-Windows-AppXDeployment-Server","Успешно добавлены следующие универсальные коды ресурсов (URI), которые нужно обработать:  C:\Program Files\WindowsApps\Microsoft.VCLibs.140.00_14.0.33519.0_x64__8wekyb3d8bbwe\AppxManifest.xml."
"08.09.2026 22:07:09","607","Сведения","Microsoft-Windows-AppXDeployment-Server","Операция развертывания Register в отношении пакета Microsoft.VCLibs.140.00_14.0.33519.0_x64__8wekyb3d8bbwe выведена из очереди и выполняется для SID пользователя S-1-5-21-239302790-3235067425-44167425-1007."
"08.09.2026 22:07:09","10002","Подробно","Microsoft-Windows-AppXDeployment-Server","Создание файла устойчивости C:\ProgramData\Microsoft\Windows\AppRepository\4b941eda-7998-4f15-a1db-00b2c5a17261_S-1-5-21-239302790-3235067425-44167425-1007_37.rslc для операции Register с пакетом Microsoft.VCLibs.140.00_14.0.33519.0_x64__8wekyb3d8bbwe."
"08.09.2026 22:07:09","855","Сведения","Microsoft-Windows-AppXDeployment-Server","Завершено разрешение списков действий. Списки действий DeploymentRequest:  addPackageList: Microsoft.Windows.StartMenuExperienceHost_10.0.19041.5438_neutral_neutral_cw5n1h2txyewy."
"08.09.2026 22:07:09","854","Сведения","Microsoft-Windows-AppXDeployment-Server","Успешно добавлены следующие универсальные коды ресурсов (URI), которые нужно обработать:  file:///C:/Program%20Files%20(x86)/Microsoft/Edge/Application/152.0.4191.66/identity_proxy/win10/identity_helper.sparse.stable.msix."
"08.09.2026 22:07:09","607","Сведения","Microsoft-Windows-AppXDeployment-Server","Операция развертывания Stage в отношении пакета Microsoft.MicrosoftEdge.Stable_152.0.4191.66_neutral__8wekyb3d8bbwe выведена из очереди и выполняется для SID пользователя S-1-5-21-239302790-3235067425-44167425-1007."
"08.09.2026 22:07:09","626","Подробно","Microsoft-Windows-AppXDeployment-Server","Операция развертывания Stage в отношении пакета Microsoft.MicrosoftEdge.Stable_152.0.4191.66_neutral__8wekyb3d8bbwe повторно поставлена в очередь для SID пользователя S-1-5-21-239302790-3235067425-44167425-1007."
"08.09.2026 22:07:09","613","Сведения","Microsoft-Windows-AppXDeployment-Server","Сводка по эффективности операции развертывания ""Register"" для пакета NcsiUwpApp_1000.19041.4239.0_neutral_neutral_8wekyb3d8bbwe: 
Overall time: 1828 ms
Enqueue cost: 78 ms
Dequeue delay: 1156 ms
Bundle processing cost: 0 ms
Indexing cost: 32 ms
Resolve dependency cost: 0 ms
Gap: 15 ms
Check approval cost: 0 ms
Evaluation cost: 0 ms
Hardlinking evaluation cost: 0 ms
Stage required cost: 0 ms
Flushing and closing files cost: 0 ms
Gap: 47 ms
Machine register cost: 0 ms
Stage user data cost: 0 ms
Gap: 47 ms
Registration cost: 188 ms
Repository commit transaction cost: 109 ms
Gap: 16 ms
Data flush cost: 0 ms
Post DeStage repository commit transaction cost: 0 ms
Remaining cost: 140 ms
"
"08.09.2026 22:07:09","854","Сведения","Microsoft-Windows-AppXDeployment-Server","Успешно добавлены следующие универсальные коды ресурсов (URI), которые нужно обработать:  C:\Windows\SystemApps\Microsoft.Windows.StartMenuExperienceHost_cw5n1h2txyewy\AppxManifest.xml."
"08.09.2026 22:07:09","607","Сведения","Microsoft-Windows-AppXDeployment-Server","Операция развертывания Register в отношении пакета Microsoft.Windows.StartMenuExperienceHost_10.0.19041.5438_neutral_neutral_cw5n1h2txyewy выведена из очереди и выполняется для SID пользователя S-1-5-21-239302790-3235067425-44167425-1007."
"08.09.2026 22:07:09","10002","Подробно","Microsoft-Windows-AppXDeployment-Server","Создание файла устойчивости C:\ProgramData\Microsoft\Windows\AppRepository\4b941eda-7998-4f15-a1db-00b2c5a17261_S-1-5-21-239302790-3235067425-44167425-1007_36.rslc для операции Register с пакетом Microsoft.Windows.StartMenuExperienceHost_10.0.19041.5438_neutral_neutral_cw5n1h2txyewy."
"08.09.2026 22:07:09","854","Сведения","Microsoft-Windows-AppXDeployment-Server","Успешно добавлены следующие универсальные коды ресурсов (URI), которые нужно обработать:  file:///C:/Program%20Files%20(x86)/Microsoft/Edge/Application/152.0.4191.66/identity_proxy/win10/identity_helper.sparse.stable.msix."
"08.09.2026 22:07:09","603","Сведения","Microsoft-Windows-AppXDeployment-Server","Начата операция развертывания ""Register"" для пакета. Основной параметр: AppxManifest.xml. Необязательные параметры: ForceTargetApplicationShutdownOption,SkipReregisterIfPackageStatusOk,NormalPriorityRequest,ImmediatePriorityRequest,FirstLogonInstall и SkipDeploymentOperationRpcCallerIsAdminCheck. Дополнительные сведения о диагностике проблем с развертыванием приложений см. на странице http://go.microsoft.com/fwlink/?LinkId=235160."
"08.09.2026 22:07:09","607","Сведения","Microsoft-Windows-AppXDeployment-Server","Операция развертывания Stage в отношении пакета Microsoft.MicrosoftEdge.Stable_152.0.4191.66_neutral__8wekyb3d8bbwe выведена из очереди и выполняется для SID пользователя S-1-5-21-239302790-3235067425-44167425-1007."
"08.09.2026 22:07:09","10002","Подробно","Microsoft-Windows-AppXDeployment-Server","Создание файла устойчивости C:\ProgramData\Microsoft\Windows\AppRepository\4b941eda-7998-4f15-a1db-00b2c5a17261_S-1-5-21-239302790-3235067425-44167425-1007_35.rslc для операции Stage с пакетом Microsoft.MicrosoftEdge.Stable_152.0.4191.66_neutral__8wekyb3d8bbwe."
"08.09.2026 22:07:09","855","Сведения","Microsoft-Windows-AppXDeployment-Server","Завершено разрешение списков действий. Списки действий DeploymentRequest:  addPackageList: Microsoft.ECApp_10.0.19041.4597_neutral__8wekyb3d8bbwe."
"08.09.2026 22:07:09","613","Сведения","Microsoft-Windows-AppXDeployment-Server","Сводка по эффективности операции развертывания ""Register"" для пакета Microsoft.Windows.Apprep.ChxApp_1000.19041.4239.0_neutral_neutral_cw5n1h2txyewy: 
Overall time: 3219 ms
Gap: 16 ms
Enqueue cost: 78 ms
Dequeue delay: 2797 ms
Bundle processing cost: 0 ms
Indexing cost: 0 ms
Resolve dependency cost: 16 ms
Check approval cost: 0 ms
Evaluation cost: 0 ms
Hardlinking evaluation cost: 0 ms
Stage required cost: 0 ms
Flushing and closing files cost: 0 ms
Gap: 78 ms
Machine register cost: 0 ms
Stage user data cost: 0 ms
Gap: 15 ms
Registration cost: 110 ms
Gap: 15 ms
Repository commit transaction cost: 63 ms
Gap: 16 ms
Data flush cost: 0 ms
Post DeStage repository commit transaction cost: 0 ms
Remaining cost: 15 ms
"
"08.09.2026 22:07:09","822","Подробно","Microsoft-Windows-AppXDeployment-Server","Обновление реестра для пакета Microsoft.Windows.ContentDeliveryManager_10.0.19041.4239_neutral_neutral_cw5n1h2txyewy завершилось со следующим результатом: 0x0."
"08.09.2026 22:07:09","821","Подробно","Microsoft-Windows-AppXDeployment-Server","Выполняемая при входе регистрация пакета Microsoft.Windows.ContentDeliveryManager_10.0.19041.4239_neutral_neutral_cw5n1h2txyewy для пользователя S-1-5-21-239302790-3235067425-44167425-1007 завершилась со следующим результатом: 0x0; обновление реестра..."
"08.09.2026 22:07:09","613","Сведения","Microsoft-Windows-AppXDeployment-Server","Сводка по эффективности операции развертывания ""Register"" для пакета Microsoft.Windows.ContentDeliveryManager_10.0.19041.4239_neutral_neutral_cw5n1h2txyewy: 
Overall time: 1016 ms
Gap: 109 ms
Enqueue cost: 110 ms
Dequeue delay: 234 ms
Bundle processing cost: 0 ms
Indexing cost: 16 ms
Resolve dependency cost: 0 ms
Check approval cost: 0 ms
Evaluation cost: 0 ms
Hardlinking evaluation cost: 0 ms
Gap: 15 ms
Stage required cost: 0 ms
Flushing and closing files cost: 0 ms
Machine register cost: 0 ms
Stage user data cost: 0 ms
Registration cost: 266 ms
Repository commit transaction cost: 141 ms
Data flush cost: 0 ms
Post DeStage repository commit transaction cost: 0 ms
Remaining cost: 125 ms
"
"08.09.2026 22:07:09","854","Сведения","Microsoft-Windows-AppXDeployment-Server","Успешно добавлены следующие универсальные коды ресурсов (URI), которые нужно обработать:  C:\Windows\SystemApps\Microsoft.ECApp_8wekyb3d8bbwe\AppxManifest.xml."
"08.09.2026 22:07:09","607","Сведения","Microsoft-Windows-AppXDeployment-Server","Операция развертывания Register в отношении пакета Microsoft.ECApp_10.0.19041.4597_neutral__8wekyb3d8bbwe выведена из очереди и выполняется для SID пользователя S-1-5-21-239302790-3235067425-44167425-1007."
"08.09.2026 22:07:09","10002","Подробно","Microsoft-Windows-AppXDeployment-Server","Создание файла устойчивости C:\ProgramData\Microsoft\Windows\AppRepository\4b941eda-7998-4f15-a1db-00b2c5a17261_S-1-5-21-239302790-3235067425-44167425-1007_34.rslc для операции Register с пакетом Microsoft.ECApp_10.0.19041.4597_neutral__8wekyb3d8bbwe."
"08.09.2026 22:07:09","613","Сведения","Microsoft-Windows-AppXDeployment-Server","Сводка по эффективности операции развертывания ""Register"" для пакета Microsoft.Windows.OOBENetworkCaptivePortal_10.0.19041.4239_neutral__cw5n1h2txyewy: 
Overall time: 2750 ms
Gap: 31 ms
Enqueue cost: 62 ms
Dequeue delay: 2250 ms
Bundle processing cost: 0 ms
Indexing cost: 32 ms
Resolve dependency cost: 0 ms
Gap: 15 ms
Check approval cost: 0 ms
Evaluation cost: 0 ms
Hardlinking evaluation cost: 0 ms
Stage required cost: 0 ms
Flushing and closing files cost: 0 ms
Machine register cost: 0 ms
Stage user data cost: 0 ms
Gap: 47 ms
Registration cost: 109 ms
Repository commit transaction cost: 172 ms
Gap: 16 ms
Data flush cost: 0 ms
Post DeStage repository commit transaction cost: 0 ms
Remaining cost: 16 ms
"
"08.09.2026 22:07:09","649","Сведения","Microsoft-Windows-AppXDeployment-Server","Операция развертывания ""Register"" для пакета NcsiUwpApp_1000.19041.4239.0_neutral_neutral_8wekyb3d8bbwe: PostDeploymentOperationCheck cost: 0 ms"
"08.09.2026 22:07:09","649","Сведения","Microsoft-Windows-AppXDeployment-Server","Операция развертывания ""Register"" для пакета Microsoft.Windows.Apprep.ChxApp_1000.19041.4239.0_neutral_neutral_cw5n1h2txyewy: PostDeploymentOperationCheck cost: 0 ms"
"08.09.2026 22:07:09","400","Сведения","Microsoft-Windows-AppXDeployment-Server","Операция развертывания Register с конечным томом C: для пакета Microsoft.Windows.Apprep.ChxApp_1000.19041.4239.0_neutral_neutral_cw5n1h2txyewy из  (AppxManifest.xml)  завершена успешно."
"08.09.2026 22:07:09","400","Сведения","Microsoft-Windows-AppXDeployment-Server","Операция развертывания Register с конечным томом C: для пакета NcsiUwpApp_1000.19041.4239.0_neutral_neutral_8wekyb3d8bbwe из  (AppxManifest.xml)  завершена успешно."
"08.09.2026 22:07:09","10001","Подробно","Microsoft-Windows-AppXDeployment-Server","Обслуживание пакета Microsoft.Windows.Apprep.ChxApp_1000.19041.4239.0_neutral_neutral_cw5n1h2txyewy завершено. При изменении состояния пакета на ""включен"" было возвращено 0x0."
"08.09.2026 22:07:09","10001","Подробно","Microsoft-Windows-AppXDeployment-Server","Обслуживание пакета Microsoft.Windows.Apprep.ChxApp_1000.19041.4239.0_neutral_neutral_cw5n1h2txyewy завершено. При изменении состояния пакета на ""включен"" было возвращено 0x0."
"08.09.2026 22:07:09","10001","Подробно","Microsoft-Windows-AppXDeployment-Server","Обслуживание пакета Microsoft.Windows.Apprep.ChxApp_1000.19041.4239.0_neutral_neutral_cw5n1h2txyewy завершено. При изменении состояния пакета на ""включен"" было возвращено 0x0."
"08.09.2026 22:07:09","10001","Подробно","Microsoft-Windows-AppXDeployment-Server","Обслуживание пакета Microsoft.Windows.Apprep.ChxApp_1000.19041.4239.0_neutral_neutral_cw5n1h2txyewy завершено. При изменении состояния пакета на ""включен"" было возвращено 0x0."
"08.09.2026 22:07:09","649","Сведения","Microsoft-Windows-AppXDeployment-Server","Операция развертывания ""Register"" для пакета Microsoft.Windows.OOBENetworkCaptivePortal_10.0.19041.4239_neutral__cw5n1h2txyewy: PostDeploymentOperationCheck cost: 0 ms"
"08.09.2026 22:07:09","400","Сведения","Microsoft-Windows-AppXDeployment-Server","Операция развертывания Register с конечным томом C: для пакета Microsoft.Windows.OOBENetworkCaptivePortal_10.0.19041.4239_neutral__cw5n1h2txyewy из  (AppxManifest.xml)  завершена успешно."
"08.09.2026 22:07:09","10001","Подробно","Microsoft-Windows-AppXDeployment-Server","Обслуживание пакета NcsiUwpApp_1000.19041.4239.0_neutral_neutral_8wekyb3d8bbwe завершено. При изменении состояния пакета на ""включен"" было возвращено 0x0."
"08.09.2026 22:07:09","10001","Подробно","Microsoft-Windows-AppXDeployment-Server","Обслуживание пакета NcsiUwpApp_1000.19041.4239.0_neutral_neutral_8wekyb3d8bbwe завершено. При изменении состояния пакета на ""включен"" было возвращено 0x0."
"08.09.2026 22:07:09","10001","Подробно","Microsoft-Windows-AppXDeployment-Server","Обслуживание пакета NcsiUwpApp_1000.19041.4239.0_neutral_neutral_8wekyb3d8bbwe завершено. При изменении состояния пакета на ""включен"" было возвращено 0x0."
"08.09.2026 22:07:09","10001","Подробно","Microsoft-Windows-AppXDeployment-Server","Обслуживание пакета NcsiUwpApp_1000.19041.4239.0_neutral_neutral_8wekyb3d8bbwe завершено. При изменении состояния пакета на ""включен"" было возвращено 0x0."
"08.09.2026 22:07:09","10001","Подробно","Microsoft-Windows-AppXDeployment-Server","Обслуживание пакета Microsoft.Windows.OOBENetworkCaptivePortal_10.0.19041.4239_neutral__cw5n1h2txyewy завершено. При изменении состояния пакета на ""включен"" было возвращено 0x0."
"08.09.2026 22:07:09","10001","Подробно","Microsoft-Windows-AppXDeployment-Server","Обслуживание пакета Microsoft.Windows.OOBENetworkCaptivePortal_10.0.19041.4239_neutral__cw5n1h2txyewy завершено. При изменении состояния пакета на ""включен"" было возвращено 0x0."
"08.09.2026 22:07:09","10001","Подробно","Microsoft-Windows-AppXDeployment-Server","Обслуживание пакета Microsoft.Windows.OOBENetworkCaptivePortal_10.0.19041.4239_neutral__cw5n1h2txyewy завершено. При изменении состояния пакета на ""включен"" было возвращено 0x0."
"08.09.2026 22:07:09","10001","Подробно","Microsoft-Windows-AppXDeployment-Server","Обслуживание пакета Microsoft.Windows.OOBENetworkCaptivePortal_10.0.19041.4239_neutral__cw5n1h2txyewy завершено. При изменении состояния пакета на ""включен"" было возвращено 0x0."
"08.09.2026 22:07:09","649","Сведения","Microsoft-Windows-AppXDeployment-Server","Операция развертывания ""Register"" для пакета Microsoft.Windows.ContentDeliveryManager_10.0.19041.4239_neutral_neutral_cw5n1h2txyewy: PostDeploymentOperationCheck cost: 0 ms"
"08.09.2026 22:07:09","400","Сведения","Microsoft-Windows-AppXDeployment-Server","Операция развертывания Register с конечным томом C: для пакета Microsoft.Windows.ContentDeliveryManager_10.0.19041.4239_neutral_neutral_cw5n1h2txyewy из  (AppxManifest.xml)  завершена успешно."
"08.09.2026 22:07:09","10001","Подробно","Microsoft-Windows-AppXDeployment-Server","Обслуживание пакета Microsoft.Windows.ContentDeliveryManager_10.0.19041.4239_neutral_neutral_cw5n1h2txyewy завершено. При изменении состояния пакета на ""включен"" было возвращено 0x0."
"08.09.2026 22:07:09","10001","Подробно","Microsoft-Windows-AppXDeployment-Server","Обслуживание пакета Microsoft.Windows.ContentDeliveryManager_10.0.19041.4239_neutral_neutral_cw5n1h2txyewy завершено. При изменении состояния пакета на ""включен"" было возвращено 0x0."
"08.09.2026 22:07:09","10001","Подробно","Microsoft-Windows-AppXDeployment-Server","Обслуживание пакета Microsoft.Windows.ContentDeliveryManager_10.0.19041.4239_neutral_neutral_cw5n1h2txyewy завершено. При изменении состояния пакета на ""включен"" было возвращено 0x0."
"08.09.2026 22:07:09","10001","Подробно","Microsoft-Windows-AppXDeployment-Server","Обслуживание пакета Microsoft.Windows.ContentDeliveryManager_10.0.19041.4239_neutral_neutral_cw5n1h2txyewy завершено. При изменении состояния пакета на ""включен"" было возвращено 0x0."
"08.09.2026 22:07:09","857","Подробно","Microsoft-Windows-AppXDeployment-Server","Получение состояния регистрации семейства пакетов NcsiUwpApp_8wekyb3d8bbwe завершено со следующим результатом: 0x0.(statusFound: false, состояние: 0x0)"
"08.09.2026 22:07:09","856","Подробно","Microsoft-Windows-AppXDeployment-Server","Получение состояния регистрации семейства пакетов NcsiUwpApp_8wekyb3d8bbwe для пользователя S-1-5-21-239302790-3235067425-44167425-1007."
"08.09.2026 22:07:09","9643","Подробно","Microsoft-Windows-AppXDeployment-Server","0x0: успешное выполнение TerminateApplications."
"08.09.2026 22:07:09","9643","Подробно","Microsoft-Windows-AppXDeployment-Server","0x0: успешное выполнение TerminateApplications."
"08.09.2026 22:07:09","10000","Подробно","Microsoft-Windows-AppXDeployment-Server","Будет выполнено обслуживание пакета Microsoft.Windows.Apprep.ChxApp_1000.19041.4239.0_neutral_neutral_cw5n1h2txyewy. При изменении состояния пакета на ""отключен"" было возвращено 0x0."
"08.09.2026 22:07:09","9643","Подробно","Microsoft-Windows-AppXDeployment-Server","0x0: успешное выполнение TerminateApplications."
"08.09.2026 22:07:09","9643","Подробно","Microsoft-Windows-AppXDeployment-Server","0x0: успешное выполнение TerminateApplications."
"08.09.2026 22:07:09","573","Сведения","Microsoft-Windows-AppXDeployment-Server","Настройка состояния ""Синхронизация включена"", имя семейства пакетов Microsoft.Windows.Apprep.ChxApp_cw5n1h2txyewy, включено false."
"08.09.2026 22:07:09","855","Сведения","Microsoft-Windows-AppXDeployment-Server","Завершено разрешение списков действий. Списки действий DeploymentRequest:  addPackageList: Microsoft.Windows.Apprep.ChxApp_1000.19041.4239.0_neutral_neutral_cw5n1h2txyewy."
"08.09.2026 22:07:09","9643","Подробно","Microsoft-Windows-AppXDeployment-Server","0x0: успешное выполнение TerminateApplications."
"08.09.2026 22:07:09","9643","Подробно","Microsoft-Windows-AppXDeployment-Server","0x0: успешное выполнение TerminateApplications."
"08.09.2026 22:07:09","9643","Подробно","Microsoft-Windows-AppXDeployment-Server","0x0: успешное выполнение TerminateApplications."
"08.09.2026 22:07:09","9643","Подробно","Microsoft-Windows-AppXDeployment-Server","0x0: успешное выполнение TerminateApplications."
"08.09.2026 22:07:09","854","Сведения","Microsoft-Windows-AppXDeployment-Server","Успешно добавлены следующие универсальные коды ресурсов (URI), которые нужно обработать:  C:\Windows\SystemApps\Microsoft.Windows.AppRep.ChxApp_cw5n1h2txyewy\AppxManifest.xml."
"08.09.2026 22:07:09","857","Подробно","Microsoft-Windows-AppXDeployment-Server","Получение состояния регистрации семейства пакетов Microsoft.Windows.ContentDeliveryManager_cw5n1h2txyewy завершено со следующим результатом: 0x0.(statusFound: false, состояние: 0x0)"
"08.09.2026 22:07:09","856","Подробно","Microsoft-Windows-AppXDeployment-Server","Получение состояния регистрации семейства пакетов Microsoft.Windows.ContentDeliveryManager_cw5n1h2txyewy для пользователя S-1-5-21-239302790-3235067425-44167425-1007."
"08.09.2026 22:07:09","607","Сведения","Microsoft-Windows-AppXDeployment-Server","Операция развертывания Register в отношении пакета Microsoft.Windows.Apprep.ChxApp_1000.19041.4239.0_neutral_neutral_cw5n1h2txyewy выведена из очереди и выполняется для SID пользователя S-1-5-21-239302790-3235067425-44167425-1007."
"08.09.2026 22:07:09","10002","Подробно","Microsoft-Windows-AppXDeployment-Server","Создание файла устойчивости C:\ProgramData\Microsoft\Windows\AppRepository\4b941eda-7998-4f15-a1db-00b2c5a17261_S-1-5-21-239302790-3235067425-44167425-1007_33.rslc для операции Register с пакетом Microsoft.Windows.Apprep.ChxApp_1000.19041.4239.0_neutral_neutral_cw5n1h2txyewy."
"08.09.2026 22:07:09","626","Подробно","Microsoft-Windows-AppXDeployment-Server","Операция развертывания Register в отношении пакета Microsoft.MicrosoftEdge.Stable_152.0.4191.53_neutral__8wekyb3d8bbwe повторно поставлена в очередь для SID пользователя S-1-5-21-239302790-3235067425-44167425-1007."
"08.09.2026 22:07:09","854","Сведения","Microsoft-Windows-AppXDeployment-Server","Успешно добавлены следующие универсальные коды ресурсов (URI), которые нужно обработать:  C:\Program Files\WindowsApps\Microsoft.MicrosoftEdge.Stable_152.0.4191.53_neutral__8wekyb3d8bbwe\AppxManifest.xml."
"08.09.2026 22:07:09","607","Сведения","Microsoft-Windows-AppXDeployment-Server","Операция развертывания Register в отношении пакета Microsoft.MicrosoftEdge.Stable_152.0.4191.53_neutral__8wekyb3d8bbwe выведена из очереди и выполняется для SID пользователя S-1-5-21-239302790-3235067425-44167425-1007."
"08.09.2026 22:07:09","10002","Подробно","Microsoft-Windows-AppXDeployment-Server","Создание файла устойчивости C:\ProgramData\Microsoft\Windows\AppRepository\4b941eda-7998-4f15-a1db-00b2c5a17261_S-1-5-21-239302790-3235067425-44167425-1007_32.rslc для операции Register с пакетом Microsoft.MicrosoftEdge.Stable_152.0.4191.53_neutral__8wekyb3d8bbwe."
"08.09.2026 22:07:09","613","Сведения","Microsoft-Windows-AppXDeployment-Server","Сводка по эффективности операции развертывания ""Register"" для пакета Microsoft.XboxGameCallableUI_1000.19041.4239.0_neutral_neutral_cw5n1h2txyewy: 
Overall time: 1531 ms
Gap: 15 ms
Enqueue cost: 94 ms
Dequeue delay: 672 ms
Bundle processing cost: 15 ms
Indexing cost: 47 ms
Resolve dependency cost: 16 ms
Check approval cost: 0 ms
Evaluation cost: 0 ms
Hardlinking evaluation cost: 0 ms
Stage required cost: 0 ms
Flushing and closing files cost: 0 ms
Gap: 47 ms
Machine register cost: 0 ms
Stage user data cost: 0 ms
Gap: 15 ms
Registration cost: 438 ms
Repository commit transaction cost: 125 ms
Gap: 31 ms
Data flush cost: 0 ms
Post DeStage repository commit transaction cost: 0 ms
Remaining cost: 16 ms
"
"08.09.2026 22:07:09","10000","Подробно","Microsoft-Windows-AppXDeployment-Server","Будет выполнено обслуживание пакета Microsoft.Windows.OOBENetworkCaptivePortal_10.0.19041.4239_neutral__cw5n1h2txyewy. При изменении состояния пакета на ""отключен"" было возвращено 0x0."
"08.09.2026 22:07:09","9643","Подробно","Microsoft-Windows-AppXDeployment-Server","0x0: успешное выполнение TerminateApplications."
"08.09.2026 22:07:09","9643","Подробно","Microsoft-Windows-AppXDeployment-Server","0x0: успешное выполнение TerminateApplications."
"08.09.2026 22:07:09","649","Сведения","Microsoft-Windows-AppXDeployment-Server","Операция развертывания ""Register"" для пакета Microsoft.XboxGameCallableUI_1000.19041.4239.0_neutral_neutral_cw5n1h2txyewy: PostDeploymentOperationCheck cost: 0 ms"
"08.09.2026 22:07:09","400","Сведения","Microsoft-Windows-AppXDeployment-Server","Операция развертывания Register с конечным томом C: для пакета Microsoft.XboxGameCallableUI_1000.19041.4239.0_neutral_neutral_cw5n1h2txyewy из  (AppxManifest.xml)  завершена успешно."
"08.09.2026 22:07:09","10000","Подробно","Microsoft-Windows-AppXDeployment-Server","Будет выполнено обслуживание пакета NcsiUwpApp_1000.19041.4239.0_neutral_neutral_8wekyb3d8bbwe. При изменении состояния пакета на ""отключен"" было возвращено 0x0."
