"TimeCreated","Id","LevelDisplayName","ProviderName","Message"
"09.09.2026 8:20:11","231","Подробно","Microsoft-Windows-StateRepository","RepositoryManagerServerUpgrade с параметрами: 0x1"
"09.09.2026 8:14:43","231","Подробно","Microsoft-Windows-StateRepository","RepositoryManagerServerUpgrade с параметрами: 0x1"
"09.09.2026 7:52:30","231","Подробно","Microsoft-Windows-StateRepository","RepositoryManagerServerUpgrade с параметрами: 0x1"
"09.09.2026 7:38:16","231","Подробно","Microsoft-Windows-StateRepository","RepositoryManagerServerUpgrade с параметрами: 0x1"
"09.09.2026 7:22:29","231","Подробно","Microsoft-Windows-StateRepository","RepositoryManagerServerUpgrade с параметрами: 0x1"
"09.09.2026 6:52:29","231","Подробно","Microsoft-Windows-StateRepository","RepositoryManagerServerUpgrade с параметрами: 0x1"
"09.09.2026 6:22:29","231","Подробно","Microsoft-Windows-StateRepository","RepositoryManagerServerUpgrade с параметрами: 0x1"
"09.09.2026 6:08:49","231","Подробно","Microsoft-Windows-StateRepository","RepositoryManagerServerUpgrade с параметрами: 0x1"
"09.09.2026 3:12:00","231","Подробно","Microsoft-Windows-StateRepository","RepositoryManagerServerUpgrade с параметрами: 0x1"
"09.09.2026 3:05:24","231","Подробно","Microsoft-Windows-StateRepository","RepositoryManagerServerUpgrade с параметрами: 0x1"
"09.09.2026 2:50:06","231","Подробно","Microsoft-Windows-StateRepository","RepositoryManagerServerUpgrade с параметрами: 0x1"
"09.09.2026 2:32:57","271","Подробно","Microsoft-Windows-StateRepository","Элемент SRCache успешно обновлен [параметры = 0x0]"
"09.09.2026 2:32:57","221","Подробно","Microsoft-Windows-StateRepository","Выполнена команда ANALYZE; статистика базы данных обновлена [Partition=2, ProcessId=15748]"
"09.09.2026 2:32:57","221","Подробно","Microsoft-Windows-StateRepository","Выполнена команда ANALYZE; статистика базы данных обновлена [Partition=1, ProcessId=15748]"
"09.09.2026 2:31:38","231","Подробно","Microsoft-Windows-StateRepository","RepositoryManagerServerUpgrade с параметрами: 0x1"
"09.09.2026 2:12:15","231","Подробно","Microsoft-Windows-StateRepository","RepositoryManagerServerUpgrade с параметрами: 0x1"
"09.09.2026 2:02:55","231","Подробно","Microsoft-Windows-StateRepository","RepositoryManagerServerUpgrade с параметрами: 0x1"
"09.09.2026 0:52:39","231","Подробно","Microsoft-Windows-StateRepository","RepositoryManagerServerUpgrade с параметрами: 0x1"
"08.09.2026 22:13:37","271","Подробно","Microsoft-Windows-StateRepository","Элемент SRCache успешно обновлен [параметры = 0x0]"
"08.09.2026 22:13:36","271","Подробно","Microsoft-Windows-StateRepository","Элемент SRCache успешно обновлен [параметры = 0x0]"
"08.09.2026 22:13:36","221","Подробно","Microsoft-Windows-StateRepository","Выполнена команда ANALYZE; статистика базы данных обновлена [Partition=2, ProcessId=7068]"
"08.09.2026 22:13:36","221","Подробно","Microsoft-Windows-StateRepository","Выполнена команда ANALYZE; статистика базы данных обновлена [Partition=1, ProcessId=7068]"
"08.09.2026 22:13:36","231","Подробно","Microsoft-Windows-StateRepository","RepositoryManagerServerUpgrade с параметрами: 0x1"
"08.09.2026 22:08:05","271","Подробно","Microsoft-Windows-StateRepository","Элемент SRCache успешно обновлен [параметры = 0x0]"
"08.09.2026 22:08:05","221","Подробно","Microsoft-Windows-StateRepository","Выполнена команда ANALYZE; статистика базы данных обновлена [Partition=2, ProcessId=13296]"
"08.09.2026 22:08:05","221","Подробно","Microsoft-Windows-StateRepository","Выполнена команда ANALYZE; статистика базы данных обновлена [Partition=1, ProcessId=13296]"
"08.09.2026 22:07:32","271","Подробно","Microsoft-Windows-StateRepository","Элемент SRCache успешно обновлен [параметры = 0x0]"
"08.09.2026 22:07:32","271","Подробно","Microsoft-Windows-StateRepository","Элемент SRCache успешно обновлен [параметры = 0x0]"
"08.09.2026 22:07:28","271","Подробно","Microsoft-Windows-StateRepository","Элемент SRCache успешно обновлен [параметры = 0x0]"
"08.09.2026 22:07:28","271","Подробно","Microsoft-Windows-StateRepository","Элемент SRCache успешно обновлен [параметры = 0x0]"
"08.09.2026 22:07:27","271","Подробно","Microsoft-Windows-StateRepository","Элемент SRCache успешно обновлен [параметры = 0x0]"
"08.09.2026 22:07:26","271","Подробно","Microsoft-Windows-StateRepository","Элемент SRCache успешно обновлен [параметры = 0x0]"
"08.09.2026 22:07:26","271","Подробно","Microsoft-Windows-StateRepository","Элемент SRCache успешно обновлен [параметры = 0x0]"
"08.09.2026 22:07:26","271","Подробно","Microsoft-Windows-StateRepository","Элемент SRCache успешно обновлен [параметры = 0x0]"
"08.09.2026 22:07:25","271","Подробно","Microsoft-Windows-StateRepository","Элемент SRCache успешно обновлен [параметры = 0x0]"
"08.09.2026 22:07:25","271","Подробно","Microsoft-Windows-StateRepository","Элемент SRCache успешно обновлен [параметры = 0x0]"
"08.09.2026 22:07:25","271","Подробно","Microsoft-Windows-StateRepository","Элемент SRCache успешно обновлен [параметры = 0x0]"
"08.09.2026 22:07:24","271","Подробно","Microsoft-Windows-StateRepository","Элемент SRCache успешно обновлен [параметры = 0x0]"
"08.09.2026 22:07:24","271","Подробно","Microsoft-Windows-StateRepository","Элемент SRCache успешно обновлен [параметры = 0x0]"
"08.09.2026 22:07:23","271","Подробно","Microsoft-Windows-StateRepository","Элемент SRCache успешно обновлен [параметры = 0x0]"
"08.09.2026 22:07:22","271","Подробно","Microsoft-Windows-StateRepository","Элемент SRCache успешно обновлен [параметры = 0x0]"
"08.09.2026 22:07:22","271","Подробно","Microsoft-Windows-StateRepository","Элемент SRCache успешно обновлен [параметры = 0x0]"
"08.09.2026 22:07:21","271","Подробно","Microsoft-Windows-StateRepository","Элемент SRCache успешно обновлен [параметры = 0x0]"
"08.09.2026 22:07:21","271","Подробно","Microsoft-Windows-StateRepository","Элемент SRCache успешно обновлен [параметры = 0x0]"
"08.09.2026 22:07:21","271","Подробно","Microsoft-Windows-StateRepository","Элемент SRCache успешно обновлен [параметры = 0x0]"
"08.09.2026 22:07:21","271","Подробно","Microsoft-Windows-StateRepository","Элемент SRCache успешно обновлен [параметры = 0x0]"
"08.09.2026 22:07:21","271","Подробно","Microsoft-Windows-StateRepository","Элемент SRCache успешно обновлен [параметры = 0x0]"
"08.09.2026 22:07:21","271","Подробно","Microsoft-Windows-StateRepository","Элемент SRCache успешно обновлен [параметры = 0x0]"
"08.09.2026 22:07:21","271","Подробно","Microsoft-Windows-StateRepository","Элемент SRCache успешно обновлен [параметры = 0x0]"
"08.09.2026 22:07:21","105","Сведения","Microsoft-Windows-StateRepository","Сведения 0x0: [sqlite3_exec] #19 Database 0: Try 2 (360ms) {00000000-0000-0000-0000-000000000000} TID:0 <no-error-message> : SQL BEGIN EXCLUSIVE /*A60808C1-EDAB-4867-8711-E15025C583A2*/;"
"08.09.2026 22:07:21","104","Предупреждение","Microsoft-Windows-StateRepository","Предупреждение 0x80670007: [sqlite3_exec] #18 Database 0: Try 1 (360ms) {00000000-0000-0000-0000-000000000000} Cpu:8 Io:5 Mem:5 TID:0 database is locked : SQL BEGIN EXCLUSIVE /*A60808C1-EDAB-4867-8711-E15025C583A2*/;"
"08.09.2026 22:07:21","271","Подробно","Microsoft-Windows-StateRepository","Элемент SRCache успешно обновлен [параметры = 0x0]"
"08.09.2026 22:07:21","271","Подробно","Microsoft-Windows-StateRepository","Элемент SRCache успешно обновлен [параметры = 0x0]"
"08.09.2026 22:07:20","271","Подробно","Microsoft-Windows-StateRepository","Элемент SRCache успешно обновлен [параметры = 0x0]"
"08.09.2026 22:07:20","271","Подробно","Microsoft-Windows-StateRepository","Элемент SRCache успешно обновлен [параметры = 0x0]"
"08.09.2026 22:07:20","271","Подробно","Microsoft-Windows-StateRepository","Элемент SRCache успешно обновлен [параметры = 0x0]"
"08.09.2026 22:07:20","271","Подробно","Microsoft-Windows-StateRepository","Элемент SRCache успешно обновлен [параметры = 0x0]"
"08.09.2026 22:07:20","271","Подробно","Microsoft-Windows-StateRepository","Элемент SRCache успешно обновлен [параметры = 0x0]"
"08.09.2026 22:07:20","105","Сведения","Microsoft-Windows-StateRepository","Сведения 0x0: [sqlite3_exec] #17 Database 0: Try 17 (5906ms) {00000000-0000-0000-0000-000000000000} TID:0 <no-error-message> : SQL BEGIN EXCLUSIVE /*A60808C1-EDAB-4867-8711-E15025C583A2*/;"
"08.09.2026 22:07:20","105","Сведения","Microsoft-Windows-StateRepository","Сведения 0x0: [sqlite3_exec] #102 Database 0: Try 29 (10219ms) {00000000-0000-0000-0000-000000000000} TID:0 <no-error-message> : SQL BEGIN EXCLUSIVE /*4599FE23-B69C-4827-A790-60D100FF1287*/;"
"08.09.2026 22:07:20","105","Сведения","Microsoft-Windows-StateRepository","Сведения 0x0: [sqlite3_exec] #101 Database 0: Try 30 (10547ms) {00000000-0000-0000-0000-000000000000} TID:0 <no-error-message> : SQL BEGIN EXCLUSIVE /*FB2E4215-CAA2-47C2-B254-B44F139EEB0E*/;"
"08.09.2026 22:07:20","105","Сведения","Microsoft-Windows-StateRepository","Сведения 0x0: [sqlite3_exec] #100 Database 0: Try 29 (10203ms) {00000000-0000-0000-0000-000000000000} TID:0 <no-error-message> : SQL BEGIN EXCLUSIVE /*B421ECA4-5563-4428-8379-9D6E1E605C11*/;"
"08.09.2026 22:07:20","104","Предупреждение","Microsoft-Windows-StateRepository","Предупреждение 0x80670007: [sqlite3_exec] #99 Database 0: Try 29 (10547ms) {00000000-0000-0000-0000-000000000000} Cpu:8 Io:5 Mem:5 TID:0 database is locked : SQL BEGIN EXCLUSIVE /*FB2E4215-CAA2-47C2-B254-B44F139EEB0E*/;"
"08.09.2026 22:07:20","104","Предупреждение","Microsoft-Windows-StateRepository","Предупреждение 0x80670007: [sqlite3_exec] #16 Database 0: Try 16 (5906ms) {00000000-0000-0000-0000-000000000000} Cpu:8 Io:5 Mem:5 TID:0 database is locked : SQL BEGIN EXCLUSIVE /*A60808C1-EDAB-4867-8711-E15025C583A2*/;"
"08.09.2026 22:07:20","104","Предупреждение","Microsoft-Windows-StateRepository","Предупреждение 0x80670007: [sqlite3_exec] #98 Database 0: Try 28 (10203ms) {00000000-0000-0000-0000-000000000000} Cpu:10 Io:5 Mem:5 TID:0 database is locked : SQL BEGIN EXCLUSIVE /*B421ECA4-5563-4428-8379-9D6E1E605C11*/;"
"08.09.2026 22:07:20","104","Предупреждение","Microsoft-Windows-StateRepository","Предупреждение 0x80670007: [sqlite3_exec] #97 Database 0: Try 28 (10219ms) {00000000-0000-0000-0000-000000000000} Cpu:10 Io:5 Mem:5 TID:0 database is locked : SQL BEGIN EXCLUSIVE /*4599FE23-B69C-4827-A790-60D100FF1287*/;"
"08.09.2026 22:07:20","104","Предупреждение","Microsoft-Windows-StateRepository","Предупреждение 0x80670007: [sqlite3_exec] #96 Database 0: Try 28 (10187ms) {00000000-0000-0000-0000-000000000000} Cpu:8 Io:5 Mem:5 TID:0 database is locked : SQL BEGIN EXCLUSIVE /*FB2E4215-CAA2-47C2-B254-B44F139EEB0E*/;"
"08.09.2026 22:07:19","104","Предупреждение","Microsoft-Windows-StateRepository","Предупреждение 0x80670007: [sqlite3_exec] #95 Database 0: Try 27 (9844ms) {00000000-0000-0000-0000-000000000000} Cpu:10 Io:5 Mem:5 TID:0 database is locked : SQL BEGIN EXCLUSIVE /*4599FE23-B69C-4827-A790-60D100FF1287*/;"
"08.09.2026 22:07:19","104","Предупреждение","Microsoft-Windows-StateRepository","Предупреждение 0x80670007: [sqlite3_exec] #15 Database 0: Try 15 (5531ms) {00000000-0000-0000-0000-000000000000} Cpu:8 Io:5 Mem:5 TID:0 database is locked : SQL BEGIN EXCLUSIVE /*A60808C1-EDAB-4867-8711-E15025C583A2*/;"
"08.09.2026 22:07:19","104","Предупреждение","Microsoft-Windows-StateRepository","Предупреждение 0x80670007: [sqlite3_exec] #94 Database 0: Try 27 (9828ms) {00000000-0000-0000-0000-000000000000} Cpu:10 Io:5 Mem:5 TID:0 database is locked : SQL BEGIN EXCLUSIVE /*B421ECA4-5563-4428-8379-9D6E1E605C11*/;"
"08.09.2026 22:07:19","104","Предупреждение","Microsoft-Windows-StateRepository","Предупреждение 0x80670007: [sqlite3_exec] #93 Database 0: Try 27 (9828ms) {00000000-0000-0000-0000-000000000000} Cpu:8 Io:5 Mem:5 TID:0 database is locked : SQL BEGIN EXCLUSIVE /*FB2E4215-CAA2-47C2-B254-B44F139EEB0E*/;"
"08.09.2026 22:07:19","104","Предупреждение","Microsoft-Windows-StateRepository","Предупреждение 0x80670007: [sqlite3_exec] #92 Database 0: Try 26 (9469ms) {00000000-0000-0000-0000-000000000000} Cpu:10 Io:5 Mem:5 TID:0 database is locked : SQL BEGIN EXCLUSIVE /*4599FE23-B69C-4827-A790-60D100FF1287*/;"
"08.09.2026 22:07:19","104","Предупреждение","Microsoft-Windows-StateRepository","Предупреждение 0x80670007: [sqlite3_exec] #14 Database 0: Try 14 (5156ms) {00000000-0000-0000-0000-000000000000} Cpu:8 Io:5 Mem:5 TID:0 database is locked : SQL BEGIN EXCLUSIVE /*A60808C1-EDAB-4867-8711-E15025C583A2*/;"
"08.09.2026 22:07:19","104","Предупреждение","Microsoft-Windows-StateRepository","Предупреждение 0x80670007: [sqlite3_exec] #91 Database 0: Try 26 (9453ms) {00000000-0000-0000-0000-000000000000} Cpu:10 Io:5 Mem:5 TID:0 database is locked : SQL BEGIN EXCLUSIVE /*B421ECA4-5563-4428-8379-9D6E1E605C11*/;"
"08.09.2026 22:07:19","104","Предупреждение","Microsoft-Windows-StateRepository","Предупреждение 0x80670007: [sqlite3_exec] #90 Database 0: Try 26 (9469ms) {00000000-0000-0000-0000-000000000000} Cpu:8 Io:5 Mem:5 TID:0 database is locked : SQL BEGIN EXCLUSIVE /*FB2E4215-CAA2-47C2-B254-B44F139EEB0E*/;"
"08.09.2026 22:07:19","104","Предупреждение","Microsoft-Windows-StateRepository","Предупреждение 0x80670007: [sqlite3_exec] #13 Database 0: Try 13 (4781ms) {00000000-0000-0000-0000-000000000000} Cpu:8 Io:5 Mem:5 TID:0 database is locked : SQL BEGIN EXCLUSIVE /*A60808C1-EDAB-4867-8711-E15025C583A2*/;"
"08.09.2026 22:07:19","104","Предупреждение","Microsoft-Windows-StateRepository","Предупреждение 0x80670007: [sqlite3_exec] #89 Database 0: Try 25 (9094ms) {00000000-0000-0000-0000-000000000000} Cpu:10 Io:5 Mem:5 TID:0 database is locked : SQL BEGIN EXCLUSIVE /*4599FE23-B69C-4827-A790-60D100FF1287*/;"
"08.09.2026 22:07:19","104","Предупреждение","Microsoft-Windows-StateRepository","Предупреждение 0x80670007: [sqlite3_exec] #88 Database 0: Try 25 (9078ms) {00000000-0000-0000-0000-000000000000} Cpu:10 Io:5 Mem:5 TID:0 database is locked : SQL BEGIN EXCLUSIVE /*B421ECA4-5563-4428-8379-9D6E1E605C11*/;"
"08.09.2026 22:07:19","104","Предупреждение","Microsoft-Windows-StateRepository","Предупреждение 0x80670007: [sqlite3_exec] #87 Database 0: Try 25 (9094ms) {00000000-0000-0000-0000-000000000000} Cpu:8 Io:5 Mem:5 TID:0 database is locked : SQL BEGIN EXCLUSIVE /*FB2E4215-CAA2-47C2-B254-B44F139EEB0E*/;"
"08.09.2026 22:07:18","104","Предупреждение","Microsoft-Windows-StateRepository","Предупреждение 0x80670007: [sqlite3_exec] #12 Database 0: Try 12 (4391ms) {00000000-0000-0000-0000-000000000000} Cpu:8 Io:5 Mem:5 TID:0 database is locked : SQL BEGIN EXCLUSIVE /*A60808C1-EDAB-4867-8711-E15025C583A2*/;"
"08.09.2026 22:07:18","104","Предупреждение","Microsoft-Windows-StateRepository","Предупреждение 0x80670007: [sqlite3_exec] #86 Database 0: Try 24 (8704ms) {00000000-0000-0000-0000-000000000000} Cpu:10 Io:5 Mem:5 TID:0 database is locked : SQL BEGIN EXCLUSIVE /*4599FE23-B69C-4827-A790-60D100FF1287*/;"
"08.09.2026 22:07:18","104","Предупреждение","Microsoft-Windows-StateRepository","Предупреждение 0x80670007: [sqlite3_exec] #85 Database 0: Try 24 (8688ms) {00000000-0000-0000-0000-000000000000} Cpu:10 Io:5 Mem:5 TID:0 database is locked : SQL BEGIN EXCLUSIVE /*B421ECA4-5563-4428-8379-9D6E1E605C11*/;"
"08.09.2026 22:07:18","104","Предупреждение","Microsoft-Windows-StateRepository","Предупреждение 0x80670007: [sqlite3_exec] #84 Database 0: Try 24 (8703ms) {00000000-0000-0000-0000-000000000000} Cpu:8 Io:5 Mem:5 TID:0 database is locked : SQL BEGIN EXCLUSIVE /*FB2E4215-CAA2-47C2-B254-B44F139EEB0E*/;"
"08.09.2026 22:07:18","104","Предупреждение","Microsoft-Windows-StateRepository","Предупреждение 0x80670007: [sqlite3_exec] #83 Database 0: Try 23 (8344ms) {00000000-0000-0000-0000-000000000000} Cpu:10 Io:5 Mem:5 TID:0 database is locked : SQL BEGIN EXCLUSIVE /*4599FE23-B69C-4827-A790-60D100FF1287*/;"
"08.09.2026 22:07:18","104","Предупреждение","Microsoft-Windows-StateRepository","Предупреждение 0x80670007: [sqlite3_exec] #82 Database 0: Try 23 (8328ms) {00000000-0000-0000-0000-000000000000} Cpu:10 Io:5 Mem:5 TID:0 database is locked : SQL BEGIN EXCLUSIVE /*B421ECA4-5563-4428-8379-9D6E1E605C11*/;"
"08.09.2026 22:07:18","104","Предупреждение","Microsoft-Windows-StateRepository","Предупреждение 0x80670007: [sqlite3_exec] #11 Database 0: Try 11 (4016ms) {00000000-0000-0000-0000-000000000000} Cpu:8 Io:5 Mem:5 TID:0 database is locked : SQL BEGIN EXCLUSIVE /*A60808C1-EDAB-4867-8711-E15025C583A2*/;"
"08.09.2026 22:07:18","104","Предупреждение","Microsoft-Windows-StateRepository","Предупреждение 0x80670007: [sqlite3_exec] #81 Database 0: Try 23 (8328ms) {00000000-0000-0000-0000-000000000000} Cpu:8 Io:5 Mem:5 TID:0 database is locked : SQL BEGIN EXCLUSIVE /*FB2E4215-CAA2-47C2-B254-B44F139EEB0E*/;"
"08.09.2026 22:07:18","104","Предупреждение","Microsoft-Windows-StateRepository","Предупреждение 0x80670007: [sqlite3_exec] #80 Database 0: Try 22 (7985ms) {00000000-0000-0000-0000-000000000000} Cpu:10 Io:5 Mem:5 TID:0 database is locked : SQL BEGIN EXCLUSIVE /*4599FE23-B69C-4827-A790-60D100FF1287*/;"
"08.09.2026 22:07:18","104","Предупреждение","Microsoft-Windows-StateRepository","Предупреждение 0x80670007: [sqlite3_exec] #79 Database 0: Try 22 (7969ms) {00000000-0000-0000-0000-000000000000} Cpu:10 Io:5 Mem:5 TID:0 database is locked : SQL BEGIN EXCLUSIVE /*B421ECA4-5563-4428-8379-9D6E1E605C11*/;"
"08.09.2026 22:07:18","104","Предупреждение","Microsoft-Windows-StateRepository","Предупреждение 0x80670007: [sqlite3_exec] #10 Database 0: Try 10 (3656ms) {00000000-0000-0000-0000-000000000000} Cpu:8 Io:5 Mem:5 TID:0 database is locked : SQL BEGIN EXCLUSIVE /*A60808C1-EDAB-4867-8711-E15025C583A2*/;"
"08.09.2026 22:07:17","104","Предупреждение","Microsoft-Windows-StateRepository","Предупреждение 0x80670007: [sqlite3_exec] #78 Database 0: Try 22 (7969ms) {00000000-0000-0000-0000-000000000000} Cpu:8 Io:5 Mem:5 TID:0 database is locked : SQL BEGIN EXCLUSIVE /*FB2E4215-CAA2-47C2-B254-B44F139EEB0E*/;"
"08.09.2026 22:07:17","104","Предупреждение","Microsoft-Windows-StateRepository","Предупреждение 0x80670007: [sqlite3_exec] #76 Database 0: Try 21 (7626ms) {00000000-0000-0000-0000-000000000000} Cpu:10 Io:5 Mem:5 TID:0 database is locked : SQL BEGIN EXCLUSIVE /*4599FE23-B69C-4827-A790-60D100FF1287*/;"
"08.09.2026 22:07:17","104","Предупреждение","Microsoft-Windows-StateRepository","Предупреждение 0x80670007: [sqlite3_exec] #77 Database 0: Try 21 (7610ms) {00000000-0000-0000-0000-000000000000} Cpu:10 Io:5 Mem:5 TID:0 database is locked : SQL BEGIN EXCLUSIVE /*B421ECA4-5563-4428-8379-9D6E1E605C11*/;"
"08.09.2026 22:07:17","104","Предупреждение","Microsoft-Windows-StateRepository","Предупреждение 0x80670007: [sqlite3_exec] #9 Database 0: Try 9 (3297ms) {00000000-0000-0000-0000-000000000000} Cpu:8 Io:5 Mem:5 TID:0 database is locked : SQL BEGIN EXCLUSIVE /*A60808C1-EDAB-4867-8711-E15025C583A2*/;"
"08.09.2026 22:07:17","104","Предупреждение","Microsoft-Windows-StateRepository","Предупреждение 0x80670007: [sqlite3_exec] #75 Database 0: Try 21 (7609ms) {00000000-0000-0000-0000-000000000000} Cpu:8 Io:5 Mem:5 TID:0 database is locked : SQL BEGIN EXCLUSIVE /*FB2E4215-CAA2-47C2-B254-B44F139EEB0E*/;"
"08.09.2026 22:07:17","104","Предупреждение","Microsoft-Windows-StateRepository","Предупреждение 0x80670007: [sqlite3_exec] #74 Database 0: Try 20 (7250ms) {00000000-0000-0000-0000-000000000000} Cpu:10 Io:5 Mem:5 TID:0 database is locked : SQL BEGIN EXCLUSIVE /*4599FE23-B69C-4827-A790-60D100FF1287*/;"
"08.09.2026 22:07:17","104","Предупреждение","Microsoft-Windows-StateRepository","Предупреждение 0x80670007: [sqlite3_exec] #73 Database 0: Try 20 (7234ms) {00000000-0000-0000-0000-000000000000} Cpu:10 Io:5 Mem:5 TID:0 database is locked : SQL BEGIN EXCLUSIVE /*B421ECA4-5563-4428-8379-9D6E1E605C11*/;"
"08.09.2026 22:07:17","104","Предупреждение","Microsoft-Windows-StateRepository","Предупреждение 0x80670007: [sqlite3_exec] #8 Database 0: Try 8 (2922ms) {00000000-0000-0000-0000-000000000000} Cpu:8 Io:5 Mem:5 TID:0 database is locked : SQL BEGIN EXCLUSIVE /*A60808C1-EDAB-4867-8711-E15025C583A2*/;"
"08.09.2026 22:07:17","104","Предупреждение","Microsoft-Windows-StateRepository","Предупреждение 0x80670007: [sqlite3_exec] #72 Database 0: Try 20 (7250ms) {00000000-0000-0000-0000-000000000000} Cpu:8 Io:5 Mem:5 TID:0 database is locked : SQL BEGIN EXCLUSIVE /*FB2E4215-CAA2-47C2-B254-B44F139EEB0E*/;"
"08.09.2026 22:07:16","104","Предупреждение","Microsoft-Windows-StateRepository","Предупреждение 0x80670007: [sqlite3_exec] #70 Database 0: Try 19 (6891ms) {00000000-0000-0000-0000-000000000000} Cpu:10 Io:5 Mem:5 TID:0 database is locked : SQL BEGIN EXCLUSIVE /*4599FE23-B69C-4827-A790-60D100FF1287*/;"
"08.09.2026 22:07:16","104","Предупреждение","Microsoft-Windows-StateRepository","Предупреждение 0x80670007: [sqlite3_exec] #71 Database 0: Try 19 (6875ms) {00000000-0000-0000-0000-000000000000} Cpu:10 Io:5 Mem:5 TID:0 database is locked : SQL BEGIN EXCLUSIVE /*B421ECA4-5563-4428-8379-9D6E1E605C11*/;"
"08.09.2026 22:07:16","104","Предупреждение","Microsoft-Windows-StateRepository","Предупреждение 0x80670007: [sqlite3_exec] #7 Database 0: Try 7 (2563ms) {00000000-0000-0000-0000-000000000000} Cpu:8 Io:5 Mem:5 TID:0 database is locked : SQL BEGIN EXCLUSIVE /*A60808C1-EDAB-4867-8711-E15025C583A2*/;"
"08.09.2026 22:07:16","104","Предупреждение","Microsoft-Windows-StateRepository","Предупреждение 0x80670007: [sqlite3_exec] #69 Database 0: Try 19 (6890ms) {00000000-0000-0000-0000-000000000000} Cpu:8 Io:5 Mem:5 TID:0 database is locked : SQL BEGIN EXCLUSIVE /*FB2E4215-CAA2-47C2-B254-B44F139EEB0E*/;"
"08.09.2026 22:07:16","104","Предупреждение","Microsoft-Windows-StateRepository","Предупреждение 0x80670007: [sqlite3_exec] #68 Database 0: Try 18 (6516ms) {00000000-0000-0000-0000-000000000000} Cpu:10 Io:5 Mem:5 TID:0 database is locked : SQL BEGIN EXCLUSIVE /*4599FE23-B69C-4827-A790-60D100FF1287*/;"
"08.09.2026 22:07:16","104","Предупреждение","Microsoft-Windows-StateRepository","Предупреждение 0x80670007: [sqlite3_exec] #67 Database 0: Try 18 (6500ms) {00000000-0000-0000-0000-000000000000} Cpu:10 Io:5 Mem:5 TID:0 database is locked : SQL BEGIN EXCLUSIVE /*B421ECA4-5563-4428-8379-9D6E1E605C11*/;"
"08.09.2026 22:07:16","104","Предупреждение","Microsoft-Windows-StateRepository","Предупреждение 0x80670007: [sqlite3_exec] #6 Database 0: Try 6 (2172ms) {00000000-0000-0000-0000-000000000000} Cpu:8 Io:5 Mem:5 TID:0 database is locked : SQL BEGIN EXCLUSIVE /*A60808C1-EDAB-4867-8711-E15025C583A2*/;"
"08.09.2026 22:07:16","104","Предупреждение","Microsoft-Windows-StateRepository","Предупреждение 0x80670007: [sqlite3_exec] #66 Database 0: Try 18 (6516ms) {00000000-0000-0000-0000-000000000000} Cpu:8 Io:5 Mem:5 TID:0 database is locked : SQL BEGIN EXCLUSIVE /*FB2E4215-CAA2-47C2-B254-B44F139EEB0E*/;"
"08.09.2026 22:07:16","104","Предупреждение","Microsoft-Windows-StateRepository","Предупреждение 0x80670007: [sqlite3_exec] #65 Database 0: Try 17 (6141ms) {00000000-0000-0000-0000-000000000000} Cpu:10 Io:5 Mem:5 TID:0 database is locked : SQL BEGIN EXCLUSIVE /*B421ECA4-5563-4428-8379-9D6E1E605C11*/;"
"08.09.2026 22:07:16","104","Предупреждение","Microsoft-Windows-StateRepository","Предупреждение 0x80670007: [sqlite3_exec] #64 Database 0: Try 17 (6157ms) {00000000-0000-0000-0000-000000000000} Cpu:10 Io:5 Mem:5 TID:0 database is locked : SQL BEGIN EXCLUSIVE /*4599FE23-B69C-4827-A790-60D100FF1287*/;"
"08.09.2026 22:07:16","104","Предупреждение","Microsoft-Windows-StateRepository","Предупреждение 0x80670007: [sqlite3_exec] #5 Database 0: Try 5 (1812ms) {00000000-0000-0000-0000-000000000000} Cpu:8 Io:5 Mem:5 TID:0 database is locked : SQL BEGIN EXCLUSIVE /*A60808C1-EDAB-4867-8711-E15025C583A2*/;"
"08.09.2026 22:07:16","104","Предупреждение","Microsoft-Windows-StateRepository","Предупреждение 0x80670007: [sqlite3_exec] #63 Database 0: Try 17 (6156ms) {00000000-0000-0000-0000-000000000000} Cpu:8 Io:5 Mem:5 TID:0 database is locked : SQL BEGIN EXCLUSIVE /*FB2E4215-CAA2-47C2-B254-B44F139EEB0E*/;"
"08.09.2026 22:07:15","104","Предупреждение","Microsoft-Windows-StateRepository","Предупреждение 0x80670007: [sqlite3_exec] #62 Database 0: Try 16 (5797ms) {00000000-0000-0000-0000-000000000000} Cpu:10 Io:5 Mem:5 TID:0 database is locked : SQL BEGIN EXCLUSIVE /*4599FE23-B69C-4827-A790-60D100FF1287*/;"
"08.09.2026 22:07:15","104","Предупреждение","Microsoft-Windows-StateRepository","Предупреждение 0x80670007: [sqlite3_exec] #61 Database 0: Try 16 (5781ms) {00000000-0000-0000-0000-000000000000} Cpu:10 Io:5 Mem:5 TID:0 database is locked : SQL BEGIN EXCLUSIVE /*B421ECA4-5563-4428-8379-9D6E1E605C11*/;"
"08.09.2026 22:07:15","104","Предупреждение","Microsoft-Windows-StateRepository","Предупреждение 0x80670007: [sqlite3_exec] #4 Database 0: Try 4 (1453ms) {00000000-0000-0000-0000-000000000000} Cpu:8 Io:5 Mem:5 TID:0 database is locked : SQL BEGIN EXCLUSIVE /*A60808C1-EDAB-4867-8711-E15025C583A2*/;"
"08.09.2026 22:07:15","104","Предупреждение","Microsoft-Windows-StateRepository","Предупреждение 0x80670007: [sqlite3_exec] #60 Database 0: Try 16 (5797ms) {00000000-0000-0000-0000-000000000000} Cpu:8 Io:5 Mem:5 TID:0 database is locked : SQL BEGIN EXCLUSIVE /*FB2E4215-CAA2-47C2-B254-B44F139EEB0E*/;"
"08.09.2026 22:07:15","104","Предупреждение","Microsoft-Windows-StateRepository","Предупреждение 0x80670007: [sqlite3_exec] #58 Database 0: Try 15 (5422ms) {00000000-0000-0000-0000-000000000000} Cpu:10 Io:5 Mem:5 TID:0 database is locked : SQL BEGIN EXCLUSIVE /*B421ECA4-5563-4428-8379-9D6E1E605C11*/;"
"08.09.2026 22:07:15","104","Предупреждение","Microsoft-Windows-StateRepository","Предупреждение 0x80670007: [sqlite3_exec] #59 Database 0: Try 15 (5438ms) {00000000-0000-0000-0000-000000000000} Cpu:10 Io:5 Mem:5 TID:0 database is locked : SQL BEGIN EXCLUSIVE /*4599FE23-B69C-4827-A790-60D100FF1287*/;"
"08.09.2026 22:07:15","104","Предупреждение","Microsoft-Windows-StateRepository","Предупреждение 0x80670007: [sqlite3_exec] #3 Database 0: Try 3 (1094ms) {00000000-0000-0000-0000-000000000000} Cpu:8 Io:5 Mem:5 TID:0 database is locked : SQL BEGIN EXCLUSIVE /*A60808C1-EDAB-4867-8711-E15025C583A2*/;"
"08.09.2026 22:07:15","104","Предупреждение","Microsoft-Windows-StateRepository","Предупреждение 0x80670007: [sqlite3_exec] #57 Database 0: Try 15 (5437ms) {00000000-0000-0000-0000-000000000000} Cpu:8 Io:5 Mem:5 TID:0 database is locked : SQL BEGIN EXCLUSIVE /*FB2E4215-CAA2-47C2-B254-B44F139EEB0E*/;"
"08.09.2026 22:07:15","104","Предупреждение","Microsoft-Windows-StateRepository","Предупреждение 0x80670007: [sqlite3_exec] #56 Database 0: Try 14 (5062ms) {00000000-0000-0000-0000-000000000000} Cpu:10 Io:5 Mem:5 TID:0 database is locked : SQL BEGIN EXCLUSIVE /*B421ECA4-5563-4428-8379-9D6E1E605C11*/;"
"08.09.2026 22:07:15","104","Предупреждение","Microsoft-Windows-StateRepository","Предупреждение 0x80670007: [sqlite3_exec] #55 Database 0: Try 14 (5078ms) {00000000-0000-0000-0000-000000000000} Cpu:10 Io:5 Mem:5 TID:0 database is locked : SQL BEGIN EXCLUSIVE /*4599FE23-B69C-4827-A790-60D100FF1287*/;"
"08.09.2026 22:07:15","104","Предупреждение","Microsoft-Windows-StateRepository","Предупреждение 0x80670007: [sqlite3_exec] #2 Database 0: Try 2 (719ms) {00000000-0000-0000-0000-000000000000} Cpu:8 Io:5 Mem:5 TID:0 database is locked : SQL BEGIN EXCLUSIVE /*A60808C1-EDAB-4867-8711-E15025C583A2*/;"
"08.09.2026 22:07:15","104","Предупреждение","Microsoft-Windows-StateRepository","Предупреждение 0x80670007: [sqlite3_exec] #54 Database 0: Try 14 (5062ms) {00000000-0000-0000-0000-000000000000} Cpu:8 Io:5 Mem:5 TID:0 database is locked : SQL BEGIN EXCLUSIVE /*FB2E4215-CAA2-47C2-B254-B44F139EEB0E*/;"
"08.09.2026 22:07:14","104","Предупреждение","Microsoft-Windows-StateRepository","Предупреждение 0x80670007: [sqlite3_exec] #53 Database 0: Try 13 (4703ms) {00000000-0000-0000-0000-000000000000} Cpu:10 Io:5 Mem:5 TID:0 database is locked : SQL BEGIN EXCLUSIVE /*4599FE23-B69C-4827-A790-60D100FF1287*/;"
"08.09.2026 22:07:14","104","Предупреждение","Microsoft-Windows-StateRepository","Предупреждение 0x80670007: [sqlite3_exec] #52 Database 0: Try 13 (4672ms) {00000000-0000-0000-0000-000000000000} Cpu:10 Io:5 Mem:5 TID:0 database is locked : SQL BEGIN EXCLUSIVE /*B421ECA4-5563-4428-8379-9D6E1E605C11*/;"
"08.09.2026 22:07:14","104","Предупреждение","Microsoft-Windows-StateRepository","Предупреждение 0x80670007: [sqlite3_exec] #1 Database 0: Try 1 (360ms) {00000000-0000-0000-0000-000000000000} Cpu:8 Io:5 Mem:5 TID:0 database is locked : SQL BEGIN EXCLUSIVE /*A60808C1-EDAB-4867-8711-E15025C583A2*/;"
"08.09.2026 22:07:14","104","Предупреждение","Microsoft-Windows-StateRepository","Предупреждение 0x80670007: [sqlite3_exec] #51 Database 0: Try 13 (4703ms) {00000000-0000-0000-0000-000000000000} Cpu:8 Io:5 Mem:5 TID:0 database is locked : SQL BEGIN EXCLUSIVE /*FB2E4215-CAA2-47C2-B254-B44F139EEB0E*/;"
"08.09.2026 22:07:14","104","Предупреждение","Microsoft-Windows-StateRepository","Предупреждение 0x80670007: [sqlite3_exec] #50 Database 0: Try 12 (4344ms) {00000000-0000-0000-0000-000000000000} Cpu:10 Io:5 Mem:5 TID:0 database is locked : SQL BEGIN EXCLUSIVE /*4599FE23-B69C-4827-A790-60D100FF1287*/;"
"08.09.2026 22:07:14","104","Предупреждение","Microsoft-Windows-StateRepository","Предупреждение 0x80670007: [sqlite3_exec] #49 Database 0: Try 12 (4312ms) {00000000-0000-0000-0000-000000000000} Cpu:10 Io:5 Mem:5 TID:0 database is locked : SQL BEGIN EXCLUSIVE /*B421ECA4-5563-4428-8379-9D6E1E605C11*/;"
"08.09.2026 22:07:14","104","Предупреждение","Microsoft-Windows-StateRepository","Предупреждение 0x80670007: [sqlite3_exec] #48 Database 0: Try 12 (4344ms) {00000000-0000-0000-0000-000000000000} Cpu:8 Io:5 Mem:5 TID:0 database is locked : SQL BEGIN EXCLUSIVE /*FB2E4215-CAA2-47C2-B254-B44F139EEB0E*/;"
"08.09.2026 22:07:14","105","Сведения","Microsoft-Windows-StateRepository","Сведения 0x0: [sqlite3_exec] #47 Database 0: Try 12 (4001ms) {00000000-0000-0000-0000-000000000000} TID:0 <no-error-message> : SQL BEGIN EXCLUSIVE /*4599FE23-B69C-4827-A790-60D100FF1287*/;"
"08.09.2026 22:07:14","104","Предупреждение","Microsoft-Windows-StateRepository","Предупреждение 0x80670007: [sqlite3_exec] #46 Database 0: Try 11 (3969ms) {00000000-0000-0000-0000-000000000000} Cpu:10 Io:5 Mem:5 TID:0 database is locked : SQL BEGIN EXCLUSIVE /*4599FE23-B69C-4827-A790-60D100FF1287*/;"
"08.09.2026 22:07:14","104","Предупреждение","Microsoft-Windows-StateRepository","Предупреждение 0x80670007: [sqlite3_exec] #45 Database 0: Try 11 (3953ms) {00000000-0000-0000-0000-000000000000} Cpu:10 Io:5 Mem:5 TID:0 database is locked : SQL BEGIN EXCLUSIVE /*B421ECA4-5563-4428-8379-9D6E1E605C11*/;"
"08.09.2026 22:07:13","104","Предупреждение","Microsoft-Windows-StateRepository","Предупреждение 0x80670007: [sqlite3_exec] #44 Database 0: Try 11 (4001ms) {00000000-0000-0000-0000-000000000000} Cpu:10 Io:5 Mem:5 TID:0 database is locked : SQL BEGIN EXCLUSIVE /*4599FE23-B69C-4827-A790-60D100FF1287*/;"
"08.09.2026 22:07:13","104","Предупреждение","Microsoft-Windows-StateRepository","Предупреждение 0x80670007: [sqlite3_exec] #43 Database 0: Try 11 (3984ms) {00000000-0000-0000-0000-000000000000} Cpu:8 Io:5 Mem:5 TID:0 database is locked : SQL BEGIN EXCLUSIVE /*FB2E4215-CAA2-47C2-B254-B44F139EEB0E*/;"
"08.09.2026 22:07:13","104","Предупреждение","Microsoft-Windows-StateRepository","Предупреждение 0x80670007: [sqlite3_exec] #42 Database 0: Try 10 (3594ms) {00000000-0000-0000-0000-000000000000} Cpu:10 Io:5 Mem:5 TID:0 database is locked : SQL BEGIN EXCLUSIVE /*B421ECA4-5563-4428-8379-9D6E1E605C11*/;"
"08.09.2026 22:07:13","104","Предупреждение","Microsoft-Windows-StateRepository","Предупреждение 0x80670007: [sqlite3_exec] #41 Database 0: Try 10 (3610ms) {00000000-0000-0000-0000-000000000000} Cpu:10 Io:5 Mem:5 TID:0 database is locked : SQL BEGIN EXCLUSIVE /*4599FE23-B69C-4827-A790-60D100FF1287*/;"
"08.09.2026 22:07:13","104","Предупреждение","Microsoft-Windows-StateRepository","Предупреждение 0x80670007: [sqlite3_exec] #40 Database 0: Try 10 (3626ms) {00000000-0000-0000-0000-000000000000} Cpu:10 Io:5 Mem:5 TID:0 database is locked : SQL BEGIN EXCLUSIVE /*4599FE23-B69C-4827-A790-60D100FF1287*/;"
"08.09.2026 22:07:13","104","Предупреждение","Microsoft-Windows-StateRepository","Предупреждение 0x80670007: [sqlite3_exec] #39 Database 0: Try 10 (3610ms) {00000000-0000-0000-0000-000000000000} Cpu:8 Io:5 Mem:5 TID:0 database is locked : SQL BEGIN EXCLUSIVE /*FB2E4215-CAA2-47C2-B254-B44F139EEB0E*/;"
"08.09.2026 22:07:13","104","Предупреждение","Microsoft-Windows-StateRepository","Предупреждение 0x80670007: [sqlite3_exec] #37 Database 0: Try 9 (3251ms) {00000000-0000-0000-0000-000000000000} Cpu:10 Io:5 Mem:5 TID:0 database is locked : SQL BEGIN EXCLUSIVE /*4599FE23-B69C-4827-A790-60D100FF1287*/;"
"08.09.2026 22:07:13","104","Предупреждение","Microsoft-Windows-StateRepository","Предупреждение 0x80670007: [sqlite3_exec] #38 Database 0: Try 9 (3235ms) {00000000-0000-0000-0000-000000000000} Cpu:10 Io:5 Mem:5 TID:0 database is locked : SQL BEGIN EXCLUSIVE /*B421ECA4-5563-4428-8379-9D6E1E605C11*/;"
"08.09.2026 22:07:13","104","Предупреждение","Microsoft-Windows-StateRepository","Предупреждение 0x80670007: [sqlite3_exec] #36 Database 0: Try 9 (3251ms) {00000000-0000-0000-0000-000000000000} Cpu:10 Io:5 Mem:5 TID:0 database is locked : SQL BEGIN EXCLUSIVE /*4599FE23-B69C-4827-A790-60D100FF1287*/;"
"08.09.2026 22:07:13","104","Предупреждение","Microsoft-Windows-StateRepository","Предупреждение 0x80670007: [sqlite3_exec] #35 Database 0: Try 9 (3250ms) {00000000-0000-0000-0000-000000000000} Cpu:8 Io:5 Mem:5 TID:0 database is locked : SQL BEGIN EXCLUSIVE /*FB2E4215-CAA2-47C2-B254-B44F139EEB0E*/;"
"08.09.2026 22:07:12","104","Предупреждение","Microsoft-Windows-StateRepository","Предупреждение 0x80670007: [sqlite3_exec] #34 Database 0: Try 8 (2891ms) {00000000-0000-0000-0000-000000000000} Cpu:10 Io:5 Mem:5 TID:0 database is locked : SQL BEGIN EXCLUSIVE /*4599FE23-B69C-4827-A790-60D100FF1287*/;"
"08.09.2026 22:07:12","104","Предупреждение","Microsoft-Windows-StateRepository","Предупреждение 0x80670007: [sqlite3_exec] #33 Database 0: Try 8 (2875ms) {00000000-0000-0000-0000-000000000000} Cpu:10 Io:5 Mem:5 TID:0 database is locked : SQL BEGIN EXCLUSIVE /*B421ECA4-5563-4428-8379-9D6E1E605C11*/;"
"08.09.2026 22:07:12","104","Предупреждение","Microsoft-Windows-StateRepository","Предупреждение 0x80670007: [sqlite3_exec] #32 Database 0: Try 8 (2891ms) {00000000-0000-0000-0000-000000000000} Cpu:10 Io:5 Mem:5 TID:0 database is locked : SQL BEGIN EXCLUSIVE /*4599FE23-B69C-4827-A790-60D100FF1287*/;"
"08.09.2026 22:07:12","104","Предупреждение","Microsoft-Windows-StateRepository","Предупреждение 0x80670007: [sqlite3_exec] #31 Database 0: Try 8 (2891ms) {00000000-0000-0000-0000-000000000000} Cpu:8 Io:5 Mem:5 TID:0 database is locked : SQL BEGIN EXCLUSIVE /*FB2E4215-CAA2-47C2-B254-B44F139EEB0E*/;"
"08.09.2026 22:07:12","104","Предупреждение","Microsoft-Windows-StateRepository","Предупреждение 0x80670007: [sqlite3_exec] #30 Database 0: Try 7 (2516ms) {00000000-0000-0000-0000-000000000000} Cpu:10 Io:5 Mem:5 TID:0 database is locked : SQL BEGIN EXCLUSIVE /*B421ECA4-5563-4428-8379-9D6E1E605C11*/;"
"08.09.2026 22:07:12","104","Предупреждение","Microsoft-Windows-StateRepository","Предупреждение 0x80670007: [sqlite3_exec] #29 Database 0: Try 7 (2532ms) {00000000-0000-0000-0000-000000000000} Cpu:10 Io:5 Mem:5 TID:0 database is locked : SQL BEGIN EXCLUSIVE /*4599FE23-B69C-4827-A790-60D100FF1287*/;"
"08.09.2026 22:07:12","104","Предупреждение","Microsoft-Windows-StateRepository","Предупреждение 0x80670007: [sqlite3_exec] #28 Database 0: Try 7 (2532ms) {00000000-0000-0000-0000-000000000000} Cpu:10 Io:5 Mem:5 TID:0 database is locked : SQL BEGIN EXCLUSIVE /*4599FE23-B69C-4827-A790-60D100FF1287*/;"
"08.09.2026 22:07:12","104","Предупреждение","Microsoft-Windows-StateRepository","Предупреждение 0x80670007: [sqlite3_exec] #27 Database 0: Try 7 (2531ms) {00000000-0000-0000-0000-000000000000} Cpu:8 Io:5 Mem:5 TID:0 database is locked : SQL BEGIN EXCLUSIVE /*FB2E4215-CAA2-47C2-B254-B44F139EEB0E*/;"
"08.09.2026 22:07:12","104","Предупреждение","Microsoft-Windows-StateRepository","Предупреждение 0x80670007: [sqlite3_exec] #26 Database 0: Try 6 (2156ms) {00000000-0000-0000-0000-000000000000} Cpu:10 Io:5 Mem:5 TID:0 database is locked : SQL BEGIN EXCLUSIVE /*B421ECA4-5563-4428-8379-9D6E1E605C11*/;"
"08.09.2026 22:07:12","104","Предупреждение","Microsoft-Windows-StateRepository","Предупреждение 0x80670007: [sqlite3_exec] #25 Database 0: Try 6 (2172ms) {00000000-0000-0000-0000-000000000000} Cpu:10 Io:5 Mem:5 TID:0 database is locked : SQL BEGIN EXCLUSIVE /*4599FE23-B69C-4827-A790-60D100FF1287*/;"
"08.09.2026 22:07:12","104","Предупреждение","Microsoft-Windows-StateRepository","Предупреждение 0x80670007: [sqlite3_exec] #24 Database 0: Try 6 (2172ms) {00000000-0000-0000-0000-000000000000} Cpu:10 Io:5 Mem:5 TID:0 database is locked : SQL BEGIN EXCLUSIVE /*4599FE23-B69C-4827-A790-60D100FF1287*/;"
"08.09.2026 22:07:12","104","Предупреждение","Microsoft-Windows-StateRepository","Предупреждение 0x80670007: [sqlite3_exec] #23 Database 0: Try 6 (2172ms) {00000000-0000-0000-0000-000000000000} Cpu:8 Io:5 Mem:5 TID:0 database is locked : SQL BEGIN EXCLUSIVE /*FB2E4215-CAA2-47C2-B254-B44F139EEB0E*/;"
"08.09.2026 22:07:11","104","Предупреждение","Microsoft-Windows-StateRepository","Предупреждение 0x80670007: [sqlite3_exec] #22 Database 0: Try 5 (1813ms) {00000000-0000-0000-0000-000000000000} Cpu:10 Io:5 Mem:5 TID:0 database is locked : SQL BEGIN EXCLUSIVE /*4599FE23-B69C-4827-A790-60D100FF1287*/;"
"08.09.2026 22:07:11","104","Предупреждение","Microsoft-Windows-StateRepository","Предупреждение 0x80670007: [sqlite3_exec] #21 Database 0: Try 5 (1797ms) {00000000-0000-0000-0000-000000000000} Cpu:10 Io:5 Mem:5 TID:0 database is locked : SQL BEGIN EXCLUSIVE /*B421ECA4-5563-4428-8379-9D6E1E605C11*/;"
"08.09.2026 22:07:11","104","Предупреждение","Microsoft-Windows-StateRepository","Предупреждение 0x80670007: [sqlite3_exec] #20 Database 0: Try 5 (1813ms) {00000000-0000-0000-0000-000000000000} Cpu:10 Io:5 Mem:5 TID:0 database is locked : SQL BEGIN EXCLUSIVE /*4599FE23-B69C-4827-A790-60D100FF1287*/;"
"08.09.2026 22:07:11","104","Предупреждение","Microsoft-Windows-StateRepository","Предупреждение 0x80670007: [sqlite3_exec] #19 Database 0: Try 5 (1813ms) {00000000-0000-0000-0000-000000000000} Cpu:8 Io:5 Mem:5 TID:0 database is locked : SQL BEGIN EXCLUSIVE /*FB2E4215-CAA2-47C2-B254-B44F139EEB0E*/;"
"08.09.2026 22:07:11","104","Предупреждение","Microsoft-Windows-StateRepository","Предупреждение 0x80670007: [sqlite3_exec] #18 Database 0: Try 4 (1454ms) {00000000-0000-0000-0000-000000000000} Cpu:10 Io:5 Mem:5 TID:0 database is locked : SQL BEGIN EXCLUSIVE /*4599FE23-B69C-4827-A790-60D100FF1287*/;"
"08.09.2026 22:07:11","104","Предупреждение","Microsoft-Windows-StateRepository","Предупреждение 0x80670007: [sqlite3_exec] #17 Database 0: Try 4 (1438ms) {00000000-0000-0000-0000-000000000000} Cpu:10 Io:5 Mem:5 TID:0 database is locked : SQL BEGIN EXCLUSIVE /*B421ECA4-5563-4428-8379-9D6E1E605C11*/;"
"08.09.2026 22:07:11","104","Предупреждение","Microsoft-Windows-StateRepository","Предупреждение 0x80670007: [sqlite3_exec] #16 Database 0: Try 4 (1454ms) {00000000-0000-0000-0000-000000000000} Cpu:10 Io:5 Mem:5 TID:0 database is locked : SQL BEGIN EXCLUSIVE /*4599FE23-B69C-4827-A790-60D100FF1287*/;"
"08.09.2026 22:07:11","104","Предупреждение","Microsoft-Windows-StateRepository","Предупреждение 0x80670007: [sqlite3_exec] #15 Database 0: Try 4 (1453ms) {00000000-0000-0000-0000-000000000000} Cpu:8 Io:5 Mem:5 TID:0 database is locked : SQL BEGIN EXCLUSIVE /*FB2E4215-CAA2-47C2-B254-B44F139EEB0E*/;"
"08.09.2026 22:07:11","104","Предупреждение","Microsoft-Windows-StateRepository","Предупреждение 0x80670007: [sqlite3_exec] #14 Database 0: Try 3 (1094ms) {00000000-0000-0000-0000-000000000000} Cpu:10 Io:5 Mem:5 TID:0 database is locked : SQL BEGIN EXCLUSIVE /*4599FE23-B69C-4827-A790-60D100FF1287*/;"
"08.09.2026 22:07:11","104","Предупреждение","Microsoft-Windows-StateRepository","Предупреждение 0x80670007: [sqlite3_exec] #13 Database 0: Try 3 (1078ms) {00000000-0000-0000-0000-000000000000} Cpu:10 Io:5 Mem:5 TID:0 database is locked : SQL BEGIN EXCLUSIVE /*B421ECA4-5563-4428-8379-9D6E1E605C11*/;"
"08.09.2026 22:07:11","104","Предупреждение","Microsoft-Windows-StateRepository","Предупреждение 0x80670007: [sqlite3_exec] #12 Database 0: Try 3 (1095ms) {00000000-0000-0000-0000-000000000000} Cpu:10 Io:5 Mem:5 TID:0 database is locked : SQL BEGIN EXCLUSIVE /*4599FE23-B69C-4827-A790-60D100FF1287*/;"
"08.09.2026 22:07:11","104","Предупреждение","Microsoft-Windows-StateRepository","Предупреждение 0x80670007: [sqlite3_exec] #11 Database 0: Try 3 (1078ms) {00000000-0000-0000-0000-000000000000} Cpu:8 Io:5 Mem:5 TID:0 database is locked : SQL BEGIN EXCLUSIVE /*FB2E4215-CAA2-47C2-B254-B44F139EEB0E*/;"
"08.09.2026 22:07:10","104","Предупреждение","Microsoft-Windows-StateRepository","Предупреждение 0x80670007: [sqlite3_exec] #10 Database 0: Try 2 (719ms) {00000000-0000-0000-0000-000000000000} Cpu:10 Io:5 Mem:5 TID:0 database is locked : SQL BEGIN EXCLUSIVE /*B421ECA4-5563-4428-8379-9D6E1E605C11*/;"
"08.09.2026 22:07:10","104","Предупреждение","Microsoft-Windows-StateRepository","Предупреждение 0x80670007: [sqlite3_exec] #9 Database 0: Try 2 (735ms) {00000000-0000-0000-0000-000000000000} Cpu:10 Io:5 Mem:5 TID:0 database is locked : SQL BEGIN EXCLUSIVE /*4599FE23-B69C-4827-A790-60D100FF1287*/;"
"08.09.2026 22:07:10","104","Предупреждение","Microsoft-Windows-StateRepository","Предупреждение 0x80670007: [sqlite3_exec] #8 Database 0: Try 2 (735ms) {00000000-0000-0000-0000-000000000000} Cpu:10 Io:5 Mem:5 TID:0 database is locked : SQL BEGIN EXCLUSIVE /*4599FE23-B69C-4827-A790-60D100FF1287*/;"
"08.09.2026 22:07:10","104","Предупреждение","Microsoft-Windows-StateRepository","Предупреждение 0x80670007: [sqlite3_exec] #7 Database 0: Try 2 (719ms) {00000000-0000-0000-0000-000000000000} Cpu:8 Io:5 Mem:5 TID:0 database is locked : SQL BEGIN EXCLUSIVE /*FB2E4215-CAA2-47C2-B254-B44F139EEB0E*/;"
"08.09.2026 22:07:10","104","Предупреждение","Microsoft-Windows-StateRepository","Предупреждение 0x80670007: [sqlite3_exec] #6 Database 0: Try 1 (360ms) {00000000-0000-0000-0000-000000000000} Cpu:10 Io:5 Mem:5 TID:0 database is locked : SQL BEGIN EXCLUSIVE /*B421ECA4-5563-4428-8379-9D6E1E605C11*/;"
"08.09.2026 22:07:10","104","Предупреждение","Microsoft-Windows-StateRepository","Предупреждение 0x80670007: [sqlite3_exec] #5 Database 0: Try 1 (376ms) {00000000-0000-0000-0000-000000000000} Cpu:10 Io:5 Mem:5 TID:0 database is locked : SQL BEGIN EXCLUSIVE /*4599FE23-B69C-4827-A790-60D100FF1287*/;"
"08.09.2026 22:07:10","104","Предупреждение","Microsoft-Windows-StateRepository","Предупреждение 0x80670007: [sqlite3_exec] #4 Database 0: Try 1 (376ms) {00000000-0000-0000-0000-000000000000} Cpu:10 Io:5 Mem:5 TID:0 database is locked : SQL BEGIN EXCLUSIVE /*4599FE23-B69C-4827-A790-60D100FF1287*/;"
"08.09.2026 22:07:10","104","Предупреждение","Microsoft-Windows-StateRepository","Предупреждение 0x80670007: [sqlite3_exec] #3 Database 0: Try 1 (360ms) {00000000-0000-0000-0000-000000000000} Cpu:8 Io:5 Mem:5 TID:0 database is locked : SQL BEGIN EXCLUSIVE /*FB2E4215-CAA2-47C2-B254-B44F139EEB0E*/;"
"08.09.2026 22:07:10","271","Подробно","Microsoft-Windows-StateRepository","Элемент SRCache успешно обновлен [параметры = 0x0]"
"08.09.2026 22:07:09","105","Сведения","Microsoft-Windows-StateRepository","Сведения 0x0: [sqlite3_exec] #2 Database 0: Try 2 (360ms) {00000000-0000-0000-0000-000000000000} TID:0 <no-error-message> : SQL BEGIN EXCLUSIVE /*4F7F9FD3-CB15-4D12-B072-8F6991B7FA4B*/;"
"08.09.2026 22:07:09","104","Предупреждение","Microsoft-Windows-StateRepository","Предупреждение 0x80670007: [sqlite3_exec] #1 Database 0: Try 1 (360ms) {90C40975-20C3-4EE8-817F-925B82C1D262} Cpu:10 Io:5 Mem:5 TID:2124 database is locked : SQL BEGIN EXCLUSIVE /*4F7F9FD3-CB15-4D12-B072-8F6991B7FA4B*/;"
"08.09.2026 22:07:09","271","Подробно","Microsoft-Windows-StateRepository","Элемент SRCache успешно обновлен [параметры = 0x0]"
"08.09.2026 22:07:09","271","Подробно","Microsoft-Windows-StateRepository","Элемент SRCache успешно обновлен [параметры = 0x0]"
"08.09.2026 22:07:09","271","Подробно","Microsoft-Windows-StateRepository","Элемент SRCache успешно обновлен [параметры = 0x0]"
"08.09.2026 22:07:09","271","Подробно","Microsoft-Windows-StateRepository","Элемент SRCache успешно обновлен [параметры = 0x0]"
"08.09.2026 22:07:09","271","Подробно","Microsoft-Windows-StateRepository","Элемент SRCache успешно обновлен [параметры = 0x0]"
"08.09.2026 22:07:08","271","Подробно","Microsoft-Windows-StateRepository","Элемент SRCache успешно обновлен [параметры = 0x0]"
"08.09.2026 22:07:08","271","Подробно","Microsoft-Windows-StateRepository","Элемент SRCache успешно обновлен [параметры = 0x0]"
"08.09.2026 22:07:08","271","Подробно","Microsoft-Windows-StateRepository","Элемент SRCache успешно обновлен [параметры = 0x0]"
"08.09.2026 22:07:08","271","Подробно","Microsoft-Windows-StateRepository","Элемент SRCache успешно обновлен [параметры = 0x0]"
"08.09.2026 22:07:08","271","Подробно","Microsoft-Windows-StateRepository","Элемент SRCache успешно обновлен [параметры = 0x0]"
"08.09.2026 22:07:08","271","Подробно","Microsoft-Windows-StateRepository","Элемент SRCache успешно обновлен [параметры = 0x0]"
"08.09.2026 22:07:07","271","Подробно","Microsoft-Windows-StateRepository","Элемент SRCache успешно обновлен [параметры = 0x0]"
"08.09.2026 22:07:07","271","Подробно","Microsoft-Windows-StateRepository","Элемент SRCache успешно обновлен [параметры = 0x0]"
"08.09.2026 22:07:07","271","Подробно","Microsoft-Windows-StateRepository","Элемент SRCache успешно обновлен [параметры = 0x0]"
"08.09.2026 22:07:07","271","Подробно","Microsoft-Windows-StateRepository","Элемент SRCache успешно обновлен [параметры = 0x0]"
"08.09.2026 22:07:07","271","Подробно","Microsoft-Windows-StateRepository","Элемент SRCache успешно обновлен [параметры = 0x0]"
"08.09.2026 22:07:07","271","Подробно","Microsoft-Windows-StateRepository","Элемент SRCache успешно обновлен [параметры = 0x0]"
"08.09.2026 22:07:07","271","Подробно","Microsoft-Windows-StateRepository","Элемент SRCache успешно обновлен [параметры = 0x0]"
"08.09.2026 22:07:06","271","Подробно","Microsoft-Windows-StateRepository","Элемент SRCache успешно обновлен [параметры = 0x0]"
"08.09.2026 22:07:06","271","Подробно","Microsoft-Windows-StateRepository","Элемент SRCache успешно обновлен [параметры = 0x0]"
"08.09.2026 22:07:06","271","Подробно","Microsoft-Windows-StateRepository","Элемент SRCache успешно обновлен [параметры = 0x0]"
"08.09.2026 22:07:06","271","Подробно","Microsoft-Windows-StateRepository","Элемент SRCache успешно обновлен [параметры = 0x0]"
"08.09.2026 22:07:06","271","Подробно","Microsoft-Windows-StateRepository","Элемент SRCache успешно обновлен [параметры = 0x0]"
"08.09.2026 22:07:06","271","Подробно","Microsoft-Windows-StateRepository","Элемент SRCache успешно обновлен [параметры = 0x0]"
"08.09.2026 22:07:06","271","Подробно","Microsoft-Windows-StateRepository","Элемент SRCache успешно обновлен [параметры = 0x0]"
"08.09.2026 22:07:06","271","Подробно","Microsoft-Windows-StateRepository","Элемент SRCache успешно обновлен [параметры = 0x0]"
"08.09.2026 22:07:05","271","Подробно","Microsoft-Windows-StateRepository","Элемент SRCache успешно обновлен [параметры = 0x0]"
"08.09.2026 22:07:05","271","Подробно","Microsoft-Windows-StateRepository","Элемент SRCache успешно обновлен [параметры = 0x0]"
"08.09.2026 22:07:05","271","Подробно","Microsoft-Windows-StateRepository","Элемент SRCache успешно обновлен [параметры = 0x0]"
"08.09.2026 22:07:05","271","Подробно","Microsoft-Windows-StateRepository","Элемент SRCache успешно обновлен [параметры = 0x0]"
"08.09.2026 22:07:05","271","Подробно","Microsoft-Windows-StateRepository","Элемент SRCache успешно обновлен [параметры = 0x0]"
"08.09.2026 22:07:05","271","Подробно","Microsoft-Windows-StateRepository","Элемент SRCache успешно обновлен [параметры = 0x0]"
"08.09.2026 22:07:05","221","Подробно","Microsoft-Windows-StateRepository","Выполнена команда ANALYZE; статистика базы данных обновлена [Partition=2, ProcessId=13296]"
"08.09.2026 22:07:05","221","Подробно","Microsoft-Windows-StateRepository","Выполнена команда ANALYZE; статистика базы данных обновлена [Partition=1, ProcessId=13296]"
"08.09.2026 22:07:04","231","Подробно","Microsoft-Windows-StateRepository","RepositoryManagerServerUpgrade с параметрами: 0x1"
"08.09.2026 21:53:23","231","Подробно","Microsoft-Windows-StateRepository","RepositoryManagerServerUpgrade с параметрами: 0x1"
"08.09.2026 21:53:23","216","Сведения","Microsoft-Windows-StateRepository","Служба StateRepository запущена [ProcessId=4780]"
"08.09.2026 21:53:23","269","Подробно","Microsoft-Windows-StateRepository","Элемент SRCache успешно инициализирован [параметры = 0x0]"
"08.09.2026 21:53:22","245","Подробно","Microsoft-Windows-StateRepository","Обслуживание выполнено"
"08.09.2026 21:53:22","221","Подробно","Microsoft-Windows-StateRepository","Выполнена команда ANALYZE; статистика базы данных обновлена [Partition=2, ProcessId=4780]"
"08.09.2026 21:53:22","221","Подробно","Microsoft-Windows-StateRepository","Выполнена команда ANALYZE; статистика базы данных обновлена [Partition=2, ProcessId=4780]"
"08.09.2026 21:53:22","221","Подробно","Microsoft-Windows-StateRepository","Выполнена команда ANALYZE; статистика базы данных обновлена [Partition=2, ProcessId=4780]"
"08.09.2026 21:53:22","221","Подробно","Microsoft-Windows-StateRepository","Выполнена команда ANALYZE; статистика базы данных обновлена [Partition=2, ProcessId=4780]"
"08.09.2026 21:53:22","221","Подробно","Microsoft-Windows-StateRepository","Выполнена команда ANALYZE; статистика базы данных обновлена [Partition=2, ProcessId=4780]"
"08.09.2026 21:53:22","221","Подробно","Microsoft-Windows-StateRepository","Выполнена команда ANALYZE; статистика базы данных обновлена [Partition=2, ProcessId=4780]"
"08.09.2026 21:53:22","221","Подробно","Microsoft-Windows-StateRepository","Выполнена команда ANALYZE; статистика базы данных обновлена [Partition=2, ProcessId=4780]"
"08.09.2026 21:53:22","221","Подробно","Microsoft-Windows-StateRepository","Выполнена команда ANALYZE; статистика базы данных обновлена [Partition=2, ProcessId=4780]"
"08.09.2026 21:53:22","223","Сведения","Microsoft-Windows-StateRepository","Раздел StateRepository 2 существует и готов к использованию [SchemaVersion=21761]"
"08.09.2026 21:53:22","223","Сведения","Microsoft-Windows-StateRepository","Раздел StateRepository 1 существует и готов к использованию [SchemaVersion=21761]"
"08.09.2026 21:52:29","243","Подробно","Microsoft-Windows-StateRepository","Прошло 0 мс ожидания выполнения текущих запросов"
"08.09.2026 21:52:29","242","Подробно","Microsoft-Windows-StateRepository","Время ожидания выполнения текущих запросов: 5000 мс"
"08.09.2026 21:50:16","231","Подробно","Microsoft-Windows-StateRepository","RepositoryManagerServerUpgrade с параметрами: 0x1"
"08.09.2026 21:44:17","231","Подробно","Microsoft-Windows-StateRepository","RepositoryManagerServerUpgrade с параметрами: 0x1"
"08.09.2026 21:25:04","231","Подробно","Microsoft-Windows-StateRepository","RepositoryManagerServerUpgrade с параметрами: 0x1"
"08.09.2026 21:23:04","216","Сведения","Microsoft-Windows-StateRepository","Служба StateRepository запущена [ProcessId=3404]"
"08.09.2026 21:23:04","269","Подробно","Microsoft-Windows-StateRepository","Элемент SRCache успешно инициализирован [параметры = 0x0]"
"08.09.2026 21:23:03","245","Подробно","Microsoft-Windows-StateRepository","Обслуживание выполнено"
"08.09.2026 21:23:03","221","Подробно","Microsoft-Windows-StateRepository","Выполнена команда ANALYZE; статистика базы данных обновлена [Partition=2, ProcessId=3404]"
"08.09.2026 21:23:03","221","Подробно","Microsoft-Windows-StateRepository","Выполнена команда ANALYZE; статистика базы данных обновлена [Partition=2, ProcessId=3404]"
"08.09.2026 21:23:03","221","Подробно","Microsoft-Windows-StateRepository","Выполнена команда ANALYZE; статистика базы данных обновлена [Partition=2, ProcessId=3404]"
"08.09.2026 21:23:03","221","Подробно","Microsoft-Windows-StateRepository","Выполнена команда ANALYZE; статистика базы данных обновлена [Partition=2, ProcessId=3404]"
"08.09.2026 21:23:03","221","Подробно","Microsoft-Windows-StateRepository","Выполнена команда ANALYZE; статистика базы данных обновлена [Partition=2, ProcessId=3404]"
"08.09.2026 21:23:03","221","Подробно","Microsoft-Windows-StateRepository","Выполнена команда ANALYZE; статистика базы данных обновлена [Partition=2, ProcessId=3404]"
"08.09.2026 21:23:03","221","Подробно","Microsoft-Windows-StateRepository","Выполнена команда ANALYZE; статистика базы данных обновлена [Partition=2, ProcessId=3404]"
"08.09.2026 21:23:03","221","Подробно","Microsoft-Windows-StateRepository","Выполнена команда ANALYZE; статистика базы данных обновлена [Partition=2, ProcessId=3404]"
"08.09.2026 21:23:03","105","Сведения","Microsoft-Windows-StateRepository","Сведения 0x11B: recovered 2 frames from WAL file C:\ProgramData\Microsoft\Windows\AppRepository\StateRepository-Machine.srd-wal"
"08.09.2026 21:23:03","223","Сведения","Microsoft-Windows-StateRepository","Раздел StateRepository 2 существует и готов к использованию [SchemaVersion=21761]"
"08.09.2026 21:23:03","223","Сведения","Microsoft-Windows-StateRepository","Раздел StateRepository 1 существует и готов к использованию [SchemaVersion=21761]"
"08.09.2026 21:23:03","105","Сведения","Microsoft-Windows-StateRepository","Сведения 0x11B: recovered 2 frames from WAL file C:\ProgramData\Microsoft\Windows\AppRepository\StateRepository-Machine.srd-wal"
"08.09.2026 19:30:59","231","Подробно","Microsoft-Windows-StateRepository","RepositoryManagerServerUpgrade с параметрами: 0x1"
"08.09.2026 19:25:56","231","Подробно","Microsoft-Windows-StateRepository","RepositoryManagerServerUpgrade с параметрами: 0x1"
"08.09.2026 19:25:55","216","Сведения","Microsoft-Windows-StateRepository","Служба StateRepository запущена [ProcessId=4764]"
"08.09.2026 19:25:55","269","Подробно","Microsoft-Windows-StateRepository","Элемент SRCache успешно инициализирован [параметры = 0x0]"
"08.09.2026 19:25:55","245","Подробно","Microsoft-Windows-StateRepository","Обслуживание выполнено"
"08.09.2026 19:25:55","221","Подробно","Microsoft-Windows-StateRepository","Выполнена команда ANALYZE; статистика базы данных обновлена [Partition=2, ProcessId=4764]"
"08.09.2026 19:25:55","221","Подробно","Microsoft-Windows-StateRepository","Выполнена команда ANALYZE; статистика базы данных обновлена [Partition=2, ProcessId=4764]"
"08.09.2026 19:25:55","221","Подробно","Microsoft-Windows-StateRepository","Выполнена команда ANALYZE; статистика базы данных обновлена [Partition=2, ProcessId=4764]"
"08.09.2026 19:25:55","221","Подробно","Microsoft-Windows-StateRepository","Выполнена команда ANALYZE; статистика базы данных обновлена [Partition=2, ProcessId=4764]"
"08.09.2026 19:25:54","221","Подробно","Microsoft-Windows-StateRepository","Выполнена команда ANALYZE; статистика базы данных обновлена [Partition=2, ProcessId=4764]"
"08.09.2026 19:25:54","221","Подробно","Microsoft-Windows-StateRepository","Выполнена команда ANALYZE; статистика базы данных обновлена [Partition=2, ProcessId=4764]"
"08.09.2026 19:25:54","221","Подробно","Microsoft-Windows-StateRepository","Выполнена команда ANALYZE; статистика базы данных обновлена [Partition=2, ProcessId=4764]"
"08.09.2026 19:25:54","221","Подробно","Microsoft-Windows-StateRepository","Выполнена команда ANALYZE; статистика базы данных обновлена [Partition=2, ProcessId=4764]"
"08.09.2026 19:25:54","105","Сведения","Microsoft-Windows-StateRepository","Сведения 0x11B: recovered 3 frames from WAL file C:\ProgramData\Microsoft\Windows\AppRepository\StateRepository-Deployment.srd-wal"
"08.09.2026 19:25:54","105","Сведения","Microsoft-Windows-StateRepository","Сведения 0x11B: recovered 5 frames from WAL file C:\ProgramData\Microsoft\Windows\AppRepository\StateRepository-Machine.srd-wal"
"08.09.2026 19:25:54","223","Сведения","Microsoft-Windows-StateRepository","Раздел StateRepository 2 существует и готов к использованию [SchemaVersion=21761]"
"08.09.2026 19:25:54","105","Сведения","Microsoft-Windows-StateRepository","Сведения 0x11B: recovered 3 frames from WAL file C:\ProgramData\Microsoft\Windows\AppRepository\StateRepository-Deployment.srd-wal"
"08.09.2026 19:25:54","223","Сведения","Microsoft-Windows-StateRepository","Раздел StateRepository 1 существует и готов к использованию [SchemaVersion=21761]"
"08.09.2026 19:25:54","105","Сведения","Microsoft-Windows-StateRepository","Сведения 0x11B: recovered 5 frames from WAL file C:\ProgramData\Microsoft\Windows\AppRepository\StateRepository-Machine.srd-wal"
"08.09.2026 19:24:33","231","Подробно","Microsoft-Windows-StateRepository","RepositoryManagerServerUpgrade с параметрами: 0x1"
"08.09.2026 19:24:33","216","Сведения","Microsoft-Windows-StateRepository","Служба StateRepository запущена [ProcessId=4812]"
"08.09.2026 19:24:33","269","Подробно","Microsoft-Windows-StateRepository","Элемент SRCache успешно инициализирован [параметры = 0x0]"
"08.09.2026 19:24:32","245","Подробно","Microsoft-Windows-StateRepository","Обслуживание выполнено"
"08.09.2026 19:24:32","221","Подробно","Microsoft-Windows-StateRepository","Выполнена команда ANALYZE; статистика базы данных обновлена [Partition=2, ProcessId=4812]"
"08.09.2026 19:24:32","221","Подробно","Microsoft-Windows-StateRepository","Выполнена команда ANALYZE; статистика базы данных обновлена [Partition=2, ProcessId=4812]"
"08.09.2026 19:24:32","221","Подробно","Microsoft-Windows-StateRepository","Выполнена команда ANALYZE; статистика базы данных обновлена [Partition=2, ProcessId=4812]"
"08.09.2026 19:24:32","221","Подробно","Microsoft-Windows-StateRepository","Выполнена команда ANALYZE; статистика базы данных обновлена [Partition=2, ProcessId=4812]"
"08.09.2026 19:24:32","221","Подробно","Microsoft-Windows-StateRepository","Выполнена команда ANALYZE; статистика базы данных обновлена [Partition=2, ProcessId=4812]"
"08.09.2026 19:24:32","221","Подробно","Microsoft-Windows-StateRepository","Выполнена команда ANALYZE; статистика базы данных обновлена [Partition=2, ProcessId=4812]"
"08.09.2026 19:24:32","221","Подробно","Microsoft-Windows-StateRepository","Выполнена команда ANALYZE; статистика базы данных обновлена [Partition=2, ProcessId=4812]"
"08.09.2026 19:24:32","221","Подробно","Microsoft-Windows-StateRepository","Выполнена команда ANALYZE; статистика базы данных обновлена [Partition=2, ProcessId=4812]"
"08.09.2026 19:24:32","223","Сведения","Microsoft-Windows-StateRepository","Раздел StateRepository 2 существует и готов к использованию [SchemaVersion=21761]"
"08.09.2026 19:24:32","223","Сведения","Microsoft-Windows-StateRepository","Раздел StateRepository 1 существует и готов к использованию [SchemaVersion=21761]"
"08.09.2026 19:23:35","243","Подробно","Microsoft-Windows-StateRepository","Прошло 0 мс ожидания выполнения текущих запросов"
"08.09.2026 19:23:35","242","Подробно","Microsoft-Windows-StateRepository","Время ожидания выполнения текущих запросов: 5000 мс"
"08.09.2026 18:53:47","231","Подробно","Microsoft-Windows-StateRepository","RepositoryManagerServerUpgrade с параметрами: 0x1"
"08.09.2026 18:43:40","231","Подробно","Microsoft-Windows-StateRepository","RepositoryManagerServerUpgrade с параметрами: 0x1"
"08.09.2026 18:25:19","231","Подробно","Microsoft-Windows-StateRepository","RepositoryManagerServerUpgrade с параметрами: 0x1"
"08.09.2026 15:44:18","271","Подробно","Microsoft-Windows-StateRepository","Элемент SRCache успешно обновлен [параметры = 0x0]"
"08.09.2026 15:44:06","271","Подробно","Microsoft-Windows-StateRepository","Элемент SRCache успешно обновлен [параметры = 0x0]"
"08.09.2026 15:44:06","221","Подробно","Microsoft-Windows-StateRepository","Выполнена команда ANALYZE; статистика базы данных обновлена [Partition=2, ProcessId=10424]"
"08.09.2026 15:44:06","221","Подробно","Microsoft-Windows-StateRepository","Выполнена команда ANALYZE; статистика базы данных обновлена [Partition=1, ProcessId=10424]"
"08.09.2026 15:37:11","231","Подробно","Microsoft-Windows-StateRepository","RepositoryManagerServerUpgrade с параметрами: 0x1"
"08.09.2026 14:09:29","231","Подробно","Microsoft-Windows-StateRepository","RepositoryManagerServerUpgrade с параметрами: 0x1"
"08.09.2026 13:58:07","271","Подробно","Microsoft-Windows-StateRepository","Элемент SRCache успешно обновлен [параметры = 0x0]"
"08.09.2026 13:58:07","221","Подробно","Microsoft-Windows-StateRepository","Выполнена команда ANALYZE; статистика базы данных обновлена [Partition=2, ProcessId=7476]"
"08.09.2026 13:58:07","221","Подробно","Microsoft-Windows-StateRepository","Выполнена команда ANALYZE; статистика базы данных обновлена [Partition=1, ProcessId=7476]"
"08.09.2026 13:53:02","231","Подробно","Microsoft-Windows-StateRepository","RepositoryManagerServerUpgrade с параметрами: 0x1"
"08.09.2026 13:53:02","216","Сведения","Microsoft-Windows-StateRepository","Служба StateRepository запущена [ProcessId=2912]"
"08.09.2026 13:53:02","269","Подробно","Microsoft-Windows-StateRepository","Элемент SRCache успешно инициализирован [параметры = 0x0]"
"08.09.2026 13:53:01","245","Подробно","Microsoft-Windows-StateRepository","Обслуживание выполнено"
"08.09.2026 13:53:01","221","Подробно","Microsoft-Windows-StateRepository","Выполнена команда ANALYZE; статистика базы данных обновлена [Partition=2, ProcessId=2912]"
"08.09.2026 13:53:01","221","Подробно","Microsoft-Windows-StateRepository","Выполнена команда ANALYZE; статистика базы данных обновлена [Partition=2, ProcessId=2912]"
"08.09.2026 13:53:01","221","Подробно","Microsoft-Windows-StateRepository","Выполнена команда ANALYZE; статистика базы данных обновлена [Partition=2, ProcessId=2912]"
"08.09.2026 13:53:01","221","Подробно","Microsoft-Windows-StateRepository","Выполнена команда ANALYZE; статистика базы данных обновлена [Partition=2, ProcessId=2912]"
"08.09.2026 13:53:00","221","Подробно","Microsoft-Windows-StateRepository","Выполнена команда ANALYZE; статистика базы данных обновлена [Partition=2, ProcessId=2912]"
"08.09.2026 13:53:00","221","Подробно","Microsoft-Windows-StateRepository","Выполнена команда ANALYZE; статистика базы данных обновлена [Partition=2, ProcessId=2912]"
"08.09.2026 13:53:00","221","Подробно","Microsoft-Windows-StateRepository","Выполнена команда ANALYZE; статистика базы данных обновлена [Partition=2, ProcessId=2912]"
"08.09.2026 13:53:00","221","Подробно","Microsoft-Windows-StateRepository","Выполнена команда ANALYZE; статистика базы данных обновлена [Partition=2, ProcessId=2912]"
"08.09.2026 13:53:00","105","Сведения","Microsoft-Windows-StateRepository","Сведения 0x11B: recovered 3 frames from WAL file C:\ProgramData\Microsoft\Windows\AppRepository\StateRepository-Deployment.srd-wal"
"08.09.2026 13:53:00","105","Сведения","Microsoft-Windows-StateRepository","Сведения 0x11B: recovered 2 frames from WAL file C:\ProgramData\Microsoft\Windows\AppRepository\StateRepository-Machine.srd-wal"
"08.09.2026 13:53:00","223","Сведения","Microsoft-Windows-StateRepository","Раздел StateRepository 2 существует и готов к использованию [SchemaVersion=21761]"
"08.09.2026 13:53:00","105","Сведения","Microsoft-Windows-StateRepository","Сведения 0x11B: recovered 3 frames from WAL file C:\ProgramData\Microsoft\Windows\AppRepository\StateRepository-Deployment.srd-wal"
"08.09.2026 13:53:00","223","Сведения","Microsoft-Windows-StateRepository","Раздел StateRepository 1 существует и готов к использованию [SchemaVersion=21761]"
"08.09.2026 13:53:00","105","Сведения","Microsoft-Windows-StateRepository","Сведения 0x11B: recovered 2 frames from WAL file C:\ProgramData\Microsoft\Windows\AppRepository\StateRepository-Machine.srd-wal"
"08.09.2026 13:49:28","231","Подробно","Microsoft-Windows-StateRepository","RepositoryManagerServerUpgrade с параметрами: 0x1"
"08.09.2026 13:49:27","216","Сведения","Microsoft-Windows-StateRepository","Служба StateRepository запущена [ProcessId=4808]"
"08.09.2026 13:49:27","269","Подробно","Microsoft-Windows-StateRepository","Элемент SRCache успешно инициализирован [параметры = 0x0]"
"08.09.2026 13:49:26","245","Подробно","Microsoft-Windows-StateRepository","Обслуживание выполнено"
"08.09.2026 13:49:26","221","Подробно","Microsoft-Windows-StateRepository","Выполнена команда ANALYZE; статистика базы данных обновлена [Partition=2, ProcessId=4808]"
"08.09.2026 13:49:26","221","Подробно","Microsoft-Windows-StateRepository","Выполнена команда ANALYZE; статистика базы данных обновлена [Partition=2, ProcessId=4808]"
"08.09.2026 13:49:26","221","Подробно","Microsoft-Windows-StateRepository","Выполнена команда ANALYZE; статистика базы данных обновлена [Partition=2, ProcessId=4808]"
"08.09.2026 13:49:26","221","Подробно","Microsoft-Windows-StateRepository","Выполнена команда ANALYZE; статистика базы данных обновлена [Partition=2, ProcessId=4808]"
"08.09.2026 13:49:26","221","Подробно","Microsoft-Windows-StateRepository","Выполнена команда ANALYZE; статистика базы данных обновлена [Partition=2, ProcessId=4808]"
"08.09.2026 13:49:26","221","Подробно","Microsoft-Windows-StateRepository","Выполнена команда ANALYZE; статистика базы данных обновлена [Partition=2, ProcessId=4808]"
"08.09.2026 13:49:26","221","Подробно","Microsoft-Windows-StateRepository","Выполнена команда ANALYZE; статистика базы данных обновлена [Partition=2, ProcessId=4808]"
"08.09.2026 13:49:26","221","Подробно","Microsoft-Windows-StateRepository","Выполнена команда ANALYZE; статистика базы данных обновлена [Partition=2, ProcessId=4808]"
"08.09.2026 13:49:26","265","Подробно","Microsoft-Windows-StateRepository","Контрольная точка выполнена"
"08.09.2026 13:49:26","223","Сведения","Microsoft-Windows-StateRepository","Раздел StateRepository 2 существует и готов к использованию [SchemaVersion=21761]"
"08.09.2026 13:49:26","223","Сведения","Microsoft-Windows-StateRepository","Раздел StateRepository 1 существует и готов к использованию [SchemaVersion=21761]"
"08.09.2026 13:48:22","243","Подробно","Microsoft-Windows-StateRepository","Прошло 0 мс ожидания выполнения текущих запросов"
"08.09.2026 13:48:22","242","Подробно","Microsoft-Windows-StateRepository","Время ожидания выполнения текущих запросов: 5000 мс"
"08.09.2026 13:37:47","231","Подробно","Microsoft-Windows-StateRepository","RepositoryManagerServerUpgrade с параметрами: 0x1"
"08.09.2026 12:19:15","231","Подробно","Microsoft-Windows-StateRepository","RepositoryManagerServerUpgrade с параметрами: 0x1"
"08.09.2026 10:28:02","231","Подробно","Microsoft-Windows-StateRepository","RepositoryManagerServerUpgrade с параметрами: 0x1"
"08.09.2026 10:10:57","231","Подробно","Microsoft-Windows-StateRepository","RepositoryManagerServerUpgrade с параметрами: 0x1"
"08.09.2026 9:45:30","231","Подробно","Microsoft-Windows-StateRepository","RepositoryManagerServerUpgrade с параметрами: 0x1"
"08.09.2026 9:35:39","231","Подробно","Microsoft-Windows-StateRepository","RepositoryManagerServerUpgrade с параметрами: 0x1"
"08.09.2026 9:19:15","231","Подробно","Microsoft-Windows-StateRepository","RepositoryManagerServerUpgrade с параметрами: 0x1"
"08.09.2026 8:51:51","231","Подробно","Microsoft-Windows-StateRepository","RepositoryManagerServerUpgrade с параметрами: 0x1"
"08.09.2026 8:46:11","231","Подробно","Microsoft-Windows-StateRepository","RepositoryManagerServerUpgrade с параметрами: 0x1"
"08.09.2026 8:22:07","231","Подробно","Microsoft-Windows-StateRepository","RepositoryManagerServerUpgrade с параметрами: 0x1"
"08.09.2026 6:42:36","231","Подробно","Microsoft-Windows-StateRepository","RepositoryManagerServerUpgrade с параметрами: 0x1"
"08.09.2026 4:35:39","231","Подробно","Microsoft-Windows-StateRepository","RepositoryManagerServerUpgrade с параметрами: 0x1"
"08.09.2026 2:22:27","231","Подробно","Microsoft-Windows-StateRepository","RepositoryManagerServerUpgrade с параметрами: 0x1"
"08.09.2026 1:48:53","231","Подробно","Microsoft-Windows-StateRepository","RepositoryManagerServerUpgrade с параметрами: 0x1"
"08.09.2026 1:42:36","231","Подробно","Microsoft-Windows-StateRepository","RepositoryManagerServerUpgrade с параметрами: 0x1"
"08.09.2026 1:01:52","231","Подробно","Microsoft-Windows-StateRepository","RepositoryManagerServerUpgrade с параметрами: 0x1"
"08.09.2026 0:51:36","231","Подробно","Microsoft-Windows-StateRepository","RepositoryManagerServerUpgrade с параметрами: 0x1"
"08.09.2026 0:28:02","231","Подробно","Microsoft-Windows-StateRepository","RepositoryManagerServerUpgrade с параметрами: 0x1"
"07.09.2026 21:27:16","231","Подробно","Microsoft-Windows-StateRepository","RepositoryManagerServerUpgrade с параметрами: 0x1"
"07.09.2026 21:13:44","231","Подробно","Microsoft-Windows-StateRepository","RepositoryManagerServerUpgrade с параметрами: 0x1"
"07.09.2026 20:55:17","231","Подробно","Microsoft-Windows-StateRepository","RepositoryManagerServerUpgrade с параметрами: 0x1"
"07.09.2026 20:38:42","231","Подробно","Microsoft-Windows-StateRepository","RepositoryManagerServerUpgrade с параметрами: 0x1"
"07.09.2026 18:35:37","231","Подробно","Microsoft-Windows-StateRepository","RepositoryManagerServerUpgrade с параметрами: 0x1"
"07.09.2026 9:50:57","271","Подробно","Microsoft-Windows-StateRepository","Элемент SRCache успешно обновлен [параметры = 0x0]"
"07.09.2026 9:50:57","271","Подробно","Microsoft-Windows-StateRepository","Элемент SRCache успешно обновлен [параметры = 0x0]"
"07.09.2026 9:50:57","271","Подробно","Microsoft-Windows-StateRepository","Элемент SRCache успешно обновлен [параметры = 0x0]"
"07.09.2026 9:50:57","271","Подробно","Microsoft-Windows-StateRepository","Элемент SRCache успешно обновлен [параметры = 0x0]"
"07.09.2026 9:50:57","271","Подробно","Microsoft-Windows-StateRepository","Элемент SRCache успешно обновлен [параметры = 0x0]"
"07.09.2026 9:50:57","271","Подробно","Microsoft-Windows-StateRepository","Элемент SRCache успешно обновлен [параметры = 0x0]"
"07.09.2026 9:50:57","221","Подробно","Microsoft-Windows-StateRepository","Выполнена команда ANALYZE; статистика базы данных обновлена [Partition=2, ProcessId=28172]"
"07.09.2026 9:50:56","221","Подробно","Microsoft-Windows-StateRepository","Выполнена команда ANALYZE; статистика базы данных обновлена [Partition=1, ProcessId=28172]"
"07.09.2026 9:50:46","231","Подробно","Microsoft-Windows-StateRepository","RepositoryManagerServerUpgrade с параметрами: 0x1"
"07.09.2026 8:26:18","231","Подробно","Microsoft-Windows-StateRepository","RepositoryManagerServerUpgrade с параметрами: 0x1"
"07.09.2026 7:00:05","231","Подробно","Microsoft-Windows-StateRepository","RepositoryManagerServerUpgrade с параметрами: 0x1"
"07.09.2026 3:35:37","231","Подробно","Microsoft-Windows-StateRepository","RepositoryManagerServerUpgrade с параметрами: 0x1"
"07.09.2026 2:54:31","231","Подробно","Microsoft-Windows-StateRepository","RepositoryManagerServerUpgrade с параметрами: 0x1"
"07.09.2026 0:50:24","231","Подробно","Microsoft-Windows-StateRepository","RepositoryManagerServerUpgrade с параметрами: 0x1"
"06.09.2026 17:35:37","231","Подробно","Microsoft-Windows-StateRepository","RepositoryManagerServerUpgrade с параметрами: 0x1"
"06.09.2026 12:32:14","271","Подробно","Microsoft-Windows-StateRepository","Элемент SRCache успешно обновлен [параметры = 0x0]"
"06.09.2026 12:32:12","271","Подробно","Microsoft-Windows-StateRepository","Элемент SRCache успешно обновлен [параметры = 0x0]"
"06.09.2026 12:32:12","271","Подробно","Microsoft-Windows-StateRepository","Элемент SRCache успешно обновлен [параметры = 0x0]"
"06.09.2026 12:32:12","221","Подробно","Microsoft-Windows-StateRepository","Выполнена команда ANALYZE; статистика базы данных обновлена [Partition=2, ProcessId=19760]"
"06.09.2026 12:32:12","221","Подробно","Microsoft-Windows-StateRepository","Выполнена команда ANALYZE; статистика базы данных обновлена [Partition=1, ProcessId=19760]"
"06.09.2026 12:26:40","231","Подробно","Microsoft-Windows-StateRepository","RepositoryManagerServerUpgrade с параметрами: 0x1"
"06.09.2026 11:15:44","231","Подробно","Microsoft-Windows-StateRepository","RepositoryManagerServerUpgrade с параметрами: 0x1"
"06.09.2026 4:02:01","231","Подробно","Microsoft-Windows-StateRepository","RepositoryManagerServerUpgrade с параметрами: 0x1"
"06.09.2026 0:49:11","231","Подробно","Microsoft-Windows-StateRepository","RepositoryManagerServerUpgrade с параметрами: 0x1"
"05.09.2026 21:27:16","231","Подробно","Microsoft-Windows-StateRepository","RepositoryManagerServerUpgrade с параметрами: 0x1"
"05.09.2026 19:44:47","271","Подробно","Microsoft-Windows-StateRepository","Элемент SRCache успешно обновлен [параметры = 0x0]"
"05.09.2026 19:44:47","271","Подробно","Microsoft-Windows-StateRepository","Элемент SRCache успешно обновлен [параметры = 0x0]"
"05.09.2026 19:44:47","271","Подробно","Microsoft-Windows-StateRepository","Элемент SRCache успешно обновлен [параметры = 0x0]"
"05.09.2026 19:44:47","221","Подробно","Microsoft-Windows-StateRepository","Выполнена команда ANALYZE; статистика базы данных обновлена [Partition=2, ProcessId=1924]"
"05.09.2026 19:44:47","221","Подробно","Microsoft-Windows-StateRepository","Выполнена команда ANALYZE; статистика базы данных обновлена [Partition=1, ProcessId=1924]"
"05.09.2026 19:44:37","231","Подробно","Microsoft-Windows-StateRepository","RepositoryManagerServerUpgrade с параметрами: 0x1"
"05.09.2026 18:00:04","231","Подробно","Microsoft-Windows-StateRepository","RepositoryManagerServerUpgrade с параметрами: 0x1"
"05.09.2026 13:42:36","231","Подробно","Microsoft-Windows-StateRepository","RepositoryManagerServerUpgrade с параметрами: 0x1"
"05.09.2026 13:28:37","231","Подробно","Microsoft-Windows-StateRepository","RepositoryManagerServerUpgrade с параметрами: 0x1"
"05.09.2026 13:11:51","231","Подробно","Microsoft-Windows-StateRepository","RepositoryManagerServerUpgrade с параметрами: 0x1"
"05.09.2026 13:02:01","231","Подробно","Microsoft-Windows-StateRepository","RepositoryManagerServerUpgrade с параметрами: 0x1"
"05.09.2026 12:55:21","231","Подробно","Microsoft-Windows-StateRepository","RepositoryManagerServerUpgrade с параметрами: 0x1"
"05.09.2026 12:38:51","231","Подробно","Microsoft-Windows-StateRepository","RepositoryManagerServerUpgrade с параметрами: 0x1"
"05.09.2026 12:22:20","231","Подробно","Microsoft-Windows-StateRepository","RepositoryManagerServerUpgrade с параметрами: 0x1"
"05.09.2026 12:05:50","231","Подробно","Microsoft-Windows-StateRepository","RepositoryManagerServerUpgrade с параметрами: 0x1"
"05.09.2026 11:49:20","231","Подробно","Microsoft-Windows-StateRepository","RepositoryManagerServerUpgrade с параметрами: 0x1"
"05.09.2026 11:32:50","231","Подробно","Microsoft-Windows-StateRepository","RepositoryManagerServerUpgrade с параметрами: 0x1"
"05.09.2026 11:16:20","231","Подробно","Microsoft-Windows-StateRepository","RepositoryManagerServerUpgrade с параметрами: 0x1"
"05.09.2026 10:59:49","231","Подробно","Microsoft-Windows-StateRepository","RepositoryManagerServerUpgrade с параметрами: 0x1"
"05.09.2026 10:43:19","231","Подробно","Microsoft-Windows-StateRepository","RepositoryManagerServerUpgrade с параметрами: 0x1"
"05.09.2026 10:26:49","231","Подробно","Microsoft-Windows-StateRepository","RepositoryManagerServerUpgrade с параметрами: 0x1"
"05.09.2026 10:10:26","231","Подробно","Microsoft-Windows-StateRepository","RepositoryManagerServerUpgrade с параметрами: 0x1"
"05.09.2026 9:54:20","231","Подробно","Microsoft-Windows-StateRepository","RepositoryManagerServerUpgrade с параметрами: 0x1"
"05.09.2026 9:38:15","231","Подробно","Microsoft-Windows-StateRepository","RepositoryManagerServerUpgrade с параметрами: 0x1"
"05.09.2026 9:12:04","231","Подробно","Microsoft-Windows-StateRepository","RepositoryManagerServerUpgrade с параметрами: 0x1"
"05.09.2026 8:56:00","231","Подробно","Microsoft-Windows-StateRepository","RepositoryManagerServerUpgrade с параметрами: 0x1"
"05.09.2026 8:36:10","231","Подробно","Microsoft-Windows-StateRepository","RepositoryManagerServerUpgrade с параметрами: 0x1"
"05.09.2026 8:19:18","231","Подробно","Microsoft-Windows-StateRepository","RepositoryManagerServerUpgrade с параметрами: 0x1"
"05.09.2026 8:07:47","231","Подробно","Microsoft-Windows-StateRepository","RepositoryManagerServerUpgrade с параметрами: 0x1"
"05.09.2026 8:01:52","231","Подробно","Microsoft-Windows-StateRepository","RepositoryManagerServerUpgrade с параметрами: 0x1"
"05.09.2026 7:51:17","231","Подробно","Microsoft-Windows-StateRepository","RepositoryManagerServerUpgrade с параметрами: 0x1"
"05.09.2026 7:34:46","231","Подробно","Microsoft-Windows-StateRepository","RepositoryManagerServerUpgrade с параметрами: 0x1"
"05.09.2026 7:26:35","271","Подробно","Microsoft-Windows-StateRepository","Элемент SRCache успешно обновлен [параметры = 0x0]"
"05.09.2026 7:26:35","271","Подробно","Microsoft-Windows-StateRepository","Элемент SRCache успешно обновлен [параметры = 0x0]"
"05.09.2026 7:26:35","271","Подробно","Microsoft-Windows-StateRepository","Элемент SRCache успешно обновлен [параметры = 0x0]"
"05.09.2026 7:26:35","271","Подробно","Microsoft-Windows-StateRepository","Элемент SRCache успешно обновлен [параметры = 0x0]"
"05.09.2026 7:26:35","271","Подробно","Microsoft-Windows-StateRepository","Элемент SRCache успешно обновлен [параметры = 0x0]"
"05.09.2026 7:26:34","271","Подробно","Microsoft-Windows-StateRepository","Элемент SRCache успешно обновлен [параметры = 0x0]"
"05.09.2026 7:26:34","271","Подробно","Microsoft-Windows-StateRepository","Элемент SRCache успешно обновлен [параметры = 0x0]"
"05.09.2026 7:26:34","271","Подробно","Microsoft-Windows-StateRepository","Элемент SRCache успешно обновлен [параметры = 0x0]"
"05.09.2026 7:26:34","271","Подробно","Microsoft-Windows-StateRepository","Элемент SRCache успешно обновлен [параметры = 0x0]"
"05.09.2026 7:26:34","271","Подробно","Microsoft-Windows-StateRepository","Элемент SRCache успешно обновлен [параметры = 0x0]"
"05.09.2026 7:26:33","271","Подробно","Microsoft-Windows-StateRepository","Элемент SRCache успешно обновлен [параметры = 0x0]"
"05.09.2026 7:26:33","271","Подробно","Microsoft-Windows-StateRepository","Элемент SRCache успешно обновлен [параметры = 0x0]"
"05.09.2026 7:26:33","221","Подробно","Microsoft-Windows-StateRepository","Выполнена команда ANALYZE; статистика базы данных обновлена [Partition=2, ProcessId=7080]"
"05.09.2026 7:26:33","221","Подробно","Microsoft-Windows-StateRepository","Выполнена команда ANALYZE; статистика базы данных обновлена [Partition=1, ProcessId=7080]"
"05.09.2026 7:26:10","231","Подробно","Microsoft-Windows-StateRepository","RepositoryManagerServerUpgrade с параметрами: 0x1"
"05.09.2026 7:18:34","231","Подробно","Microsoft-Windows-StateRepository","RepositoryManagerServerUpgrade с параметрами: 0x1"
"05.09.2026 3:02:01","231","Подробно","Microsoft-Windows-StateRepository","RepositoryManagerServerUpgrade с параметрами: 0x1"
"05.09.2026 0:47:01","231","Подробно","Microsoft-Windows-StateRepository","RepositoryManagerServerUpgrade с параметрами: 0x1"
"05.09.2026 0:10:18","231","Подробно","Microsoft-Windows-StateRepository","RepositoryManagerServerUpgrade с параметрами: 0x1"
"04.09.2026 22:30:01","231","Подробно","Microsoft-Windows-StateRepository","RepositoryManagerServerUpgrade с параметрами: 0x1"
"04.09.2026 21:26:22","231","Подробно","Microsoft-Windows-StateRepository","RepositoryManagerServerUpgrade с параметрами: 0x1"
"04.09.2026 21:26:16","216","Сведения","Microsoft-Windows-StateRepository","Служба StateRepository запущена [ProcessId=4312]"
"04.09.2026 21:26:16","269","Подробно","Microsoft-Windows-StateRepository","Элемент SRCache успешно инициализирован [параметры = 0x0]"
"04.09.2026 21:26:15","245","Подробно","Microsoft-Windows-StateRepository","Обслуживание выполнено"
"04.09.2026 21:26:15","221","Подробно","Microsoft-Windows-StateRepository","Выполнена команда ANALYZE; статистика базы данных обновлена [Partition=2, ProcessId=4312]"
"04.09.2026 21:26:15","221","Подробно","Microsoft-Windows-StateRepository","Выполнена команда ANALYZE; статистика базы данных обновлена [Partition=2, ProcessId=4312]"
"04.09.2026 21:26:15","221","Подробно","Microsoft-Windows-StateRepository","Выполнена команда ANALYZE; статистика базы данных обновлена [Partition=2, ProcessId=4312]"
"04.09.2026 21:26:15","221","Подробно","Microsoft-Windows-StateRepository","Выполнена команда ANALYZE; статистика базы данных обновлена [Partition=2, ProcessId=4312]"
"04.09.2026 21:26:15","221","Подробно","Microsoft-Windows-StateRepository","Выполнена команда ANALYZE; статистика базы данных обновлена [Partition=2, ProcessId=4312]"
"04.09.2026 21:26:15","221","Подробно","Microsoft-Windows-StateRepository","Выполнена команда ANALYZE; статистика базы данных обновлена [Partition=2, ProcessId=4312]"
"04.09.2026 21:26:15","221","Подробно","Microsoft-Windows-StateRepository","Выполнена команда ANALYZE; статистика базы данных обновлена [Partition=2, ProcessId=4312]"
"04.09.2026 21:26:15","221","Подробно","Microsoft-Windows-StateRepository","Выполнена команда ANALYZE; статистика базы данных обновлена [Partition=2, ProcessId=4312]"
"04.09.2026 21:26:15","265","Подробно","Microsoft-Windows-StateRepository","Контрольная точка выполнена"
"04.09.2026 21:26:14","223","Сведения","Microsoft-Windows-StateRepository","Раздел StateRepository 2 существует и готов к использованию [SchemaVersion=21761]"
"04.09.2026 21:26:14","223","Сведения","Microsoft-Windows-StateRepository","Раздел StateRepository 1 существует и готов к использованию [SchemaVersion=21761]"
"04.09.2026 14:14:38","243","Подробно","Microsoft-Windows-StateRepository","Прошло 0 мс ожидания выполнения текущих запросов"
"04.09.2026 14:14:38","242","Подробно","Microsoft-Windows-StateRepository","Время ожидания выполнения текущих запросов: 5000 мс"
"04.09.2026 14:03:40","231","Подробно","Microsoft-Windows-StateRepository","RepositoryManagerServerUpgrade с параметрами: 0x1"
"04.09.2026 13:47:36","231","Подробно","Microsoft-Windows-StateRepository","RepositoryManagerServerUpgrade с параметрами: 0x1"
"04.09.2026 13:31:32","231","Подробно","Microsoft-Windows-StateRepository","RepositoryManagerServerUpgrade с параметрами: 0x1"
"04.09.2026 13:13:50","231","Подробно","Microsoft-Windows-StateRepository","RepositoryManagerServerUpgrade с параметрами: 0x1"
"04.09.2026 12:33:37","231","Подробно","Microsoft-Windows-StateRepository","RepositoryManagerServerUpgrade с параметрами: 0x1"
"04.09.2026 12:17:32","231","Подробно","Microsoft-Windows-StateRepository","RepositoryManagerServerUpgrade с параметрами: 0x1"
"04.09.2026 12:01:25","231","Подробно","Microsoft-Windows-StateRepository","RepositoryManagerServerUpgrade с параметрами: 0x1"
"04.09.2026 11:45:18","231","Подробно","Microsoft-Windows-StateRepository","RepositoryManagerServerUpgrade с параметрами: 0x1"
"04.09.2026 11:29:12","231","Подробно","Microsoft-Windows-StateRepository","RepositoryManagerServerUpgrade с параметрами: 0x1"
"04.09.2026 11:13:04","231","Подробно","Microsoft-Windows-StateRepository","RepositoryManagerServerUpgrade с параметрами: 0x1"
"04.09.2026 10:56:59","231","Подробно","Microsoft-Windows-StateRepository","RepositoryManagerServerUpgrade с параметрами: 0x1"
"04.09.2026 10:40:55","231","Подробно","Microsoft-Windows-StateRepository","RepositoryManagerServerUpgrade с параметрами: 0x1"
"04.09.2026 10:24:49","231","Подробно","Microsoft-Windows-StateRepository","RepositoryManagerServerUpgrade с параметрами: 0x1"
"04.09.2026 10:04:20","231","Подробно","Microsoft-Windows-StateRepository","RepositoryManagerServerUpgrade с параметрами: 0x1"
"04.09.2026 9:17:10","231","Подробно","Microsoft-Windows-StateRepository","RepositoryManagerServerUpgrade с параметрами: 0x1"
"04.09.2026 8:30:14","231","Подробно","Microsoft-Windows-StateRepository","RepositoryManagerServerUpgrade с параметрами: 0x1"
"04.09.2026 8:13:50","231","Подробно","Microsoft-Windows-StateRepository","RepositoryManagerServerUpgrade с параметрами: 0x1"
"04.09.2026 7:30:25","231","Подробно","Microsoft-Windows-StateRepository","RepositoryManagerServerUpgrade с параметрами: 0x1"
"04.09.2026 7:12:39","231","Подробно","Microsoft-Windows-StateRepository","RepositoryManagerServerUpgrade с параметрами: 0x1"
"04.09.2026 6:54:11","231","Подробно","Microsoft-Windows-StateRepository","RepositoryManagerServerUpgrade с параметрами: 0x1"
"04.09.2026 6:24:31","231","Подробно","Microsoft-Windows-StateRepository","RepositoryManagerServerUpgrade с параметрами: 0x1"
"04.09.2026 6:19:14","231","Подробно","Microsoft-Windows-StateRepository","RepositoryManagerServerUpgrade с параметрами: 0x1"
"04.09.2026 4:36:50","231","Подробно","Microsoft-Windows-StateRepository","RepositoryManagerServerUpgrade с параметрами: 0x1"
"04.09.2026 4:20:45","231","Подробно","Microsoft-Windows-StateRepository","RepositoryManagerServerUpgrade с параметрами: 0x1"
"04.09.2026 3:19:14","231","Подробно","Microsoft-Windows-StateRepository","RepositoryManagerServerUpgrade с параметрами: 0x1"
"04.09.2026 3:13:51","231","Подробно","Microsoft-Windows-StateRepository","RepositoryManagerServerUpgrade с параметрами: 0x1"
"04.09.2026 1:22:27","231","Подробно","Microsoft-Windows-StateRepository","RepositoryManagerServerUpgrade с параметрами: 0x1"
"04.09.2026 0:45:50","231","Подробно","Microsoft-Windows-StateRepository","RepositoryManagerServerUpgrade с параметрами: 0x1"
"03.09.2026 21:15:04","231","Подробно","Microsoft-Windows-StateRepository","RepositoryManagerServerUpgrade с параметрами: 0x1"
"03.09.2026 19:08:49","231","Подробно","Microsoft-Windows-StateRepository","RepositoryManagerServerUpgrade с параметрами: 0x1"
"03.09.2026 15:32:21","231","Подробно","Microsoft-Windows-StateRepository","RepositoryManagerServerUpgrade с параметрами: 0x1"
"03.09.2026 13:59:20","231","Подробно","Microsoft-Windows-StateRepository","RepositoryManagerServerUpgrade с параметрами: 0x1"
"03.09.2026 13:24:49","231","Подробно","Microsoft-Windows-StateRepository","RepositoryManagerServerUpgrade с параметрами: 0x1"
"03.09.2026 12:13:50","231","Подробно","Microsoft-Windows-StateRepository","RepositoryManagerServerUpgrade с параметрами: 0x1"
"03.09.2026 10:32:21","231","Подробно","Microsoft-Windows-StateRepository","RepositoryManagerServerUpgrade с параметрами: 0x1"
"03.09.2026 10:14:58","231","Подробно","Microsoft-Windows-StateRepository","RepositoryManagerServerUpgrade с параметрами: 0x1"
"03.09.2026 9:52:30","231","Подробно","Microsoft-Windows-StateRepository","RepositoryManagerServerUpgrade с параметрами: 0x1"
"03.09.2026 8:59:20","231","Подробно","Microsoft-Windows-StateRepository","RepositoryManagerServerUpgrade с параметрами: 0x1"
"03.09.2026 8:30:14","231","Подробно","Microsoft-Windows-StateRepository","RepositoryManagerServerUpgrade с параметрами: 0x1"
"03.09.2026 7:46:12","231","Подробно","Microsoft-Windows-StateRepository","RepositoryManagerServerUpgrade с параметрами: 0x1"
"03.09.2026 7:30:22","231","Подробно","Microsoft-Windows-StateRepository","RepositoryManagerServerUpgrade с параметрами: 0x1"
"03.09.2026 7:13:50","231","Подробно","Microsoft-Windows-StateRepository","RepositoryManagerServerUpgrade с параметрами: 0x1"
"03.09.2026 6:19:14","231","Подробно","Microsoft-Windows-StateRepository","RepositoryManagerServerUpgrade с параметрами: 0x1"
"03.09.2026 5:05:26","231","Подробно","Microsoft-Windows-StateRepository","RepositoryManagerServerUpgrade с параметрами: 0x1"
"03.09.2026 4:51:55","231","Подробно","Microsoft-Windows-StateRepository","RepositoryManagerServerUpgrade с параметрами: 0x1"
"03.09.2026 3:59:20","231","Подробно","Microsoft-Windows-StateRepository","RepositoryManagerServerUpgrade с параметрами: 0x1"
"03.09.2026 2:13:48","231","Подробно","Microsoft-Windows-StateRepository","RepositoryManagerServerUpgrade с параметрами: 0x1"
"03.09.2026 1:01:58","271","Подробно","Microsoft-Windows-StateRepository","Элемент SRCache успешно обновлен [параметры = 0x0]"
"03.09.2026 1:01:58","271","Подробно","Microsoft-Windows-StateRepository","Элемент SRCache успешно обновлен [параметры = 0x0]"
"03.09.2026 1:01:58","221","Подробно","Microsoft-Windows-StateRepository","Выполнена команда ANALYZE; статистика базы данных обновлена [Partition=2, ProcessId=25708]"
"03.09.2026 1:01:58","221","Подробно","Microsoft-Windows-StateRepository","Выполнена команда ANALYZE; статистика базы данных обновлена [Partition=1, ProcessId=25708]"
"03.09.2026 1:01:48","231","Подробно","Microsoft-Windows-StateRepository","RepositoryManagerServerUpgrade с параметрами: 0x1"
"03.09.2026 0:42:39","231","Подробно","Microsoft-Windows-StateRepository","RepositoryManagerServerUpgrade с параметрами: 0x1"
"02.09.2026 21:13:48","231","Подробно","Microsoft-Windows-StateRepository","RepositoryManagerServerUpgrade с параметрами: 0x1"
"02.09.2026 14:13:29","231","Подробно","Microsoft-Windows-StateRepository","RepositoryManagerServerUpgrade с параметрами: 0x1"
"02.09.2026 1:13:48","231","Подробно","Microsoft-Windows-StateRepository","RepositoryManagerServerUpgrade с параметрами: 0x1"
"02.09.2026 0:39:26","231","Подробно","Microsoft-Windows-StateRepository","RepositoryManagerServerUpgrade с параметрами: 0x1"
"01.09.2026 21:15:04","231","Подробно","Microsoft-Windows-StateRepository","RepositoryManagerServerUpgrade с параметрами: 0x1"
"01.09.2026 18:19:14","231","Подробно","Microsoft-Windows-StateRepository","RepositoryManagerServerUpgrade с параметрами: 0x1"
"01.09.2026 11:59:20","231","Подробно","Microsoft-Windows-StateRepository","RepositoryManagerServerUpgrade с параметрами: 0x1"
"01.09.2026 11:18:20","231","Подробно","Microsoft-Windows-StateRepository","RepositoryManagerServerUpgrade с параметрами: 0x1"
"01.09.2026 8:30:15","231","Подробно","Microsoft-Windows-StateRepository","RepositoryManagerServerUpgrade с параметрами: 0x1"
"01.09.2026 7:29:32","231","Подробно","Microsoft-Windows-StateRepository","RepositoryManagerServerUpgrade с параметрами: 0x1"
"01.09.2026 7:04:13","231","Подробно","Microsoft-Windows-StateRepository","RepositoryManagerServerUpgrade с параметрами: 0x1"
"01.09.2026 3:19:16","231","Подробно","Microsoft-Windows-StateRepository","RepositoryManagerServerUpgrade с параметрами: 0x1"
"01.09.2026 2:05:45","231","Подробно","Microsoft-Windows-StateRepository","RepositoryManagerServerUpgrade с параметрами: 0x1"
"01.09.2026 1:58:14","271","Подробно","Microsoft-Windows-StateRepository","Элемент SRCache успешно обновлен [параметры = 0x0]"
"01.09.2026 1:58:14","221","Подробно","Microsoft-Windows-StateRepository","Выполнена команда ANALYZE; статистика базы данных обновлена [Partition=1, ProcessId=7580]"
"01.09.2026 1:57:42","231","Подробно","Microsoft-Windows-StateRepository","RepositoryManagerServerUpgrade с параметрами: 0x1"
"01.09.2026 1:57:41","216","Сведения","Microsoft-Windows-StateRepository","Служба StateRepository запущена [ProcessId=4772]"
"01.09.2026 1:57:41","269","Подробно","Microsoft-Windows-StateRepository","Элемент SRCache успешно инициализирован [параметры = 0x0]"
"01.09.2026 1:57:41","245","Подробно","Microsoft-Windows-StateRepository","Обслуживание выполнено"
"01.09.2026 1:57:41","221","Подробно","Microsoft-Windows-StateRepository","Выполнена команда ANALYZE; статистика базы данных обновлена [Partition=2, ProcessId=4772]"
"01.09.2026 1:57:41","221","Подробно","Microsoft-Windows-StateRepository","Выполнена команда ANALYZE; статистика базы данных обновлена [Partition=2, ProcessId=4772]"
"01.09.2026 1:57:41","221","Подробно","Microsoft-Windows-StateRepository","Выполнена команда ANALYZE; статистика базы данных обновлена [Partition=2, ProcessId=4772]"
"01.09.2026 1:57:41","221","Подробно","Microsoft-Windows-StateRepository","Выполнена команда ANALYZE; статистика базы данных обновлена [Partition=2, ProcessId=4772]"
"01.09.2026 1:57:40","221","Подробно","Microsoft-Windows-StateRepository","Выполнена команда ANALYZE; статистика базы данных обновлена [Partition=2, ProcessId=4772]"
"01.09.2026 1:57:40","221","Подробно","Microsoft-Windows-StateRepository","Выполнена команда ANALYZE; статистика базы данных обновлена [Partition=2, ProcessId=4772]"
"01.09.2026 1:57:40","221","Подробно","Microsoft-Windows-StateRepository","Выполнена команда ANALYZE; статистика базы данных обновлена [Partition=2, ProcessId=4772]"
"01.09.2026 1:57:40","221","Подробно","Microsoft-Windows-StateRepository","Выполнена команда ANALYZE; статистика базы данных обновлена [Partition=2, ProcessId=4772]"
"01.09.2026 1:57:40","265","Подробно","Microsoft-Windows-StateRepository","Контрольная точка выполнена"
"01.09.2026 1:57:40","223","Сведения","Microsoft-Windows-StateRepository","Раздел StateRepository 2 существует и готов к использованию [SchemaVersion=21761]"
"01.09.2026 1:57:40","223","Сведения","Microsoft-Windows-StateRepository","Раздел StateRepository 1 существует и готов к использованию [SchemaVersion=21761]"
"01.09.2026 1:56:32","243","Подробно","Microsoft-Windows-StateRepository","Прошло 0 мс ожидания выполнения текущих запросов"
"01.09.2026 1:56:32","242","Подробно","Microsoft-Windows-StateRepository","Время ожидания выполнения текущих запросов: 5000 мс"
"01.09.2026 1:23:44","231","Подробно","Microsoft-Windows-StateRepository","RepositoryManagerServerUpgrade с параметрами: 0x1"
"01.09.2026 0:36:29","231","Подробно","Microsoft-Windows-StateRepository","RepositoryManagerServerUpgrade с параметрами: 0x1"
"31.08.2026 22:07:35","231","Подробно","Microsoft-Windows-StateRepository","RepositoryManagerServerUpgrade с параметрами: 0x1"
"31.08.2026 19:16:42","231","Подробно","Microsoft-Windows-StateRepository","RepositoryManagerServerUpgrade с параметрами: 0x1"
"31.08.2026 18:59:22","231","Подробно","Microsoft-Windows-StateRepository","RepositoryManagerServerUpgrade с параметрами: 0x1"
"31.08.2026 16:39:48","231","Подробно","Microsoft-Windows-StateRepository","RepositoryManagerServerUpgrade с параметрами: 0x1"
"31.08.2026 7:56:26","231","Подробно","Microsoft-Windows-StateRepository","RepositoryManagerServerUpgrade с параметрами: 0x1"
"31.08.2026 6:39:48","231","Подробно","Microsoft-Windows-StateRepository","RepositoryManagerServerUpgrade с параметрами: 0x1"
"31.08.2026 3:58:51","231","Подробно","Microsoft-Windows-StateRepository","RepositoryManagerServerUpgrade с параметрами: 0x1"
"31.08.2026 1:58:12","231","Подробно","Microsoft-Windows-StateRepository","RepositoryManagerServerUpgrade с параметрами: 0x1"
"31.08.2026 0:33:17","231","Подробно","Microsoft-Windows-StateRepository","RepositoryManagerServerUpgrade с параметрами: 0x1"
"30.08.2026 22:12:37","231","Подробно","Microsoft-Windows-StateRepository","RepositoryManagerServerUpgrade с параметрами: 0x1"
"30.08.2026 21:52:46","231","Подробно","Microsoft-Windows-StateRepository","RepositoryManagerServerUpgrade с параметрами: 0x1"
"30.08.2026 21:15:04","231","Подробно","Microsoft-Windows-StateRepository","RepositoryManagerServerUpgrade с параметрами: 0x1"
"30.08.2026 20:53:58","271","Подробно","Microsoft-Windows-StateRepository","Элемент SRCache успешно обновлен [параметры = 0x0]"
"30.08.2026 20:53:58","271","Подробно","Microsoft-Windows-StateRepository","Элемент SRCache успешно обновлен [параметры = 0x0]"
"30.08.2026 20:53:58","271","Подробно","Microsoft-Windows-StateRepository","Элемент SRCache успешно обновлен [параметры = 0x0]"
"30.08.2026 20:53:58","271","Подробно","Microsoft-Windows-StateRepository","Элемент SRCache успешно обновлен [параметры = 0x0]"
"30.08.2026 20:53:57","271","Подробно","Microsoft-Windows-StateRepository","Элемент SRCache успешно обновлен [параметры = 0x0]"
"30.08.2026 20:53:57","271","Подробно","Microsoft-Windows-StateRepository","Элемент SRCache успешно обновлен [параметры = 0x0]"
"30.08.2026 20:53:57","271","Подробно","Microsoft-Windows-StateRepository","Элемент SRCache успешно обновлен [параметры = 0x0]"
"30.08.2026 20:53:57","271","Подробно","Microsoft-Windows-StateRepository","Элемент SRCache успешно обновлен [параметры = 0x0]"
"30.08.2026 20:53:57","271","Подробно","Microsoft-Windows-StateRepository","Элемент SRCache успешно обновлен [параметры = 0x0]"
"30.08.2026 20:53:56","271","Подробно","Microsoft-Windows-StateRepository","Элемент SRCache успешно обновлен [параметры = 0x0]"
"30.08.2026 20:53:56","271","Подробно","Microsoft-Windows-StateRepository","Элемент SRCache успешно обновлен [параметры = 0x0]"
"30.08.2026 20:53:56","271","Подробно","Microsoft-Windows-StateRepository","Элемент SRCache успешно обновлен [параметры = 0x0]"
"30.08.2026 20:53:56","221","Подробно","Microsoft-Windows-StateRepository","Выполнена команда ANALYZE; статистика базы данных обновлена [Partition=2, ProcessId=25216]"
"30.08.2026 20:53:56","221","Подробно","Microsoft-Windows-StateRepository","Выполнена команда ANALYZE; статистика базы данных обновлена [Partition=1, ProcessId=25216]"
"30.08.2026 20:38:30","231","Подробно","Microsoft-Windows-StateRepository","RepositoryManagerServerUpgrade с параметрами: 0x1"
"30.08.2026 17:25:45","231","Подробно","Microsoft-Windows-StateRepository","RepositoryManagerServerUpgrade с параметрами: 0x1"
"30.08.2026 17:09:42","231","Подробно","Microsoft-Windows-StateRepository","RepositoryManagerServerUpgrade с параметрами: 0x1"
"30.08.2026 16:53:36","231","Подробно","Microsoft-Windows-StateRepository","RepositoryManagerServerUpgrade с параметрами: 0x1"
"30.08.2026 16:37:31","231","Подробно","Microsoft-Windows-StateRepository","RepositoryManagerServerUpgrade с параметрами: 0x1"
"30.08.2026 16:21:26","231","Подробно","Microsoft-Windows-StateRepository","RepositoryManagerServerUpgrade с параметрами: 0x1"
"30.08.2026 15:55:15","231","Подробно","Microsoft-Windows-StateRepository","RepositoryManagerServerUpgrade с параметрами: 0x1"
"30.08.2026 15:36:24","231","Подробно","Microsoft-Windows-StateRepository","RepositoryManagerServerUpgrade с параметрами: 0x1"
"30.08.2026 15:36:24","216","Сведения","Microsoft-Windows-StateRepository","Служба StateRepository запущена [ProcessId=3268]"
"30.08.2026 15:36:24","269","Подробно","Microsoft-Windows-StateRepository","Элемент SRCache успешно инициализирован [параметры = 0x0]"
"30.08.2026 15:36:23","245","Подробно","Microsoft-Windows-StateRepository","Обслуживание выполнено"
"30.08.2026 15:36:23","221","Подробно","Microsoft-Windows-StateRepository","Выполнена команда ANALYZE; статистика базы данных обновлена [Partition=2, ProcessId=3268]"
"30.08.2026 15:36:23","221","Подробно","Microsoft-Windows-StateRepository","Выполнена команда ANALYZE; статистика базы данных обновлена [Partition=2, ProcessId=3268]"
"30.08.2026 15:36:23","221","Подробно","Microsoft-Windows-StateRepository","Выполнена команда ANALYZE; статистика базы данных обновлена [Partition=2, ProcessId=3268]"
"30.08.2026 15:36:23","221","Подробно","Microsoft-Windows-StateRepository","Выполнена команда ANALYZE; статистика базы данных обновлена [Partition=2, ProcessId=3268]"
"30.08.2026 15:36:22","221","Подробно","Microsoft-Windows-StateRepository","Выполнена команда ANALYZE; статистика базы данных обновлена [Partition=2, ProcessId=3268]"
"30.08.2026 15:36:22","221","Подробно","Microsoft-Windows-StateRepository","Выполнена команда ANALYZE; статистика базы данных обновлена [Partition=2, ProcessId=3268]"
"30.08.2026 15:36:22","221","Подробно","Microsoft-Windows-StateRepository","Выполнена команда ANALYZE; статистика базы данных обновлена [Partition=2, ProcessId=3268]"
"30.08.2026 15:36:22","221","Подробно","Microsoft-Windows-StateRepository","Выполнена команда ANALYZE; статистика базы данных обновлена [Partition=2, ProcessId=3268]"
"30.08.2026 15:36:22","265","Подробно","Microsoft-Windows-StateRepository","Контрольная точка выполнена"
"30.08.2026 15:36:22","223","Сведения","Microsoft-Windows-StateRepository","Раздел StateRepository 2 существует и готов к использованию [SchemaVersion=21761]"
"30.08.2026 15:36:22","223","Сведения","Microsoft-Windows-StateRepository","Раздел StateRepository 1 существует и готов к использованию [SchemaVersion=21761]"
"30.08.2026 9:28:13","231","Подробно","Microsoft-Windows-StateRepository","RepositoryManagerServerUpgrade с параметрами: 0x1"
"30.08.2026 4:45:42","231","Подробно","Microsoft-Windows-StateRepository","RepositoryManagerServerUpgrade с параметрами: 0x1"
"30.08.2026 3:50:00","271","Подробно","Microsoft-Windows-StateRepository","Элемент SRCache успешно обновлен [параметры = 0x0]"
"30.08.2026 3:50:00","271","Подробно","Microsoft-Windows-StateRepository","Элемент SRCache успешно обновлен [параметры = 0x0]"
"30.08.2026 3:50:00","271","Подробно","Microsoft-Windows-StateRepository","Элемент SRCache успешно обновлен [параметры = 0x0]"
"30.08.2026 3:50:00","271","Подробно","Microsoft-Windows-StateRepository","Элемент SRCache успешно обновлен [параметры = 0x0]"
"30.08.2026 3:49:59","221","Подробно","Microsoft-Windows-StateRepository","Выполнена команда ANALYZE; статистика базы данных обновлена [Partition=2, ProcessId=32360]"
"30.08.2026 3:49:59","221","Подробно","Microsoft-Windows-StateRepository","Выполнена команда ANALYZE; статистика базы данных обновлена [Partition=1, ProcessId=32360]"
"30.08.2026 3:49:58","231","Подробно","Microsoft-Windows-StateRepository","RepositoryManagerServerUpgrade с параметрами: 0x1"
"30.08.2026 3:14:46","231","Подробно","Microsoft-Windows-StateRepository","RepositoryManagerServerUpgrade с параметрами: 0x1"
"30.08.2026 0:30:58","231","Подробно","Microsoft-Windows-StateRepository","RepositoryManagerServerUpgrade с параметрами: 0x1"
"29.08.2026 23:05:02","231","Подробно","Microsoft-Windows-StateRepository","RepositoryManagerServerUpgrade с параметрами: 0x1"
"29.08.2026 16:00:01","231","Подробно","Microsoft-Windows-StateRepository","RepositoryManagerServerUpgrade с параметрами: 0x1"
"29.08.2026 15:28:51","231","Подробно","Microsoft-Windows-StateRepository","RepositoryManagerServerUpgrade с параметрами: 0x1"
"29.08.2026 15:06:27","231","Подробно","Microsoft-Windows-StateRepository","RepositoryManagerServerUpgrade с параметрами: 0x1"
"29.08.2026 14:43:22","231","Подробно","Microsoft-Windows-StateRepository","RepositoryManagerServerUpgrade с параметрами: 0x1"
"29.08.2026 13:49:56","231","Подробно","Microsoft-Windows-StateRepository","RepositoryManagerServerUpgrade с параметрами: 0x1"
"29.08.2026 13:43:48","231","Подробно","Microsoft-Windows-StateRepository","RepositoryManagerServerUpgrade с параметрами: 0x1"
"29.08.2026 8:45:06","231","Подробно","Microsoft-Windows-StateRepository","RepositoryManagerServerUpgrade с параметрами: 0x1"
"29.08.2026 5:26:01","231","Подробно","Microsoft-Windows-StateRepository","RepositoryManagerServerUpgrade с параметрами: 0x1"
"29.08.2026 0:27:45","231","Подробно","Microsoft-Windows-StateRepository","RepositoryManagerServerUpgrade с параметрами: 0x1"
"29.08.2026 0:07:31","231","Подробно","Microsoft-Windows-StateRepository","RepositoryManagerServerUpgrade с параметрами: 0x1"
"28.08.2026 23:59:15","231","Подробно","Microsoft-Windows-StateRepository","RepositoryManagerServerUpgrade с параметрами: 0x1"
"28.08.2026 21:15:04","231","Подробно","Microsoft-Windows-StateRepository","RepositoryManagerServerUpgrade с параметрами: 0x1"
"28.08.2026 19:17:42","231","Подробно","Microsoft-Windows-StateRepository","RepositoryManagerServerUpgrade с параметрами: 0x1"
"28.08.2026 18:19:15","231","Подробно","Microsoft-Windows-StateRepository","RepositoryManagerServerUpgrade с параметрами: 0x1"
"28.08.2026 17:30:40","231","Подробно","Microsoft-Windows-StateRepository","RepositoryManagerServerUpgrade с параметрами: 0x1"
"28.08.2026 15:19:15","231","Подробно","Microsoft-Windows-StateRepository","RepositoryManagerServerUpgrade с параметрами: 0x1"
"28.08.2026 14:59:38","231","Подробно","Microsoft-Windows-StateRepository","RepositoryManagerServerUpgrade с параметрами: 0x1"
"28.08.2026 14:41:28","231","Подробно","Microsoft-Windows-StateRepository","RepositoryManagerServerUpgrade с параметрами: 0x1"
"28.08.2026 14:31:19","271","Подробно","Microsoft-Windows-StateRepository","Элемент SRCache успешно обновлен [параметры = 0x0]"
"28.08.2026 14:31:19","271","Подробно","Microsoft-Windows-StateRepository","Элемент SRCache успешно обновлен [параметры = 0x0]"
"28.08.2026 14:31:19","271","Подробно","Microsoft-Windows-StateRepository","Элемент SRCache успешно обновлен [параметры = 0x0]"
"28.08.2026 14:31:19","271","Подробно","Microsoft-Windows-StateRepository","Элемент SRCache успешно обновлен [параметры = 0x0]"
"28.08.2026 14:31:19","221","Подробно","Microsoft-Windows-StateRepository","Выполнена команда ANALYZE; статистика базы данных обновлена [Partition=2, ProcessId=18152]"
"28.08.2026 14:31:19","221","Подробно","Microsoft-Windows-StateRepository","Выполнена команда ANALYZE; статистика базы данных обновлена [Partition=1, ProcessId=18152]"
"28.08.2026 14:31:06","231","Подробно","Microsoft-Windows-StateRepository","RepositoryManagerServerUpgrade с параметрами: 0x1"
"28.08.2026 14:16:06","231","Подробно","Microsoft-Windows-StateRepository","RepositoryManagerServerUpgrade с параметрами: 0x1"
"28.08.2026 14:16:06","216","Сведения","Microsoft-Windows-StateRepository","Служба StateRepository запущена [ProcessId=4704]"
"28.08.2026 14:16:06","269","Подробно","Microsoft-Windows-StateRepository","Элемент SRCache успешно инициализирован [параметры = 0x0]"
"28.08.2026 14:16:05","245","Подробно","Microsoft-Windows-StateRepository","Обслуживание выполнено"
"28.08.2026 14:16:05","221","Подробно","Microsoft-Windows-StateRepository","Выполнена команда ANALYZE; статистика базы данных обновлена [Partition=2, ProcessId=4704]"
"28.08.2026 14:16:05","221","Подробно","Microsoft-Windows-StateRepository","Выполнена команда ANALYZE; статистика базы данных обновлена [Partition=2, ProcessId=4704]"
"28.08.2026 14:16:05","221","Подробно","Microsoft-Windows-StateRepository","Выполнена команда ANALYZE; статистика базы данных обновлена [Partition=2, ProcessId=4704]"
"28.08.2026 14:16:05","221","Подробно","Microsoft-Windows-StateRepository","Выполнена команда ANALYZE; статистика базы данных обновлена [Partition=2, ProcessId=4704]"
"28.08.2026 14:16:05","221","Подробно","Microsoft-Windows-StateRepository","Выполнена команда ANALYZE; статистика базы данных обновлена [Partition=2, ProcessId=4704]"
"28.08.2026 14:16:05","221","Подробно","Microsoft-Windows-StateRepository","Выполнена команда ANALYZE; статистика базы данных обновлена [Partition=2, ProcessId=4704]"
"28.08.2026 14:16:05","221","Подробно","Microsoft-Windows-StateRepository","Выполнена команда ANALYZE; статистика базы данных обновлена [Partition=2, ProcessId=4704]"
"28.08.2026 14:16:05","221","Подробно","Microsoft-Windows-StateRepository","Выполнена команда ANALYZE; статистика базы данных обновлена [Partition=2, ProcessId=4704]"
"28.08.2026 14:16:05","265","Подробно","Microsoft-Windows-StateRepository","Контрольная точка выполнена"
"28.08.2026 14:16:05","223","Сведения","Microsoft-Windows-StateRepository","Раздел StateRepository 2 существует и готов к использованию [SchemaVersion=21761]"
"28.08.2026 14:16:05","223","Сведения","Microsoft-Windows-StateRepository","Раздел StateRepository 1 существует и готов к использованию [SchemaVersion=21761]"
"28.08.2026 14:14:32","243","Подробно","Microsoft-Windows-StateRepository","Прошло 0 мс ожидания выполнения текущих запросов"
"28.08.2026 14:14:32","242","Подробно","Microsoft-Windows-StateRepository","Время ожидания выполнения текущих запросов: 5000 мс"
"28.08.2026 10:28:55","231","Подробно","Microsoft-Windows-StateRepository","RepositoryManagerServerUpgrade с параметрами: 0x1"
"28.08.2026 10:08:18","231","Подробно","Microsoft-Windows-StateRepository","RepositoryManagerServerUpgrade с параметрами: 0x1"
"28.08.2026 6:22:44","231","Подробно","Microsoft-Windows-StateRepository","RepositoryManagerServerUpgrade с параметрами: 0x1"
"28.08.2026 5:28:55","231","Подробно","Microsoft-Windows-StateRepository","RepositoryManagerServerUpgrade с параметрами: 0x1"
"28.08.2026 1:28:31","231","Подробно","Microsoft-Windows-StateRepository","RepositoryManagerServerUpgrade с параметрами: 0x1"
"28.08.2026 0:25:17","231","Подробно","Microsoft-Windows-StateRepository","RepositoryManagerServerUpgrade с параметрами: 0x1"
"27.08.2026 21:15:04","231","Подробно","Microsoft-Windows-StateRepository","RepositoryManagerServerUpgrade с параметрами: 0x1"
"27.08.2026 20:54:38","231","Подробно","Microsoft-Windows-StateRepository","RepositoryManagerServerUpgrade с параметрами: 0x1"
"27.08.2026 20:38:08","231","Подробно","Microsoft-Windows-StateRepository","RepositoryManagerServerUpgrade с параметрами: 0x1"
"27.08.2026 20:21:38","231","Подробно","Microsoft-Windows-StateRepository","RepositoryManagerServerUpgrade с параметрами: 0x1"
"27.08.2026 20:05:07","231","Подробно","Microsoft-Windows-StateRepository","RepositoryManagerServerUpgrade с параметрами: 0x1"
"27.08.2026 19:48:37","231","Подробно","Microsoft-Windows-StateRepository","RepositoryManagerServerUpgrade с параметрами: 0x1"
"27.08.2026 19:28:33","231","Подробно","Microsoft-Windows-StateRepository","RepositoryManagerServerUpgrade с параметрами: 0x1"
"27.08.2026 19:15:38","231","Подробно","Microsoft-Windows-StateRepository","RepositoryManagerServerUpgrade с параметрами: 0x1"
"27.08.2026 18:59:07","231","Подробно","Microsoft-Windows-StateRepository","RepositoryManagerServerUpgrade с параметрами: 0x1"
"27.08.2026 18:41:37","231","Подробно","Microsoft-Windows-StateRepository","RepositoryManagerServerUpgrade с параметрами: 0x1"
"27.08.2026 17:28:25","231","Подробно","Microsoft-Windows-StateRepository","RepositoryManagerServerUpgrade с параметрами: 0x1"
"27.08.2026 17:12:20","231","Подробно","Microsoft-Windows-StateRepository","RepositoryManagerServerUpgrade с параметрами: 0x1"
"27.08.2026 16:56:15","231","Подробно","Microsoft-Windows-StateRepository","RepositoryManagerServerUpgrade с параметрами: 0x1"
"27.08.2026 16:40:10","231","Подробно","Microsoft-Windows-StateRepository","RepositoryManagerServerUpgrade с параметрами: 0x1"
"27.08.2026 16:24:03","231","Подробно","Microsoft-Windows-StateRepository","RepositoryManagerServerUpgrade с параметрами: 0x1"
"27.08.2026 16:07:59","231","Подробно","Microsoft-Windows-StateRepository","RepositoryManagerServerUpgrade с параметрами: 0x1"
"27.08.2026 15:51:53","231","Подробно","Microsoft-Windows-StateRepository","RepositoryManagerServerUpgrade с параметрами: 0x1"
"27.08.2026 15:34:27","231","Подробно","Microsoft-Windows-StateRepository","RepositoryManagerServerUpgrade с параметрами: 0x1"
"27.08.2026 15:19:15","231","Подробно","Microsoft-Windows-StateRepository","RepositoryManagerServerUpgrade с параметрами: 0x1"
"27.08.2026 15:03:39","231","Подробно","Microsoft-Windows-StateRepository","RepositoryManagerServerUpgrade с параметрами: 0x1"
"27.08.2026 14:47:34","231","Подробно","Microsoft-Windows-StateRepository","RepositoryManagerServerUpgrade с параметрами: 0x1"
"27.08.2026 14:28:35","231","Подробно","Microsoft-Windows-StateRepository","RepositoryManagerServerUpgrade с параметрами: 0x1"
"27.08.2026 13:57:11","231","Подробно","Microsoft-Windows-StateRepository","RepositoryManagerServerUpgrade с параметрами: 0x1"
"27.08.2026 13:44:37","231","Подробно","Microsoft-Windows-StateRepository","RepositoryManagerServerUpgrade с параметрами: 0x1"
"27.08.2026 13:44:37","216","Сведения","Microsoft-Windows-StateRepository","Служба StateRepository запущена [ProcessId=4696]"
"27.08.2026 13:44:37","269","Подробно","Microsoft-Windows-StateRepository","Элемент SRCache успешно инициализирован [параметры = 0x0]"
"27.08.2026 13:44:36","245","Подробно","Microsoft-Windows-StateRepository","Обслуживание выполнено"
"27.08.2026 13:44:36","221","Подробно","Microsoft-Windows-StateRepository","Выполнена команда ANALYZE; статистика базы данных обновлена [Partition=2, ProcessId=4696]"
"27.08.2026 13:44:36","221","Подробно","Microsoft-Windows-StateRepository","Выполнена команда ANALYZE; статистика базы данных обновлена [Partition=2, ProcessId=4696]"
"27.08.2026 13:44:36","221","Подробно","Microsoft-Windows-StateRepository","Выполнена команда ANALYZE; статистика базы данных обновлена [Partition=2, ProcessId=4696]"
"27.08.2026 13:44:36","221","Подробно","Microsoft-Windows-StateRepository","Выполнена команда ANALYZE; статистика базы данных обновлена [Partition=2, ProcessId=4696]"
"27.08.2026 13:44:35","221","Подробно","Microsoft-Windows-StateRepository","Выполнена команда ANALYZE; статистика базы данных обновлена [Partition=2, ProcessId=4696]"
"27.08.2026 13:44:35","221","Подробно","Microsoft-Windows-StateRepository","Выполнена команда ANALYZE; статистика базы данных обновлена [Partition=2, ProcessId=4696]"
"27.08.2026 13:44:35","221","Подробно","Microsoft-Windows-StateRepository","Выполнена команда ANALYZE; статистика базы данных обновлена [Partition=2, ProcessId=4696]"
"27.08.2026 13:44:35","221","Подробно","Microsoft-Windows-StateRepository","Выполнена команда ANALYZE; статистика базы данных обновлена [Partition=2, ProcessId=4696]"
"27.08.2026 13:44:35","265","Подробно","Microsoft-Windows-StateRepository","Контрольная точка выполнена"
"27.08.2026 13:44:35","223","Сведения","Microsoft-Windows-StateRepository","Раздел StateRepository 2 существует и готов к использованию [SchemaVersion=21761]"
"27.08.2026 13:44:35","223","Сведения","Microsoft-Windows-StateRepository","Раздел StateRepository 1 существует и готов к использованию [SchemaVersion=21761]"
"27.08.2026 13:43:01","243","Подробно","Microsoft-Windows-StateRepository","Прошло 0 мс ожидания выполнения текущих запросов"
"27.08.2026 13:43:01","242","Подробно","Microsoft-Windows-StateRepository","Время ожидания выполнения текущих запросов: 5000 мс"
"27.08.2026 13:24:08","231","Подробно","Microsoft-Windows-StateRepository","RepositoryManagerServerUpgrade с параметрами: 0x1"
"27.08.2026 11:59:04","231","Подробно","Microsoft-Windows-StateRepository","RepositoryManagerServerUpgrade с параметрами: 0x1"
"27.08.2026 9:20:45","231","Подробно","Microsoft-Windows-StateRepository","RepositoryManagerServerUpgrade с параметрами: 0x1"
"27.08.2026 8:24:07","231","Подробно","Microsoft-Windows-StateRepository","RepositoryManagerServerUpgrade с параметрами: 0x1"
"27.08.2026 2:55:40","231","Подробно","Microsoft-Windows-StateRepository","RepositoryManagerServerUpgrade с параметрами: 0x1"
"27.08.2026 2:40:26","231","Подробно","Microsoft-Windows-StateRepository","RepositoryManagerServerUpgrade с параметрами: 0x1"
"27.08.2026 0:22:41","231","Подробно","Microsoft-Windows-StateRepository","RepositoryManagerServerUpgrade с параметрами: 0x1"
"26.08.2026 22:32:07","231","Подробно","Microsoft-Windows-StateRepository","RepositoryManagerServerUpgrade с параметрами: 0x1"
"26.08.2026 22:02:37","231","Подробно","Microsoft-Windows-StateRepository","RepositoryManagerServerUpgrade с параметрами: 0x1"
"26.08.2026 21:11:55","231","Подробно","Microsoft-Windows-StateRepository","RepositoryManagerServerUpgrade с параметрами: 0x1"
"26.08.2026 20:55:26","231","Подробно","Microsoft-Windows-StateRepository","RepositoryManagerServerUpgrade с параметрами: 0x1"
"26.08.2026 20:46:29","231","Подробно","Microsoft-Windows-StateRepository","RepositoryManagerServerUpgrade с параметрами: 0x1"
"26.08.2026 20:31:54","231","Подробно","Microsoft-Windows-StateRepository","RepositoryManagerServerUpgrade с параметрами: 0x1"
"26.08.2026 20:07:54","231","Подробно","Microsoft-Windows-StateRepository","RepositoryManagerServerUpgrade с параметрами: 0x1"
"26.08.2026 19:51:24","231","Подробно","Microsoft-Windows-StateRepository","RepositoryManagerServerUpgrade с параметрами: 0x1"
"26.08.2026 19:44:45","231","Подробно","Microsoft-Windows-StateRepository","RepositoryManagerServerUpgrade с параметрами: 0x1"
"26.08.2026 19:20:41","231","Подробно","Microsoft-Windows-StateRepository","RepositoryManagerServerUpgrade с параметрами: 0x1"
"26.08.2026 19:07:53","231","Подробно","Microsoft-Windows-StateRepository","RepositoryManagerServerUpgrade с параметрами: 0x1"
"26.08.2026 18:56:57","231","Подробно","Microsoft-Windows-StateRepository","RepositoryManagerServerUpgrade с параметрами: 0x1"
"26.08.2026 18:51:23","231","Подробно","Microsoft-Windows-StateRepository","RepositoryManagerServerUpgrade с параметрами: 0x1"
"26.08.2026 18:34:53","231","Подробно","Microsoft-Windows-StateRepository","RepositoryManagerServerUpgrade с параметрами: 0x1"
"26.08.2026 18:18:23","231","Подробно","Microsoft-Windows-StateRepository","RepositoryManagerServerUpgrade с параметрами: 0x1"
"26.08.2026 17:17:40","231","Подробно","Microsoft-Windows-StateRepository","RepositoryManagerServerUpgrade с параметрами: 0x1"
"26.08.2026 17:00:26","231","Подробно","Microsoft-Windows-StateRepository","RepositoryManagerServerUpgrade с параметрами: 0x1"
"26.08.2026 16:14:57","231","Подробно","Microsoft-Windows-StateRepository","RepositoryManagerServerUpgrade с параметрами: 0x1"
"26.08.2026 15:59:46","231","Подробно","Microsoft-Windows-StateRepository","RepositoryManagerServerUpgrade с параметрами: 0x1"
"26.08.2026 15:19:14","231","Подробно","Microsoft-Windows-StateRepository","RepositoryManagerServerUpgrade с параметрами: 0x1"
"26.08.2026 14:47:19","231","Подробно","Microsoft-Windows-StateRepository","RepositoryManagerServerUpgrade с параметрами: 0x1"
"26.08.2026 14:30:49","231","Подробно","Microsoft-Windows-StateRepository","RepositoryManagerServerUpgrade с параметрами: 0x1"
"26.08.2026 14:13:33","231","Подробно","Microsoft-Windows-StateRepository","RepositoryManagerServerUpgrade с параметрами: 0x1"
"26.08.2026 13:32:49","231","Подробно","Microsoft-Windows-StateRepository","RepositoryManagerServerUpgrade с параметрами: 0x1"
"26.08.2026 13:16:18","231","Подробно","Microsoft-Windows-StateRepository","RepositoryManagerServerUpgrade с параметрами: 0x1"
"26.08.2026 12:59:48","231","Подробно","Microsoft-Windows-StateRepository","RepositoryManagerServerUpgrade с параметрами: 0x1"
"26.08.2026 12:42:18","271","Подробно","Microsoft-Windows-StateRepository","Элемент SRCache успешно обновлен [параметры = 0x0]"
"26.08.2026 12:42:18","221","Подробно","Microsoft-Windows-StateRepository","Выполнена команда ANALYZE; статистика базы данных обновлена [Partition=2, ProcessId=8460]"
"26.08.2026 12:42:18","221","Подробно","Microsoft-Windows-StateRepository","Выполнена команда ANALYZE; статистика базы данных обновлена [Partition=1, ProcessId=8460]"
"26.08.2026 12:41:41","231","Подробно","Microsoft-Windows-StateRepository","RepositoryManagerServerUpgrade с параметрами: 0x1"
"26.08.2026 12:22:20","271","Подробно","Microsoft-Windows-StateRepository","Элемент SRCache успешно обновлен [параметры = 0x0]"
"26.08.2026 12:22:18","271","Подробно","Microsoft-Windows-StateRepository","Элемент SRCache успешно обновлен [параметры = 0x0]"
"26.08.2026 12:22:18","271","Подробно","Microsoft-Windows-StateRepository","Элемент SRCache успешно обновлен [параметры = 0x0]"
"26.08.2026 12:22:18","221","Подробно","Microsoft-Windows-StateRepository","Выполнена команда ANALYZE; статистика базы данных обновлена [Partition=2, ProcessId=21736]"
"26.08.2026 12:22:18","221","Подробно","Microsoft-Windows-StateRepository","Выполнена команда ANALYZE; статистика базы данных обновлена [Partition=1, ProcessId=21736]"
"26.08.2026 12:09:37","231","Подробно","Microsoft-Windows-StateRepository","RepositoryManagerServerUpgrade с параметрами: 0x1"
"26.08.2026 11:26:11","271","Подробно","Microsoft-Windows-StateRepository","Элемент SRCache успешно обновлен [параметры = 0x0]"
"26.08.2026 11:26:11","271","Подробно","Microsoft-Windows-StateRepository","Элемент SRCache успешно обновлен [параметры = 0x0]"
"26.08.2026 11:26:11","271","Подробно","Microsoft-Windows-StateRepository","Элемент SRCache успешно обновлен [параметры = 0x0]"
"26.08.2026 11:26:11","221","Подробно","Microsoft-Windows-StateRepository","Выполнена команда ANALYZE; статистика базы данных обновлена [Partition=2, ProcessId=7980]"
"26.08.2026 11:26:10","221","Подробно","Microsoft-Windows-StateRepository","Выполнена команда ANALYZE; статистика базы данных обновлена [Partition=1, ProcessId=7980]"
"26.08.2026 11:22:47","231","Подробно","Microsoft-Windows-StateRepository","RepositoryManagerServerUpgrade с параметрами: 0x1"
"26.08.2026 10:12:12","231","Подробно","Microsoft-Windows-StateRepository","RepositoryManagerServerUpgrade с параметрами: 0x1"
"26.08.2026 9:48:24","271","Подробно","Microsoft-Windows-StateRepository","Элемент SRCache успешно обновлен [параметры = 0x0]"
"26.08.2026 9:48:24","271","Подробно","Microsoft-Windows-StateRepository","Элемент SRCache успешно обновлен [параметры = 0x0]"
"26.08.2026 9:48:24","271","Подробно","Microsoft-Windows-StateRepository","Элемент SRCache успешно обновлен [параметры = 0x0]"
"26.08.2026 9:48:23","271","Подробно","Microsoft-Windows-StateRepository","Элемент SRCache успешно обновлен [параметры = 0x0]"
"26.08.2026 9:48:23","221","Подробно","Microsoft-Windows-StateRepository","Выполнена команда ANALYZE; статистика базы данных обновлена [Partition=2, ProcessId=2264]"
"26.08.2026 9:48:23","221","Подробно","Microsoft-Windows-StateRepository","Выполнена команда ANALYZE; статистика базы данных обновлена [Partition=1, ProcessId=2264]"
"26.08.2026 9:48:23","231","Подробно","Microsoft-Windows-StateRepository","RepositoryManagerServerUpgrade с параметрами: 0x1"
"26.08.2026 9:19:31","231","Подробно","Microsoft-Windows-StateRepository","RepositoryManagerServerUpgrade с параметрами: 0x1"
"26.08.2026 9:18:57","216","Сведения","Microsoft-Windows-StateRepository","Служба StateRepository запущена [ProcessId=4476]"
"26.08.2026 9:18:57","269","Подробно","Microsoft-Windows-StateRepository","Элемент SRCache успешно инициализирован [параметры = 0x0]"
"26.08.2026 9:18:56","245","Подробно","Microsoft-Windows-StateRepository","Обслуживание выполнено"
"26.08.2026 9:18:56","221","Подробно","Microsoft-Windows-StateRepository","Выполнена команда ANALYZE; статистика базы данных обновлена [Partition=2, ProcessId=4476]"
"26.08.2026 9:18:56","221","Подробно","Microsoft-Windows-StateRepository","Выполнена команда ANALYZE; статистика базы данных обновлена [Partition=2, ProcessId=4476]"
"26.08.2026 9:18:56","221","Подробно","Microsoft-Windows-StateRepository","Выполнена команда ANALYZE; статистика базы данных обновлена [Partition=2, ProcessId=4476]"
"26.08.2026 9:18:56","221","Подробно","Microsoft-Windows-StateRepository","Выполнена команда ANALYZE; статистика базы данных обновлена [Partition=2, ProcessId=4476]"
"26.08.2026 9:18:56","221","Подробно","Microsoft-Windows-StateRepository","Выполнена команда ANALYZE; статистика базы данных обновлена [Partition=2, ProcessId=4476]"
"26.08.2026 9:18:56","221","Подробно","Microsoft-Windows-StateRepository","Выполнена команда ANALYZE; статистика базы данных обновлена [Partition=2, ProcessId=4476]"
"26.08.2026 9:18:56","221","Подробно","Microsoft-Windows-StateRepository","Выполнена команда ANALYZE; статистика базы данных обновлена [Partition=2, ProcessId=4476]"
"26.08.2026 9:18:56","221","Подробно","Microsoft-Windows-StateRepository","Выполнена команда ANALYZE; статистика базы данных обновлена [Partition=2, ProcessId=4476]"
"26.08.2026 9:18:56","223","Сведения","Microsoft-Windows-StateRepository","Раздел StateRepository 2 существует и готов к использованию [SchemaVersion=21761]"
"26.08.2026 9:18:56","223","Сведения","Microsoft-Windows-StateRepository","Раздел StateRepository 1 существует и готов к использованию [SchemaVersion=21761]"
"26.08.2026 3:00:47","243","Подробно","Microsoft-Windows-StateRepository","Прошло 0 мс ожидания выполнения текущих запросов"
"26.08.2026 3:00:47","242","Подробно","Microsoft-Windows-StateRepository","Время ожидания выполнения текущих запросов: 5000 мс"
"26.08.2026 2:57:02","231","Подробно","Microsoft-Windows-StateRepository","RepositoryManagerServerUpgrade с параметрами: 0x1"
"26.08.2026 2:56:32","216","Сведения","Microsoft-Windows-StateRepository","Служба StateRepository запущена [ProcessId=4568]"
"26.08.2026 2:56:32","269","Подробно","Microsoft-Windows-StateRepository","Элемент SRCache успешно инициализирован [параметры = 0x0]"
"26.08.2026 2:56:31","245","Подробно","Microsoft-Windows-StateRepository","Обслуживание выполнено"
"26.08.2026 2:56:31","221","Подробно","Microsoft-Windows-StateRepository","Выполнена команда ANALYZE; статистика базы данных обновлена [Partition=2, ProcessId=4568]"
"26.08.2026 2:56:31","221","Подробно","Microsoft-Windows-StateRepository","Выполнена команда ANALYZE; статистика базы данных обновлена [Partition=2, ProcessId=4568]"
"26.08.2026 2:56:31","221","Подробно","Microsoft-Windows-StateRepository","Выполнена команда ANALYZE; статистика базы данных обновлена [Partition=2, ProcessId=4568]"
"26.08.2026 2:56:31","221","Подробно","Microsoft-Windows-StateRepository","Выполнена команда ANALYZE; статистика базы данных обновлена [Partition=2, ProcessId=4568]"
"26.08.2026 2:56:31","221","Подробно","Microsoft-Windows-StateRepository","Выполнена команда ANALYZE; статистика базы данных обновлена [Partition=2, ProcessId=4568]"
"26.08.2026 2:56:31","221","Подробно","Microsoft-Windows-StateRepository","Выполнена команда ANALYZE; статистика базы данных обновлена [Partition=2, ProcessId=4568]"
"26.08.2026 2:56:31","221","Подробно","Microsoft-Windows-StateRepository","Выполнена команда ANALYZE; статистика базы данных обновлена [Partition=2, ProcessId=4568]"
"26.08.2026 2:56:31","221","Подробно","Microsoft-Windows-StateRepository","Выполнена команда ANALYZE; статистика базы данных обновлена [Partition=2, ProcessId=4568]"
"26.08.2026 2:56:31","223","Сведения","Microsoft-Windows-StateRepository","Раздел StateRepository 2 существует и готов к использованию [SchemaVersion=21761]"
"26.08.2026 2:56:31","223","Сведения","Microsoft-Windows-StateRepository","Раздел StateRepository 1 существует и готов к использованию [SchemaVersion=21761]"
"26.08.2026 2:55:25","243","Подробно","Microsoft-Windows-StateRepository","Прошло 0 мс ожидания выполнения текущих запросов"
"26.08.2026 2:55:25","242","Подробно","Microsoft-Windows-StateRepository","Время ожидания выполнения текущих запросов: 5000 мс"
"26.08.2026 2:50:45","271","Подробно","Microsoft-Windows-StateRepository","Элемент SRCache успешно обновлен [параметры = 0x0]"
"26.08.2026 2:50:45","221","Подробно","Microsoft-Windows-StateRepository","Выполнена команда ANALYZE; статистика базы данных обновлена [Partition=2, ProcessId=21324]"
"26.08.2026 2:50:45","221","Подробно","Microsoft-Windows-StateRepository","Выполнена команда ANALYZE; статистика базы данных обновлена [Partition=1, ProcessId=21324]"
"26.08.2026 2:50:43","231","Подробно","Microsoft-Windows-StateRepository","RepositoryManagerServerUpgrade с параметрами: 0x1"
"26.08.2026 2:38:11","231","Подробно","Microsoft-Windows-StateRepository","RepositoryManagerServerUpgrade с параметрами: 0x1"
"26.08.2026 2:25:41","231","Подробно","Microsoft-Windows-StateRepository","RepositoryManagerServerUpgrade с параметрами: 0x1"
"26.08.2026 2:18:46","231","Подробно","Microsoft-Windows-StateRepository","RepositoryManagerServerUpgrade с параметрами: 0x1"
"26.08.2026 2:08:40","231","Подробно","Microsoft-Windows-StateRepository","RepositoryManagerServerUpgrade с параметрами: 0x1"
"26.08.2026 1:23:53","271","Подробно","Microsoft-Windows-StateRepository","Элемент SRCache успешно обновлен [параметры = 0x0]"
"26.08.2026 1:23:53","221","Подробно","Microsoft-Windows-StateRepository","Выполнена команда ANALYZE; статистика базы данных обновлена [Partition=2, ProcessId=27024]"
"26.08.2026 1:23:53","221","Подробно","Microsoft-Windows-StateRepository","Выполнена команда ANALYZE; статистика базы данных обновлена [Partition=1, ProcessId=27024]"
"26.08.2026 0:55:50","271","Подробно","Microsoft-Windows-StateRepository","Элемент SRCache успешно обновлен [параметры = 0x0]"
"26.08.2026 0:55:50","221","Подробно","Microsoft-Windows-StateRepository","Выполнена команда ANALYZE; статистика базы данных обновлена [Partition=2, ProcessId=27024]"
"26.08.2026 0:55:50","221","Подробно","Microsoft-Windows-StateRepository","Выполнена команда ANALYZE; статистика базы данных обновлена [Partition=1, ProcessId=27024]"
"26.08.2026 0:53:20","231","Подробно","Microsoft-Windows-StateRepository","RepositoryManagerServerUpgrade с параметрами: 0x1"
"26.08.2026 0:25:41","231","Подробно","Microsoft-Windows-StateRepository","RepositoryManagerServerUpgrade с параметрами: 0x1"
"26.08.2026 0:20:27","231","Подробно","Microsoft-Windows-StateRepository","RepositoryManagerServerUpgrade с параметрами: 0x1"
"25.08.2026 23:55:41","231","Подробно","Microsoft-Windows-StateRepository","RepositoryManagerServerUpgrade с параметрами: 0x1"
"25.08.2026 21:15:06","231","Подробно","Microsoft-Windows-StateRepository","RepositoryManagerServerUpgrade с параметрами: 0x1"
"25.08.2026 21:02:35","231","Подробно","Microsoft-Windows-StateRepository","RepositoryManagerServerUpgrade с параметрами: 0x1"
"25.08.2026 20:16:49","231","Подробно","Microsoft-Windows-StateRepository","RepositoryManagerServerUpgrade с параметрами: 0x1"
"25.08.2026 19:10:53","231","Подробно","Microsoft-Windows-StateRepository","RepositoryManagerServerUpgrade с параметрами: 0x1"
"25.08.2026 18:54:59","231","Подробно","Microsoft-Windows-StateRepository","RepositoryManagerServerUpgrade с параметрами: 0x1"
"25.08.2026 18:39:45","231","Подробно","Microsoft-Windows-StateRepository","RepositoryManagerServerUpgrade с параметрами: 0x1"
"25.08.2026 18:22:08","271","Подробно","Microsoft-Windows-StateRepository","Элемент SRCache успешно обновлен [параметры = 0x0]"
"25.08.2026 18:22:05","271","Подробно","Microsoft-Windows-StateRepository","Элемент SRCache успешно обновлен [параметры = 0x0]"
"25.08.2026 18:22:05","221","Подробно","Microsoft-Windows-StateRepository","Выполнена команда ANALYZE; статистика базы данных обновлена [Partition=2, ProcessId=15572]"
"25.08.2026 18:22:04","221","Подробно","Microsoft-Windows-StateRepository","Выполнена команда ANALYZE; статистика базы данных обновлена [Partition=1, ProcessId=15572]"
"25.08.2026 18:20:26","271","Подробно","Microsoft-Windows-StateRepository","Элемент SRCache успешно обновлен [параметры = 0x0]"
"25.08.2026 18:20:24","271","Подробно","Microsoft-Windows-StateRepository","Элемент SRCache успешно обновлен [параметры = 0x0]"
"25.08.2026 18:20:03","271","Подробно","Microsoft-Windows-StateRepository","Элемент SRCache успешно обновлен [параметры = 0x0]"
"25.08.2026 18:20:00","271","Подробно","Microsoft-Windows-StateRepository","Элемент SRCache успешно обновлен [параметры = 0x0]"
"25.08.2026 18:19:30","271","Подробно","Microsoft-Windows-StateRepository","Элемент SRCache успешно обновлен [параметры = 0x0]"
"25.08.2026 18:19:27","271","Подробно","Microsoft-Windows-StateRepository","Элемент SRCache успешно обновлен [параметры = 0x0]"
"25.08.2026 18:19:27","221","Подробно","Microsoft-Windows-StateRepository","Выполнена команда ANALYZE; статистика базы данных обновлена [Partition=2, ProcessId=15572]"
"25.08.2026 18:19:27","221","Подробно","Microsoft-Windows-StateRepository","Выполнена команда ANALYZE; статистика базы данных обновлена [Partition=1, ProcessId=15572]"
"25.08.2026 18:18:35","231","Подробно","Microsoft-Windows-StateRepository","RepositoryManagerServerUpgrade с параметрами: 0x1"
"25.08.2026 18:09:03","271","Подробно","Microsoft-Windows-StateRepository","Элемент SRCache успешно обновлен [параметры = 0x0]"
"25.08.2026 18:09:03","271","Подробно","Microsoft-Windows-StateRepository","Элемент SRCache успешно обновлен [параметры = 0x0]"
"25.08.2026 18:09:03","221","Подробно","Microsoft-Windows-StateRepository","Выполнена команда ANALYZE; статистика базы данных обновлена [Partition=2, ProcessId=2656]"
"25.08.2026 18:09:03","221","Подробно","Microsoft-Windows-StateRepository","Выполнена команда ANALYZE; статистика базы данных обновлена [Partition=1, ProcessId=2656]"
"25.08.2026 18:08:48","231","Подробно","Microsoft-Windows-StateRepository","RepositoryManagerServerUpgrade с параметрами: 0x1"
"25.08.2026 17:54:19","231","Подробно","Microsoft-Windows-StateRepository","RepositoryManagerServerUpgrade с параметрами: 0x1"
"25.08.2026 17:53:48","216","Сведения","Microsoft-Windows-StateRepository","Служба StateRepository запущена [ProcessId=4360]"
"25.08.2026 17:53:48","269","Подробно","Microsoft-Windows-StateRepository","Элемент SRCache успешно инициализирован [параметры = 0x0]"
"25.08.2026 17:53:47","245","Подробно","Microsoft-Windows-StateRepository","Обслуживание выполнено"
"25.08.2026 17:53:47","221","Подробно","Microsoft-Windows-StateRepository","Выполнена команда ANALYZE; статистика базы данных обновлена [Partition=2, ProcessId=4360]"
"25.08.2026 17:53:47","221","Подробно","Microsoft-Windows-StateRepository","Выполнена команда ANALYZE; статистика базы данных обновлена [Partition=2, ProcessId=4360]"
"25.08.2026 17:53:47","221","Подробно","Microsoft-Windows-StateRepository","Выполнена команда ANALYZE; статистика базы данных обновлена [Partition=2, ProcessId=4360]"
"25.08.2026 17:53:47","221","Подробно","Microsoft-Windows-StateRepository","Выполнена команда ANALYZE; статистика базы данных обновлена [Partition=2, ProcessId=4360]"
"25.08.2026 17:53:47","221","Подробно","Microsoft-Windows-StateRepository","Выполнена команда ANALYZE; статистика базы данных обновлена [Partition=2, ProcessId=4360]"
"25.08.2026 17:53:47","221","Подробно","Microsoft-Windows-StateRepository","Выполнена команда ANALYZE; статистика базы данных обновлена [Partition=2, ProcessId=4360]"
"25.08.2026 17:53:47","221","Подробно","Microsoft-Windows-StateRepository","Выполнена команда ANALYZE; статистика базы данных обновлена [Partition=2, ProcessId=4360]"
"25.08.2026 17:53:47","221","Подробно","Microsoft-Windows-StateRepository","Выполнена команда ANALYZE; статистика базы данных обновлена [Partition=2, ProcessId=4360]"
"25.08.2026 17:53:47","265","Подробно","Microsoft-Windows-StateRepository","Контрольная точка выполнена"
"25.08.2026 17:53:47","223","Сведения","Microsoft-Windows-StateRepository","Раздел StateRepository 2 существует и готов к использованию [SchemaVersion=21761]"
"25.08.2026 17:53:47","223","Сведения","Microsoft-Windows-StateRepository","Раздел StateRepository 1 существует и готов к использованию [SchemaVersion=21761]"
"25.08.2026 17:52:32","243","Подробно","Microsoft-Windows-StateRepository","Прошло 0 мс ожидания выполнения текущих запросов"
"25.08.2026 17:52:32","242","Подробно","Microsoft-Windows-StateRepository","Время ожидания выполнения текущих запросов: 5000 мс"
"25.08.2026 17:50:06","271","Подробно","Microsoft-Windows-StateRepository","Элемент SRCache успешно обновлен [параметры = 0x0]"
"25.08.2026 17:50:03","271","Подробно","Microsoft-Windows-StateRepository","Элемент SRCache успешно обновлен [параметры = 0x0]"
"25.08.2026 17:49:13","271","Подробно","Microsoft-Windows-StateRepository","Элемент SRCache успешно обновлен [параметры = 0x0]"
"25.08.2026 17:49:13","221","Подробно","Microsoft-Windows-StateRepository","Выполнена команда ANALYZE; статистика базы данных обновлена [Partition=2, ProcessId=30068]"
"25.08.2026 17:49:13","221","Подробно","Microsoft-Windows-StateRepository","Выполнена команда ANALYZE; статистика базы данных обновлена [Partition=1, ProcessId=30068]"
"25.08.2026 17:49:01","231","Подробно","Microsoft-Windows-StateRepository","RepositoryManagerServerUpgrade с параметрами: 0x1"
"25.08.2026 15:13:18","231","Подробно","Microsoft-Windows-StateRepository","RepositoryManagerServerUpgrade с параметрами: 0x1"
"25.08.2026 14:43:17","231","Подробно","Microsoft-Windows-StateRepository","RepositoryManagerServerUpgrade с параметрами: 0x1"
"25.08.2026 14:34:46","231","Подробно","Microsoft-Windows-StateRepository","RepositoryManagerServerUpgrade с параметрами: 0x1"
"25.08.2026 14:02:39","231","Подробно","Microsoft-Windows-StateRepository","RepositoryManagerServerUpgrade с параметрами: 0x1"
"25.08.2026 9:43:43","231","Подробно","Microsoft-Windows-StateRepository","RepositoryManagerServerUpgrade с параметрами: 0x1"
"25.08.2026 6:04:12","231","Подробно","Microsoft-Windows-StateRepository","RepositoryManagerServerUpgrade с параметрами: 0x1"
"25.08.2026 4:02:39","231","Подробно","Microsoft-Windows-StateRepository","RepositoryManagerServerUpgrade с параметрами: 0x1"
"25.08.2026 0:17:57","231","Подробно","Microsoft-Windows-StateRepository","RepositoryManagerServerUpgrade с параметрами: 0x1"
"24.08.2026 23:02:39","231","Подробно","Microsoft-Windows-StateRepository","RepositoryManagerServerUpgrade с параметрами: 0x1"
"24.08.2026 21:34:23","231","Подробно","Microsoft-Windows-StateRepository","RepositoryManagerServerUpgrade с параметрами: 0x1"
"24.08.2026 21:15:06","231","Подробно","Microsoft-Windows-StateRepository","RepositoryManagerServerUpgrade с параметрами: 0x1"
"24.08.2026 20:41:20","231","Подробно","Microsoft-Windows-StateRepository","RepositoryManagerServerUpgrade с параметрами: 0x1"
"24.08.2026 20:06:25","231","Подробно","Microsoft-Windows-StateRepository","RepositoryManagerServerUpgrade с параметрами: 0x1"
"24.08.2026 18:34:45","231","Подробно","Microsoft-Windows-StateRepository","RepositoryManagerServerUpgrade с параметрами: 0x1"
"24.08.2026 18:25:26","231","Подробно","Microsoft-Windows-StateRepository","RepositoryManagerServerUpgrade с параметрами: 0x1"
"24.08.2026 14:34:53","271","Подробно","Microsoft-Windows-StateRepository","Элемент SRCache успешно обновлен [параметры = 0x0]"
"24.08.2026 14:34:53","221","Подробно","Microsoft-Windows-StateRepository","Выполнена команда ANALYZE; статистика базы данных обновлена [Partition=2, ProcessId=24228]"
"24.08.2026 14:34:53","221","Подробно","Microsoft-Windows-StateRepository","Выполнена команда ANALYZE; статистика базы данных обновлена [Partition=1, ProcessId=24228]"
"24.08.2026 14:31:50","231","Подробно","Microsoft-Windows-StateRepository","RepositoryManagerServerUpgrade с параметрами: 0x1"
"24.08.2026 14:18:57","271","Подробно","Microsoft-Windows-StateRepository","Элемент SRCache успешно обновлен [параметры = 0x0]"
"24.08.2026 14:18:57","221","Подробно","Microsoft-Windows-StateRepository","Выполнена команда ANALYZE; статистика базы данных обновлена [Partition=2, ProcessId=28220]"
"24.08.2026 14:18:57","221","Подробно","Microsoft-Windows-StateRepository","Выполнена команда ANALYZE; статистика базы данных обновлена [Partition=1, ProcessId=28220]"
"24.08.2026 14:12:25","231","Подробно","Microsoft-Windows-StateRepository","RepositoryManagerServerUpgrade с параметрами: 0x1"
"24.08.2026 14:01:50","231","Подробно","Microsoft-Windows-StateRepository","RepositoryManagerServerUpgrade с параметрами: 0x1"
"24.08.2026 13:16:50","231","Подробно","Microsoft-Windows-StateRepository","RepositoryManagerServerUpgrade с параметрами: 0x1"
"24.08.2026 12:31:50","231","Подробно","Microsoft-Windows-StateRepository","RepositoryManagerServerUpgrade с параметрами: 0x1"
"24.08.2026 11:45:10","231","Подробно","Microsoft-Windows-StateRepository","RepositoryManagerServerUpgrade с параметрами: 0x1"
"24.08.2026 11:38:24","231","Подробно","Microsoft-Windows-StateRepository","RepositoryManagerServerUpgrade с параметрами: 0x1"
"24.08.2026 11:16:49","231","Подробно","Microsoft-Windows-StateRepository","RepositoryManagerServerUpgrade с параметрами: 0x1"
"24.08.2026 10:44:45","231","Подробно","Microsoft-Windows-StateRepository","RepositoryManagerServerUpgrade с параметрами: 0x1"
"24.08.2026 10:16:49","231","Подробно","Microsoft-Windows-StateRepository","RepositoryManagerServerUpgrade с параметрами: 0x1"
"24.08.2026 9:46:49","231","Подробно","Microsoft-Windows-StateRepository","RepositoryManagerServerUpgrade с параметрами: 0x1"
"24.08.2026 9:25:50","231","Подробно","Microsoft-Windows-StateRepository","RepositoryManagerServerUpgrade с параметрами: 0x1"
"24.08.2026 9:16:49","231","Подробно","Microsoft-Windows-StateRepository","RepositoryManagerServerUpgrade с параметрами: 0x1"
"24.08.2026 8:53:36","231","Подробно","Microsoft-Windows-StateRepository","RepositoryManagerServerUpgrade с параметрами: 0x1"
"24.08.2026 8:46:49","231","Подробно","Microsoft-Windows-StateRepository","RepositoryManagerServerUpgrade с параметрами: 0x1"
"24.08.2026 8:16:49","231","Подробно","Microsoft-Windows-StateRepository","RepositoryManagerServerUpgrade с параметрами: 0x1"
"24.08.2026 7:46:49","231","Подробно","Microsoft-Windows-StateRepository","RepositoryManagerServerUpgrade с параметрами: 0x1"
"24.08.2026 7:16:49","231","Подробно","Microsoft-Windows-StateRepository","RepositoryManagerServerUpgrade с параметрами: 0x1"
"24.08.2026 6:46:49","231","Подробно","Microsoft-Windows-StateRepository","RepositoryManagerServerUpgrade с параметрами: 0x1"
"24.08.2026 6:01:49","231","Подробно","Microsoft-Windows-StateRepository","RepositoryManagerServerUpgrade с параметрами: 0x1"
"24.08.2026 5:31:49","231","Подробно","Microsoft-Windows-StateRepository","RepositoryManagerServerUpgrade с параметрами: 0x1"
"24.08.2026 5:01:49","231","Подробно","Microsoft-Windows-StateRepository","RepositoryManagerServerUpgrade с параметрами: 0x1"
"24.08.2026 4:16:49","231","Подробно","Microsoft-Windows-StateRepository","RepositoryManagerServerUpgrade с параметрами: 0x1"
"24.08.2026 3:46:49","231","Подробно","Microsoft-Windows-StateRepository","RepositoryManagerServerUpgrade с параметрами: 0x1"
"24.08.2026 3:16:49","231","Подробно","Microsoft-Windows-StateRepository","RepositoryManagerServerUpgrade с параметрами: 0x1"
"24.08.2026 2:46:49","231","Подробно","Microsoft-Windows-StateRepository","RepositoryManagerServerUpgrade с параметрами: 0x1"
"24.08.2026 2:16:49","231","Подробно","Microsoft-Windows-StateRepository","RepositoryManagerServerUpgrade с параметрами: 0x1"
"24.08.2026 1:31:49","231","Подробно","Microsoft-Windows-StateRepository","RepositoryManagerServerUpgrade с параметрами: 0x1"
"24.08.2026 1:01:49","231","Подробно","Microsoft-Windows-StateRepository","RepositoryManagerServerUpgrade с параметрами: 0x1"
"24.08.2026 0:42:11","231","Подробно","Microsoft-Windows-StateRepository","RepositoryManagerServerUpgrade с параметрами: 0x1"
"24.08.2026 0:31:49","231","Подробно","Microsoft-Windows-StateRepository","RepositoryManagerServerUpgrade с параметрами: 0x1"
"24.08.2026 0:13:45","231","Подробно","Microsoft-Windows-StateRepository","RepositoryManagerServerUpgrade с параметрами: 0x1"
"24.08.2026 0:00:00","231","Подробно","Microsoft-Windows-StateRepository","RepositoryManagerServerUpgrade с параметрами: 0x1"
"23.08.2026 23:16:49","231","Подробно","Microsoft-Windows-StateRepository","RepositoryManagerServerUpgrade с параметрами: 0x1"
"23.08.2026 22:46:49","231","Подробно","Microsoft-Windows-StateRepository","RepositoryManagerServerUpgrade с параметрами: 0x1"
"23.08.2026 22:16:49","231","Подробно","Microsoft-Windows-StateRepository","RepositoryManagerServerUpgrade с параметрами: 0x1"
"23.08.2026 21:46:49","231","Подробно","Microsoft-Windows-StateRepository","RepositoryManagerServerUpgrade с параметрами: 0x1"
"23.08.2026 21:01:49","231","Подробно","Microsoft-Windows-StateRepository","RepositoryManagerServerUpgrade с параметрами: 0x1"
"23.08.2026 20:31:49","231","Подробно","Microsoft-Windows-StateRepository","RepositoryManagerServerUpgrade с параметрами: 0x1"
"23.08.2026 20:01:49","231","Подробно","Microsoft-Windows-StateRepository","RepositoryManagerServerUpgrade с параметрами: 0x1"
"23.08.2026 19:31:49","231","Подробно","Microsoft-Windows-StateRepository","RepositoryManagerServerUpgrade с параметрами: 0x1"
"23.08.2026 19:01:49","231","Подробно","Microsoft-Windows-StateRepository","RepositoryManagerServerUpgrade с параметрами: 0x1"
"23.08.2026 18:16:49","231","Подробно","Microsoft-Windows-StateRepository","RepositoryManagerServerUpgrade с параметрами: 0x1"
"23.08.2026 17:44:28","231","Подробно","Microsoft-Windows-StateRepository","RepositoryManagerServerUpgrade с параметрами: 0x1"
"23.08.2026 17:18:38","271","Подробно","Microsoft-Windows-StateRepository","Элемент SRCache успешно обновлен [параметры = 0x0]"
"23.08.2026 17:18:36","271","Подробно","Microsoft-Windows-StateRepository","Элемент SRCache успешно обновлен [параметры = 0x0]"
"23.08.2026 17:18:36","271","Подробно","Microsoft-Windows-StateRepository","Элемент SRCache успешно обновлен [параметры = 0x0]"
"23.08.2026 17:18:36","221","Подробно","Microsoft-Windows-StateRepository","Выполнена команда ANALYZE; статистика базы данных обновлена [Partition=2, ProcessId=1096]"
"23.08.2026 17:18:35","221","Подробно","Microsoft-Windows-StateRepository","Выполнена команда ANALYZE; статистика базы данных обновлена [Partition=1, ProcessId=1096]"
"23.08.2026 17:17:14","231","Подробно","Microsoft-Windows-StateRepository","RepositoryManagerServerUpgrade с параметрами: 0x1"
"23.08.2026 17:07:09","231","Подробно","Microsoft-Windows-StateRepository","RepositoryManagerServerUpgrade с параметрами: 0x1"
"23.08.2026 16:58:32","231","Подробно","Microsoft-Windows-StateRepository","RepositoryManagerServerUpgrade с параметрами: 0x1"
"23.08.2026 16:36:06","231","Подробно","Microsoft-Windows-StateRepository","RepositoryManagerServerUpgrade с параметрами: 0x1"
"23.08.2026 12:34:09","271","Подробно","Microsoft-Windows-StateRepository","Элемент SRCache успешно обновлен [параметры = 0x0]"
"23.08.2026 12:34:09","221","Подробно","Microsoft-Windows-StateRepository","Выполнена команда ANALYZE; статистика базы данных обновлена [Partition=2, ProcessId=5944]"
"23.08.2026 12:33:38","271","Подробно","Microsoft-Windows-StateRepository","Элемент SRCache успешно обновлен [параметры = 0x0]"
"23.08.2026 12:33:38","221","Подробно","Microsoft-Windows-StateRepository","Выполнена команда ANALYZE; статистика базы данных обновлена [Partition=1, ProcessId=5944]"
"23.08.2026 12:33:38","231","Подробно","Microsoft-Windows-StateRepository","RepositoryManagerServerUpgrade с параметрами: 0x1"
"23.08.2026 12:33:08","216","Сведения","Microsoft-Windows-StateRepository","Служба StateRepository запущена [ProcessId=4412]"
"23.08.2026 12:33:08","269","Подробно","Microsoft-Windows-StateRepository","Элемент SRCache успешно инициализирован [параметры = 0x0]"
"23.08.2026 12:33:07","245","Подробно","Microsoft-Windows-StateRepository","Обслуживание выполнено"
"23.08.2026 12:33:07","221","Подробно","Microsoft-Windows-StateRepository","Выполнена команда ANALYZE; статистика базы данных обновлена [Partition=2, ProcessId=4412]"
"23.08.2026 12:33:07","221","Подробно","Microsoft-Windows-StateRepository","Выполнена команда ANALYZE; статистика базы данных обновлена [Partition=2, ProcessId=4412]"
"23.08.2026 12:33:07","221","Подробно","Microsoft-Windows-StateRepository","Выполнена команда ANALYZE; статистика базы данных обновлена [Partition=2, ProcessId=4412]"
"23.08.2026 12:33:07","221","Подробно","Microsoft-Windows-StateRepository","Выполнена команда ANALYZE; статистика базы данных обновлена [Partition=2, ProcessId=4412]"
"23.08.2026 12:33:07","221","Подробно","Microsoft-Windows-StateRepository","Выполнена команда ANALYZE; статистика базы данных обновлена [Partition=2, ProcessId=4412]"
"23.08.2026 12:33:07","221","Подробно","Microsoft-Windows-StateRepository","Выполнена команда ANALYZE; статистика базы данных обновлена [Partition=2, ProcessId=4412]"
"23.08.2026 12:33:07","221","Подробно","Microsoft-Windows-StateRepository","Выполнена команда ANALYZE; статистика базы данных обновлена [Partition=2, ProcessId=4412]"
"23.08.2026 12:33:07","221","Подробно","Microsoft-Windows-StateRepository","Выполнена команда ANALYZE; статистика базы данных обновлена [Partition=2, ProcessId=4412]"
"23.08.2026 12:33:07","265","Подробно","Microsoft-Windows-StateRepository","Контрольная точка выполнена"
"23.08.2026 12:33:07","223","Сведения","Microsoft-Windows-StateRepository","Раздел StateRepository 2 существует и готов к использованию [SchemaVersion=21761]"
"23.08.2026 12:33:07","223","Сведения","Microsoft-Windows-StateRepository","Раздел StateRepository 1 существует и готов к использованию [SchemaVersion=21761]"
"23.08.2026 12:31:31","243","Подробно","Microsoft-Windows-StateRepository","Прошло 0 мс ожидания выполнения текущих запросов"
"23.08.2026 12:31:31","242","Подробно","Microsoft-Windows-StateRepository","Время ожидания выполнения текущих запросов: 5000 мс"
"23.08.2026 12:31:25","231","Подробно","Microsoft-Windows-StateRepository","RepositoryManagerServerUpgrade с параметрами: 0x1"
"23.08.2026 12:17:48","231","Подробно","Microsoft-Windows-StateRepository","RepositoryManagerServerUpgrade с параметрами: 0x1"
"23.08.2026 4:46:53","271","Подробно","Microsoft-Windows-StateRepository","Элемент SRCache успешно обновлен [параметры = 0x0]"
"23.08.2026 4:46:52","271","Подробно","Microsoft-Windows-StateRepository","Элемент SRCache успешно обновлен [параметры = 0x0]"
"23.08.2026 4:46:52","271","Подробно","Microsoft-Windows-StateRepository","Элемент SRCache успешно обновлен [параметры = 0x0]"
"23.08.2026 4:46:51","271","Подробно","Microsoft-Windows-StateRepository","Элемент SRCache успешно обновлен [параметры = 0x0]"
"23.08.2026 4:46:44","271","Подробно","Microsoft-Windows-StateRepository","Элемент SRCache успешно обновлен [параметры = 0x0]"
"23.08.2026 4:46:34","271","Подробно","Microsoft-Windows-StateRepository","Элемент SRCache успешно обновлен [параметры = 0x0]"
"23.08.2026 4:46:34","221","Подробно","Microsoft-Windows-StateRepository","Выполнена команда ANALYZE; статистика базы данных обновлена [Partition=2, ProcessId=59488]"
"23.08.2026 4:46:34","221","Подробно","Microsoft-Windows-StateRepository","Выполнена команда ANALYZE; статистика базы данных обновлена [Partition=1, ProcessId=59488]"
"23.08.2026 4:43:20","271","Подробно","Microsoft-Windows-StateRepository","Элемент SRCache успешно обновлен [параметры = 0x0]"
"23.08.2026 4:43:17","271","Подробно","Microsoft-Windows-StateRepository","Элемент SRCache успешно обновлен [параметры = 0x0]"
"23.08.2026 4:43:17","221","Подробно","Microsoft-Windows-StateRepository","Выполнена команда ANALYZE; статистика базы данных обновлена [Partition=2, ProcessId=59488]"
"23.08.2026 4:43:17","221","Подробно","Microsoft-Windows-StateRepository","Выполнена команда ANALYZE; статистика базы данных обновлена [Partition=1, ProcessId=59488]"
"23.08.2026 4:41:54","271","Подробно","Microsoft-Windows-StateRepository","Элемент SRCache успешно обновлен [параметры = 0x0]"
"23.08.2026 4:41:52","271","Подробно","Microsoft-Windows-StateRepository","Элемент SRCache успешно обновлен [параметры = 0x0]"
"23.08.2026 4:41:37","271","Подробно","Microsoft-Windows-StateRepository","Элемент SRCache успешно обновлен [параметры = 0x0]"
"23.08.2026 4:41:36","271","Подробно","Microsoft-Windows-StateRepository","Элемент SRCache успешно обновлен [параметры = 0x0]"
"23.08.2026 4:41:35","271","Подробно","Microsoft-Windows-StateRepository","Элемент SRCache успешно обновлен [параметры = 0x0]"
"23.08.2026 4:41:35","221","Подробно","Microsoft-Windows-StateRepository","Выполнена команда ANALYZE; статистика базы данных обновлена [Partition=2, ProcessId=59488]"
"23.08.2026 4:41:35","221","Подробно","Microsoft-Windows-StateRepository","Выполнена команда ANALYZE; статистика базы данных обновлена [Partition=1, ProcessId=59488]"
"23.08.2026 4:41:22","231","Подробно","Microsoft-Windows-StateRepository","RepositoryManagerServerUpgrade с параметрами: 0x1"
"23.08.2026 2:17:48","231","Подробно","Microsoft-Windows-StateRepository","RepositoryManagerServerUpgrade с параметрами: 0x1"
"23.08.2026 0:13:06","231","Подробно","Microsoft-Windows-StateRepository","RepositoryManagerServerUpgrade с параметрами: 0x1"
"22.08.2026 23:40:56","231","Подробно","Microsoft-Windows-StateRepository","RepositoryManagerServerUpgrade с параметрами: 0x1"
"22.08.2026 21:15:06","231","Подробно","Microsoft-Windows-StateRepository","RepositoryManagerServerUpgrade с параметрами: 0x1"
"22.08.2026 19:48:45","271","Подробно","Microsoft-Windows-StateRepository","Элемент SRCache успешно обновлен [параметры = 0x0]"
"22.08.2026 19:48:45","271","Подробно","Microsoft-Windows-StateRepository","Элемент SRCache успешно обновлен [параметры = 0x0]"
"22.08.2026 19:48:44","271","Подробно","Microsoft-Windows-StateRepository","Элемент SRCache успешно обновлен [параметры = 0x0]"
"22.08.2026 19:48:44","271","Подробно","Microsoft-Windows-StateRepository","Элемент SRCache успешно обновлен [параметры = 0x0]"
"22.08.2026 19:48:44","221","Подробно","Microsoft-Windows-StateRepository","Выполнена команда ANALYZE; статистика базы данных обновлена [Partition=2, ProcessId=11824]"
"22.08.2026 19:48:44","221","Подробно","Microsoft-Windows-StateRepository","Выполнена команда ANALYZE; статистика базы данных обновлена [Partition=1, ProcessId=11824]"
"22.08.2026 19:48:43","231","Подробно","Microsoft-Windows-StateRepository","RepositoryManagerServerUpgrade с параметрами: 0x1"
"22.08.2026 16:50:37","231","Подробно","Microsoft-Windows-StateRepository","RepositoryManagerServerUpgrade с параметрами: 0x1"
"22.08.2026 16:17:53","231","Подробно","Microsoft-Windows-StateRepository","RepositoryManagerServerUpgrade с параметрами: 0x1"
"22.08.2026 14:04:52","231","Подробно","Microsoft-Windows-StateRepository","RepositoryManagerServerUpgrade с параметрами: 0x1"
"22.08.2026 13:46:28","231","Подробно","Microsoft-Windows-StateRepository","RepositoryManagerServerUpgrade с параметрами: 0x1"
"22.08.2026 12:57:53","271","Подробно","Microsoft-Windows-StateRepository","Элемент SRCache успешно обновлен [параметры = 0x0]"
"22.08.2026 12:57:53","271","Подробно","Microsoft-Windows-StateRepository","Элемент SRCache успешно обновлен [параметры = 0x0]"
"22.08.2026 12:57:53","221","Подробно","Microsoft-Windows-StateRepository","Выполнена команда ANALYZE; статистика базы данных обновлена [Partition=2, ProcessId=34852]"
"22.08.2026 12:57:52","221","Подробно","Microsoft-Windows-StateRepository","Выполнена команда ANALYZE; статистика базы данных обновлена [Partition=1, ProcessId=34852]"
"22.08.2026 12:53:55","231","Подробно","Microsoft-Windows-StateRepository","RepositoryManagerServerUpgrade с параметрами: 0x1"
"22.08.2026 9:13:10","231","Подробно","Microsoft-Windows-StateRepository","RepositoryManagerServerUpgrade с параметрами: 0x1"
"22.08.2026 7:44:17","231","Подробно","Microsoft-Windows-StateRepository","RepositoryManagerServerUpgrade с параметрами: 0x1"
"22.08.2026 6:41:57","231","Подробно","Microsoft-Windows-StateRepository","RepositoryManagerServerUpgrade с параметрами: 0x1"
"22.08.2026 6:34:27","271","Подробно","Microsoft-Windows-StateRepository","Элемент SRCache успешно обновлен [параметры = 0x0]"
"22.08.2026 6:34:27","271","Подробно","Microsoft-Windows-StateRepository","Элемент SRCache успешно обновлен [параметры = 0x0]"
"22.08.2026 6:34:27","271","Подробно","Microsoft-Windows-StateRepository","Элемент SRCache успешно обновлен [параметры = 0x0]"
"22.08.2026 6:34:26","271","Подробно","Microsoft-Windows-StateRepository","Элемент SRCache успешно обновлен [параметры = 0x0]"
"22.08.2026 6:34:26","271","Подробно","Microsoft-Windows-StateRepository","Элемент SRCache успешно обновлен [параметры = 0x0]"
"22.08.2026 6:34:26","271","Подробно","Microsoft-Windows-StateRepository","Элемент SRCache успешно обновлен [параметры = 0x0]"
"22.08.2026 6:34:26","271","Подробно","Microsoft-Windows-StateRepository","Элемент SRCache успешно обновлен [параметры = 0x0]"
"22.08.2026 6:34:26","271","Подробно","Microsoft-Windows-StateRepository","Элемент SRCache успешно обновлен [параметры = 0x0]"
"22.08.2026 6:34:26","271","Подробно","Microsoft-Windows-StateRepository","Элемент SRCache успешно обновлен [параметры = 0x0]"
"22.08.2026 6:34:26","271","Подробно","Microsoft-Windows-StateRepository","Элемент SRCache успешно обновлен [параметры = 0x0]"
"22.08.2026 6:34:25","271","Подробно","Microsoft-Windows-StateRepository","Элемент SRCache успешно обновлен [параметры = 0x0]"
"22.08.2026 6:34:25","271","Подробно","Microsoft-Windows-StateRepository","Элемент SRCache успешно обновлен [параметры = 0x0]"
"22.08.2026 6:34:25","267","Сведения","Microsoft-Windows-StateRepository","Недопустимые внешние ключи, исправленные для Package: 1.(Non-Inbox) Package rows w/no PackageUser references [Имя файла = C:\ProgramData\Microsoft\Windows\AppRepository\StateRepository-Machine.srd]"
"22.08.2026 6:34:25","271","Подробно","Microsoft-Windows-StateRepository","Элемент SRCache успешно обновлен [параметры = 0x0]"
"22.08.2026 6:34:24","271","Подробно","Microsoft-Windows-StateRepository","Элемент SRCache успешно обновлен [параметры = 0x0]"
"22.08.2026 6:34:24","271","Подробно","Microsoft-Windows-StateRepository","Элемент SRCache успешно обновлен [параметры = 0x0]"
"22.08.2026 6:34:24","221","Подробно","Microsoft-Windows-StateRepository","Выполнена команда ANALYZE; статистика базы данных обновлена [Partition=2, ProcessId=42676]"
"22.08.2026 6:34:24","221","Подробно","Microsoft-Windows-StateRepository","Выполнена команда ANALYZE; статистика базы данных обновлена [Partition=1, ProcessId=42676]"
"22.08.2026 6:33:54","231","Подробно","Microsoft-Windows-StateRepository","RepositoryManagerServerUpgrade с параметрами: 0x1"
"22.08.2026 6:15:52","231","Подробно","Microsoft-Windows-StateRepository","RepositoryManagerServerUpgrade с параметрами: 0x1"
"22.08.2026 6:08:47","231","Подробно","Microsoft-Windows-StateRepository","RepositoryManagerServerUpgrade с параметрами: 0x1"
"22.08.2026 1:17:49","231","Подробно","Microsoft-Windows-StateRepository","RepositoryManagerServerUpgrade с параметрами: 0x1"
"22.08.2026 0:08:56","231","Подробно","Microsoft-Windows-StateRepository","RepositoryManagerServerUpgrade с параметрами: 0x1"
"21.08.2026 21:55:06","231","Подробно","Microsoft-Windows-StateRepository","RepositoryManagerServerUpgrade с параметрами: 0x1"
"21.08.2026 19:37:29","231","Подробно","Microsoft-Windows-StateRepository","RepositoryManagerServerUpgrade с параметрами: 0x1"
